sample,timestamp_monotonic_s,phase,tx_target_position_rad,tx_velocity_limit_rad_s,tx_can_id_hex,tx_payload_hex,feedback_position_rad,feedback_velocity_rad_s,feedback_torque_protocol,feedback_state,feedback_state_name,mos_temperature_c,coil_temperature_c,feedback_age_ms,tx_period_ms,tx_jitter_ms
0,1813674.993123734,INITIAL_HOLD,1.12592507820249,0,0x101,501E903F00000000,,,,,,,,,,0.002366
1,1813675.003213005,INITIAL_HOLD,1.12592507820249,0,0x101,501E903F00000000,,,,,,,,,10.086507,0.091416
2,1813675.013280858,INITIAL_HOLD,1.12592507820249,0,0x101,501E903F00000000,,,,,,,,,10.064950,0.159130
3,1813675.023288472,INITIAL_HOLD,1.12592507820249,0,0x101,501E903F00000000,,,,,,,,,10.004925,0.166958
4,1813675.033286123,INITIAL_HOLD,1.12592507820249,0,0x101,501E903F00000000,,,,,,,,,9.995274,0.164921
5,1813675.043314007,INITIAL_HOLD,1.12592507820249,0,0x101,501E903F00000000,,,,,,,,,10.025448,0.192746
6,1813675.053220269,INITIAL_HOLD,1.12592507820249,0,0x101,501E903F00000000,,,,,,,,,9.897957,0.093139
7,1813675.063235448,INITIAL_HOLD,1.12592507820249,0,0x101,501E903F00000000,,,,,,,,,10.012169,0.113613
8,1813675.073420611,INITIAL_HOLD,1.12592507820249,0,0x101,501E903F00000000,,,,,,,,,10.176130,0.292753
9,1813675.083400056,INITIAL_HOLD,1.12592507820249,0,0x101,501E903F00000000,,,,,,,,,9.970548,0.272334
10,1813675.093266940,INITIAL_HOLD,1.12592507820249,0,0x101,501E903F00000000,1.1263065537499,-0.0109890109890074,-0.00244200244200243,1,ENABLED,41,38,1.724684,9.857299,0.138530
11,1813675.103365411,INITIAL_HOLD,1.12592507820249,0,0x101,501E903F00000000,1.1263065537499,-0.0109890109890074,-0.00244200244200243,1,ENABLED,41,38,11.792056,10.083663,0.231778
12,1813675.113297732,INITIAL_HOLD,1.12592507820249,0,0x101,501E903F00000000,1.1263065537499,-0.0109890109890074,-0.00244200244200243,1,ENABLED,41,38,21.853119,9.922842,0.169428
13,1813675.123193708,INITIAL_HOLD,1.12592507820249,0,0x101,501E903F00000000,1.1263065537499,-0.0109890109890074,-0.00244200244200243,1,ENABLED,41,38,31.534291,9.889332,0.068239
14,1813675.133184433,INITIAL_HOLD,1.12592507820249,0,0x101,501E903F00000000,1.1263065537499,-0.0109890109890074,-0.00244200244200243,1,ENABLED,41,38,41.548193,9.986726,0.061609
15,1813675.143392478,INITIAL_HOLD,1.12592507820249,0,0x101,501E903F00000000,1.1263065537499,-0.0109890109890074,-0.00244200244200243,1,ENABLED,41,38,51.921829,10.198974,0.264582
16,1813675.153415382,INITIAL_HOLD,1.12592507820249,0,0x101,501E903F00000000,1.1263065537499,-0.0109890109890074,-0.00244200244200243,1,ENABLED,41,38,61.835994,10.013862,0.287515
17,1813675.163292720,INITIAL_HOLD,1.12592507820249,0,0x101,501E903F00000000,1.1263065537499,-0.0109890109890074,-0.00244200244200243,1,ENABLED,41,38,71.663726,9.868596,0.165153
18,1813675.173353035,INITIAL_HOLD,1.12592507820249,0,0x101,501E903F00000000,1.1263065537499,-0.0109890109890074,-0.00244200244200243,1,ENABLED,41,38,81.979481,10.050383,0.224278
19,1813675.183414252,INITIAL_HOLD,1.12592507820249,0,0x101,501E903F00000000,1.1263065537499,-0.0109890109890074,-0.00244200244200243,1,ENABLED,41,38,91.774294,10.052151,0.286361
20,1813675.193204783,PLUS_5_MOTION,1.2131915408022,0.174532925199433,0x101,DC499B3FC2B8323E,1.12554360265507,-0.0109890109890074,-0.00244200244200243,1,ENABLED,41,38,1.111319,9.781913,0.077340
21,1813675.203332678,PLUS_5_MOTION,1.2131915408022,0.174532925199433,0x101,DC499B3FC2B8323E,1.12554360265507,-0.0109890109890074,-0.00244200244200243,1,ENABLED,41,38,11.190163,10.124110,0.210068
22,1813675.213321553,PLUS_5_MOTION,1.2131915408022,0.174532925199433,0x101,DC499B3FC2B8323E,1.12554360265507,-0.0109890109890074,-0.00244200244200243,1,ENABLED,41,38,21.303787,9.980195,0.194048
23,1813675.223306225,PLUS_5_MOTION,1.2131915408022,0.174532925199433,0x101,DC499B3FC2B8323E,1.12554360265507,-0.0109890109890074,-0.00244200244200243,1,ENABLED,41,38,31.261847,9.975593,0.178321
24,1813675.233351967,PLUS_5_MOTION,1.2131915408022,0.174532925199433,0x101,DC499B3FC2B8323E,1.12554360265507,-0.0109890109890074,-0.00244200244200243,1,ENABLED,41,38,41.167506,10.036662,0.224062
25,1813675.243195611,PLUS_5_MOTION,1.2131915408022,0.174532925199433,0x101,DC499B3FC2B8323E,1.12554360265507,-0.0109890109890074,-0.00244200244200243,1,ENABLED,41,38,50.961576,9.834880,0.068022
26,1813675.253396910,PLUS_5_MOTION,1.2131915408022,0.174532925199433,0x101,DC499B3FC2B8323E,1.12554360265507,-0.0109890109890074,-0.00244200244200243,1,ENABLED,41,38,61.153694,10.192339,0.269125
27,1813675.263200895,PLUS_5_MOTION,1.2131915408022,0.174532925199433,0x101,DC499B3FC2B8323E,1.12554360265507,-0.0109890109890074,-0.00244200244200243,1,ENABLED,41,38,70.923864,9.794119,0.072204
28,1813675.273212611,PLUS_5_MOTION,1.2131915408022,0.174532925199433,0x101,DC499B3FC2B8323E,1.12554360265507,-0.0109890109890074,-0.00244200244200243,1,ENABLED,41,38,81.046296,10.006470,0.088540
29,1813675.283392431,PLUS_5_MOTION,1.2131915408022,0.174532925199433,0x101,DC499B3FC2B8323E,1.12554360265507,-0.0109890109890074,-0.00244200244200243,1,ENABLED,41,38,91.247227,10.170931,0.264717
30,1813675.293314658,PLUS_5_MOTION,1.2131915408022,0.174532925199433,0x101,DC499B3FC2B8323E,1.13584344243534,0.186813186813183,0.00244200244200243,1,ENABLED,41,38,0.482215,9.918332,0.191938
31,1813675.303315687,PLUS_5_MOTION,1.2131915408022,0.174532925199433,0x101,DC499B3FC2B8323E,1.13584344243534,0.186813186813183,0.00244200244200243,1,ENABLED,41,38,10.585753,9.998472,0.194305
32,1813675.313317523,PLUS_5_MOTION,1.2131915408022,0.174532925199433,0x101,DC499B3FC2B8323E,1.13584344243534,0.186813186813183,0.00244200244200243,1,ENABLED,41,38,20.498605,9.992208,0.189070
33,1813675.323309329,PLUS_5_MOTION,1.2131915408022,0.174532925199433,0x101,DC499B3FC2B8323E,1.13584344243534,0.186813186813183,0.00244200244200243,1,ENABLED,41,38,30.584672,9.987180,0.185878
34,1813675.333238300,PLUS_5_MOTION,1.2131915408022,0.174532925199433,0x101,DC499B3FC2B8323E,1.13584344243534,0.186813186813183,0.00244200244200243,1,ENABLED,41,38,40.367949,9.919752,0.110256
35,1813675.343413717,PLUS_5_MOTION,1.2131915408022,0.174532925199433,0x101,DC499B3FC2B8323E,1.13584344243534,0.186813186813183,0.00244200244200243,1,ENABLED,41,38,50.743939,10.166693,0.286168
36,1813675.353423302,PLUS_5_MOTION,1.2131915408022,0.174532925199433,0x101,DC499B3FC2B8323E,1.13584344243534,0.186813186813183,0.00244200244200243,1,ENABLED,41,38,60.660792,9.996303,0.291195
37,1813675.363249183,PLUS_5_MOTION,1.2131915408022,0.174532925199433,0x101,DC499B3FC2B8323E,1.13584344243534,0.186813186813183,0.00244200244200243,1,ENABLED,41,38,70.545017,9.822449,0.126926
38,1813675.373335259,PLUS_5_MOTION,1.2131915408022,0.174532925199433,0x101,DC499B3FC2B8323E,1.13584344243534,0.186813186813183,0.00244200244200243,1,ENABLED,41,38,80.618512,10.083316,0.213674
39,1813675.383405949,PLUS_5_MOTION,1.2131915408022,0.174532925199433,0x101,DC499B3FC2B8323E,1.13584344243534,0.186813186813183,0.00244200244200243,1,ENABLED,41,38,90.608585,10.052160,0.268594
40,1813675.393392576,PLUS_5_MOTION,1.2131915408022,0.174532925199433,0x101,DC499B3FC2B8323E,1.1503395132372,0.142857142857139,0.00244200244200243,1,ENABLED,41,38,0.057511,9.968565,0.255689
41,1813675.403286005,PLUS_5_MOTION,1.2131915408022,0.174532925199433,0x101,DC499B3FC2B8323E,1.15568017090104,0.142857142857139,0.00244200244200243,1,ENABLED,41,38,9.874093,9.890801,0.164552
42,1813675.413302848,PLUS_5_MOTION,1.2131915408022,0.174532925199433,0x101,DC499B3FC2B8323E,1.15568017090104,0.142857142857139,0.00244200244200243,1,ENABLED,41,38,19.859289,10.011589,0.178769
43,1813675.423193979,PLUS_5_MOTION,1.2131915408022,0.174532925199433,0x101,DC499B3FC2B8323E,1.15568017090104,0.142857142857139,0.00244200244200243,1,ENABLED,41,38,29.776169,9.882504,0.066527
44,1813675.433195729,PLUS_5_MOTION,1.2131915408022,0.174532925199433,0x101,DC499B3FC2B8323E,1.15568017090104,0.142857142857139,0.00244200244200243,1,ENABLED,41,38,39.672733,9.993254,0.068408
45,1813675.443186003,PLUS_5_MOTION,1.2131915408022,0.174532925199433,0x101,DC499B3FC2B8323E,1.15568017090104,0.142857142857139,0.00244200244200243,1,ENABLED,41,38,49.643854,9.984937,0.061841
46,1813675.453189939,PLUS_5_MOTION,1.2131915408022,0.174532925199433,0x101,DC499B3FC2B8323E,1.15568017090104,0.142857142857139,0.00244200244200243,1,ENABLED,41,38,59.772108,9.995600,0.062778
47,1813675.463191548,PLUS_5_MOTION,1.2131915408022,0.174532925199433,0x101,DC499B3FC2B8323E,1.15568017090104,0.142857142857139,0.00244200244200243,1,ENABLED,41,38,69.654990,9.992281,0.063395
48,1813675.473399473,PLUS_5_MOTION,1.2131915408022,0.174532925199433,0x101,DC499B3FC2B8323E,1.15568017090104,0.142857142857139,0.00244200244200243,1,ENABLED,41,38,79.955765,10.199513,0.272236
49,1813675.483388749,PLUS_5_MOTION,1.2131915408022,0.174532925199433,0x101,DC499B3FC2B8323E,1.15568017090104,0.142857142857139,0.00244200244200243,1,ENABLED,41,38,89.830860,9.980301,0.260949
50,1813675.493330064,PLUS_5_MOTION,1.2131915408022,0.174532925199433,0x101,DC499B3FC2B8323E,1.15568017090104,0.142857142857139,0.00244200244200243,1,ENABLED,41,38,99.776133,9.932192,0.202116
51,1813675.503195805,PLUS_5_MOTION,1.2131915408022,0.174532925199433,0x101,DC499B3FC2B8323E,1.17551689936675,0.142857142857139,-0.00244200244200243,1,ENABLED,41,38,9.081133,9.860413,0.071652
52,1813675.513181852,PLUS_5_MOTION,1.2131915408022,0.174532925199433,0x101,DC499B3FC2B8323E,1.17551689936675,0.142857142857139,-0.00244200244200243,1,ENABLED,41,38,18.993414,9.983091,0.060071
53,1813675.523288871,PLUS_5_MOTION,1.2131915408022,0.174532925199433,0x101,DC499B3FC2B8323E,1.17551689936675,0.142857142857139,-0.00244200244200243,1,ENABLED,41,38,29.142818,10.102100,0.165127
54,1813675.533293137,PLUS_5_MOTION,1.2131915408022,0.174532925199433,0x101,DC499B3FC2B8323E,1.17551689936675,0.142857142857139,-0.00244200244200243,1,ENABLED,41,38,39.143182,10.001586,0.171632
55,1813675.543289326,PLUS_5_MOTION,1.2131915408022,0.174532925199433,0x101,DC499B3FC2B8323E,1.17551689936675,0.142857142857139,-0.00244200244200243,1,ENABLED,41,38,49.134802,9.993696,0.168008
56,1813675.553360898,PLUS_5_MOTION,1.2131915408022,0.174532925199433,0x101,DC499B3FC2B8323E,1.17551689936675,0.142857142857139,-0.00244200244200243,1,ENABLED,41,38,59.268159,10.056575,0.227076
57,1813675.563317662,PLUS_5_MOTION,1.2131915408022,0.174532925199433,0x101,DC499B3FC2B8323E,1.17551689936675,0.142857142857139,-0.00244200244200243,1,ENABLED,41,38,69.135294,9.954126,0.196198
58,1813675.573184751,PLUS_5_MOTION,1.2131915408022,0.174532925199433,0x101,DC499B3FC2B8323E,1.17551689936675,0.142857142857139,-0.00244200244200243,1,ENABLED,41,38,78.988028,9.863245,0.062081
59,1813675.583184504,PLUS_5_MOTION,1.2131915408022,0.174532925199433,0x101,DC499B3FC2B8323E,1.17551689936675,0.142857142857139,-0.00244200244200243,1,ENABLED,41,38,88.963912,9.995995,0.061921
60,1813675.593356201,PLUS_5_MOTION,1.2131915408022,0.174532925199433,0x101,DC499B3FC2B8323E,1.17551689936675,0.142857142857139,-0.00244200244200243,1,ENABLED,41,38,99.114388,10.153153,0.218831
61,1813675.603309982,PLUS_5_MOTION,1.2131915408022,0.174532925199433,0x101,DC499B3FC2B8323E,1.19153887235828,0.164835164835168,0.00244200244200243,1,ENABLED,41,38,8.663331,9.946848,0.184224
62,1813675.613302896,PLUS_5_MOTION,1.2131915408022,0.174532925199433,0x101,DC499B3FC2B8323E,1.19153887235828,0.164835164835168,0.00244200244200243,1,ENABLED,41,38,18.547797,9.988941,0.180098
63,1813675.623288655,PLUS_5_MOTION,1.2131915408022,0.174532925199433,0x101,DC499B3FC2B8323E,1.19153887235828,0.164835164835168,0.00244200244200243,1,ENABLED,41,38,28.560052,9.983104,0.167174
64,1813675.633181564,PLUS_5_MOTION,1.2131915408022,0.174532925199433,0x101,DC499B3FC2B8323E,1.19153887235828,0.164835164835168,0.00244200244200243,1,ENABLED,41,38,38.480615,9.889701,0.059531
65,1813675.643181881,PLUS_5_MOTION,1.2131915408022,0.174532925199433,0x101,DC499B3FC2B8323E,1.19153887235828,0.164835164835168,0.00244200244200243,1,ENABLED,41,38,48.470568,9.997276,0.060014
66,1813675.653225516,PLUS_5_MOTION,1.2131915408022,0.174532925199433,0x101,DC499B3FC2B8323E,1.19153887235828,0.164835164835168,0.00244200244200243,1,ENABLED,41,38,58.529344,10.039627,0.102683
67,1813675.663237264,PLUS_5_MOTION,1.2131915408022,0.174532925199433,0x101,DC499B3FC2B8323E,1.19153887235828,0.164835164835168,0.00244200244200243,1,ENABLED,41,38,68.554815,10.008584,0.115274
68,1813675.673402246,PLUS_5_MOTION,1.2131915408022,0.174532925199433,0x101,DC499B3FC2B8323E,1.19153887235828,0.164835164835168,0.00244200244200243,1,ENABLED,41,38,78.855160,10.151881,0.270319
69,1813675.683319287,PLUS_5_MOTION,1.2131915408022,0.174532925199433,0x101,DC499B3FC2B8323E,1.19153887235828,0.164835164835168,0.00244200244200243,1,ENABLED,41,38,88.648760,9.909989,0.193409
70,1813675.693344948,PLUS_5_MOTION,1.2131915408022,0.174532925199433,0x101,DC499B3FC2B8323E,1.19153887235828,0.164835164835168,0.00244200244200243,1,ENABLED,41,38,98.593730,10.019150,0.219611
71,1813675.703408450,PLUS_5_MOTION,1.2131915408022,0.174532925199433,0x101,DC499B3FC2B8323E,1.2071793698024,0.164835164835168,0.0073260073260073,1,ENABLED,41,38,8.272225,10.054576,0.280699
72,1813675.713201595,PLUS_5_HOLD,1.2131915408022,0,0x101,DC499B3F00000000,1.2071793698024,0.164835164835168,0.0073260073260073,1,ENABLED,41,38,18.010029,9.783324,0.072948
73,1813675.723234036,PLUS_5_HOLD,1.2131915408022,0,0x101,DC499B3F00000000,1.2071793698024,0.164835164835168,0.0073260073260073,1,ENABLED,41,38,28.012176,10.025847,0.108616
74,1813675.733407873,PLUS_5_HOLD,1.2131915408022,0,0x101,DC499B3F00000000,1.2071793698024,0.164835164835168,0.0073260073260073,1,ENABLED,41,38,38.211199,10.166013,0.281223
75,1813675.743451258,PLUS_5_HOLD,1.2131915408022,0,0x101,DC499B3F00000000,1.2071793698024,0.164835164835168,0.0073260073260073,1,ENABLED,41,38,48.248798,10.029716,0.318763
76,1813675.753369086,PLUS_5_HOLD,1.2131915408022,0,0x101,DC499B3F00000000,1.2071793698024,0.164835164835168,0.0073260073260073,1,ENABLED,41,38,58.187753,9.908760,0.241192
77,1813675.763329469,PLUS_5_HOLD,1.2131915408022,0,0x101,DC499B3F00000000,1.2071793698024,0.164835164835168,0.0073260073260073,1,ENABLED,41,38,68.406987,9.951161,0.201421
78,1813675.773360185,PLUS_5_HOLD,1.2131915408022,0,0x101,DC499B3F00000000,1.2071793698024,0.164835164835168,0.0073260073260073,1,ENABLED,41,38,78.276493,10.024136,0.234779
79,1813675.783197774,PLUS_5_HOLD,1.2131915408022,0,0x101,DC499B3F00000000,1.2071793698024,0.164835164835168,0.0073260073260073,1,ENABLED,41,38,88.005661,9.828289,0.069648
80,1813675.793194512,PLUS_5_HOLD,1.2131915408022,0,0x101,DC499B3F00000000,1.2071793698024,0.164835164835168,0.0073260073260073,1,ENABLED,41,38,97.983233,9.988891,0.067839
81,1813675.803379746,PLUS_5_HOLD,1.2131915408022,0,0x101,DC499B3F00000000,1.21137560082399,-0.0109890109890074,0.00244200244200243,1,ENABLED,41,38,7.457689,10.176461,0.252147
82,1813675.813305331,PLUS_5_HOLD,1.2131915408022,0,0x101,DC499B3F00000000,1.21137560082399,-0.0109890109890074,0.00244200244200243,1,ENABLED,41,38,17.320907,9.915826,0.176746
83,1813675.823324082,PLUS_5_HOLD,1.2131915408022,0,0x101,DC499B3F00000000,1.21137560082399,-0.0109890109890074,0.00244200244200243,1,ENABLED,41,38,27.310547,10.009432,0.195937
84,1813675.833187964,PLUS_5_HOLD,1.2131915408022,0,0x101,DC499B3F00000000,1.21137560082399,-0.0109890109890074,0.00244200244200243,1,ENABLED,41,38,37.077626,9.855897,0.061153
85,1813675.843378601,PLUS_5_HOLD,1.2131915408022,0,0x101,DC499B3F00000000,1.21137560082399,-0.0109890109890074,0.00244200244200243,1,ENABLED,41,38,47.347433,10.172876,0.242014
86,1813675.853185919,PLUS_5_HOLD,1.2131915408022,0,0x101,DC499B3F00000000,1.21137560082399,-0.0109890109890074,0.00244200244200243,1,ENABLED,41,38,57.164662,9.803103,0.062878
87,1813675.863242117,PLUS_5_HOLD,1.2131915408022,0,0x101,DC499B3F00000000,1.21137560082399,-0.0109890109890074,0.00244200244200243,1,ENABLED,41,38,67.297983,10.051923,0.119016
88,1813675.873193575,PLUS_5_HOLD,1.2131915408022,0,0x101,DC499B3F00000000,1.21137560082399,-0.0109890109890074,0.00244200244200243,1,ENABLED,41,38,77.107525,9.943036,0.066327
89,1813675.883182068,PLUS_5_HOLD,1.2131915408022,0,0x101,DC499B3F00000000,1.21137560082399,-0.0109890109890074,0.00244200244200243,1,ENABLED,41,38,87.105764,9.983972,0.058721
90,1813675.893178566,PLUS_5_HOLD,1.2131915408022,0,0x101,DC499B3F00000000,1.21137560082399,-0.0109890109890074,0.00244200244200243,1,ENABLED,41,38,96.985199,9.992906,0.056148
91,1813675.903181732,PLUS_5_HOLD,1.2131915408022,0,0x101,DC499B3F00000000,1.21137560082399,-0.0109890109890074,0.00244200244200243,1,ENABLED,41,38,6.861838,9.998764,0.058504
92,1813675.913177594,PLUS_5_HOLD,1.2131915408022,0,0x101,DC499B3F00000000,1.21137560082399,-0.0109890109890074,0.00244200244200243,1,ENABLED,41,38,16.795118,9.993236,0.056142
93,1813675.923194191,PLUS_5_HOLD,1.2131915408022,0,0x101,DC499B3F00000000,1.21137560082399,-0.0109890109890074,0.00244200244200243,1,ENABLED,41,38,26.785996,10.007031,0.065799
94,1813675.933177870,PLUS_5_HOLD,1.2131915408022,0,0x101,DC499B3F00000000,1.21137560082399,-0.0109890109890074,0.00244200244200243,1,ENABLED,41,38,36.702921,9.980603,0.055968
95,1813675.943180426,PLUS_5_HOLD,1.2131915408022,0,0x101,DC499B3F00000000,1.21137560082399,-0.0109890109890074,0.00244200244200243,1,ENABLED,41,38,46.738008,9.998012,0.057056
96,1813675.953173739,PLUS_5_HOLD,1.2131915408022,0,0x101,DC499B3F00000000,1.21137560082399,-0.0109890109890074,0.00244200244200243,1,ENABLED,41,38,56.837037,9.991906,0.053506
97,1813675.963171858,PLUS_5_HOLD,1.2131915408022,0,0x101,DC499B3F00000000,1.21137560082399,-0.0109890109890074,0.00244200244200243,1,ENABLED,41,38,66.800897,9.997257,0.052170
98,1813675.973241661,PLUS_5_HOLD,1.2131915408022,0,0x101,DC499B3F00000000,1.21137560082399,-0.0109890109890074,0.00244200244200243,1,ENABLED,41,38,76.956827,10.048587,0.101619
99,1813675.983174785,PLUS_5_HOLD,1.2131915408022,0,0x101,DC499B3F00000000,1.21137560082399,-0.0109890109890074,0.00244200244200243,1,ENABLED,41,38,86.835798,9.931029,0.053864
100,1813675.993176122,PLUS_5_HOLD,1.2131915408022,0,0x101,DC499B3F00000000,1.21137560082399,-0.0109890109890074,0.00244200244200243,1,ENABLED,41,38,96.823856,9.997186,0.053145
101,1813676.003179404,PLUS_5_HOLD,1.2131915408022,0,0x101,DC499B3F00000000,1.21175707637141,-0.0109890109890074,0.00244200244200243,1,ENABLED,41,38,6.351758,9.999490,0.056786
102,1813676.013176565,PLUS_5_HOLD,1.2131915408022,0,0x101,DC499B3F00000000,1.21175707637141,-0.0109890109890074,0.00244200244200243,1,ENABLED,41,38,16.454776,9.994442,0.055020
103,1813676.023184984,PLUS_5_HOLD,1.2131915408022,0,0x101,DC499B3F00000000,1.21175707637141,-0.0109890109890074,0.00244200244200243,1,ENABLED,41,38,26.497130,10.002277,0.060016
104,1813676.033175045,PLUS_5_HOLD,1.2131915408022,0,0x101,DC499B3F00000000,1.21175707637141,-0.0109890109890074,0.00244200244200243,1,ENABLED,41,38,36.420269,9.988389,0.054547
105,1813676.043172704,PLUS_5_HOLD,1.2131915408022,0,0x101,DC499B3F00000000,1.21175707637141,-0.0109890109890074,0.00244200244200243,1,ENABLED,41,38,46.442167,9.996750,0.052969
106,1813676.053171504,PLUS_5_HOLD,1.2131915408022,0,0x101,DC499B3F00000000,1.21175707637141,-0.0109890109890074,0.00244200244200243,1,ENABLED,41,38,56.414437,9.998256,0.052134
107,1813676.063171453,PLUS_5_HOLD,1.2131915408022,0,0x101,DC499B3F00000000,1.21175707637141,-0.0109890109890074,0.00244200244200243,1,ENABLED,41,38,66.419187,9.999454,0.052132
108,1813676.073182311,PLUS_5_HOLD,1.2131915408022,0,0x101,DC499B3F00000000,1.21175707637141,-0.0109890109890074,0.00244200244200243,1,ENABLED,41,38,76.359397,10.005407,0.058034
109,1813676.083176286,PLUS_5_HOLD,1.2131915408022,0,0x101,DC499B3F00000000,1.21175707637141,-0.0109890109890074,0.00244200244200243,1,ENABLED,41,38,86.391886,9.991473,0.054958
110,1813676.093196093,PLUS_5_HOLD,1.2131915408022,0,0x101,DC499B3F00000000,1.21175707637141,-0.0109890109890074,0.00244200244200243,1,ENABLED,41,38,96.461988,10.014451,0.071911
111,1813676.103186975,PLUS_5_HOLD,1.2131915408022,0,0x101,DC499B3F00000000,1.21213855191882,-0.0109890109890074,0.00244200244200243,1,ENABLED,41,38,6.152152,9.986769,0.064036
112,1813676.113292374,FIRST_CENTER_RETURN,1.12592507820249,0.174532925199433,0x101,501E903FC2B8323E,1.21213855191882,-0.0109890109890074,0.00244200244200243,1,ENABLED,41,38,16.239465,10.099012,0.167161
113,1813676.123193112,FIRST_CENTER_RETURN,1.12592507820249,0.174532925199433,0x101,501E903FC2B8323E,1.21213855191882,-0.0109890109890074,0.00244200244200243,1,ENABLED,41,38,26.105024,9.892827,0.066375
114,1813676.133186714,FIRST_CENTER_RETURN,1.12592507820249,0.174532925199433,0x101,501E903FC2B8323E,1.21213855191882,-0.0109890109890074,0.00244200244200243,1,ENABLED,41,38,36.081012,9.988357,0.062643
115,1813676.143182208,FIRST_CENTER_RETURN,1.12592507820249,0.174532925199433,0x101,501E903FC2B8323E,1.21213855191882,-0.0109890109890074,0.00244200244200243,1,ENABLED,41,38,46.091143,9.991915,0.059803
116,1813676.153179814,FIRST_CENTER_RETURN,1.12592507820249,0.174532925199433,0x101,501E903FC2B8323E,1.21213855191882,-0.0109890109890074,0.00244200244200243,1,ENABLED,41,38,55.981342,9.994863,0.058245
117,1813676.163180324,FIRST_CENTER_RETURN,1.12592507820249,0.174532925199433,0x101,501E903FC2B8323E,1.21213855191882,-0.0109890109890074,0.00244200244200243,1,ENABLED,41,38,66.104429,9.996979,0.057967
118,1813676.173184148,FIRST_CENTER_RETURN,1.12592507820249,0.174532925199433,0x101,501E903FC2B8323E,1.21213855191882,-0.0109890109890074,0.00244200244200243,1,ENABLED,41,38,76.191523,9.999222,0.060720
119,1813676.183179122,FIRST_CENTER_RETURN,1.12592507820249,0.174532925199433,0x101,501E903FC2B8323E,1.21213855191882,-0.0109890109890074,0.00244200244200243,1,ENABLED,41,38,85.979166,9.991734,0.057056
120,1813676.193215217,FIRST_CENTER_RETURN,1.12592507820249,0.174532925199433,0x101,501E903FC2B8323E,1.21213855191882,-0.0109890109890074,0.00244200244200243,1,ENABLED,41,38,96.096597,10.029107,0.089403
121,1813676.203192687,FIRST_CENTER_RETURN,1.12592507820249,0.174532925199433,0x101,501E903FC2B8323E,1.2071793698024,-0.208791208791212,-0.0122100122100122,1,ENABLED,41,38,5.918868,9.972511,0.068902
122,1813676.213197464,FIRST_CENTER_RETURN,1.12592507820249,0.174532925199433,0x101,501E903FC2B8323E,1.2071793698024,-0.208791208791212,-0.0122100122100122,1,ENABLED,41,38,15.833635,9.997930,0.071791
123,1813676.223186570,FIRST_CENTER_RETURN,1.12592507820249,0.174532925199433,0x101,501E903FC2B8323E,1.2071793698024,-0.208791208791212,-0.0122100122100122,1,ENABLED,41,38,25.920197,9.983908,0.062546
124,1813676.233199859,FIRST_CENTER_RETURN,1.12592507820249,0.174532925199433,0x101,501E903FC2B8323E,1.2071793698024,-0.208791208791212,-0.0122100122100122,1,ENABLED,41,38,35.837534,10.005099,0.072843
125,1813676.243191012,FIRST_CENTER_RETURN,1.12592507820249,0.174532925199433,0x101,501E903FC2B8323E,1.2071793698024,-0.208791208791212,-0.0122100122100122,1,ENABLED,41,38,45.829075,9.984948,0.065981
126,1813676.253179399,FIRST_CENTER_RETURN,1.12592507820249,0.174532925199433,0x101,501E903FC2B8323E,1.2071793698024,-0.208791208791212,-0.0122100122100122,1,ENABLED,41,38,55.761096,9.986290,0.058476
127,1813676.263300802,FIRST_CENTER_RETURN,1.12592507820249,0.174532925199433,0x101,501E903FC2B8323E,1.2071793698024,-0.208791208791212,-0.0122100122100122,1,ENABLED,41,38,65.914725,10.113880,0.174453
128,1813676.273190394,FIRST_CENTER_RETURN,1.12592507820249,0.174532925199433,0x101,501E903FC2B8323E,1.2071793698024,-0.208791208791212,-0.0122100122100122,1,ENABLED,41,38,75.874591,9.882846,0.064822
129,1813676.283194430,FIRST_CENTER_RETURN,1.12592507820249,0.174532925199433,0x101,501E903FC2B8323E,1.2071793698024,-0.208791208791212,-0.0122100122100122,1,ENABLED,41,38,85.856189,9.998906,0.070474
130,1813676.293184166,FIRST_CENTER_RETURN,1.12592507820249,0.174532925199433,0x101,501E903FC2B8323E,1.2071793698024,-0.208791208791212,-0.0122100122100122,1,ENABLED,41,38,95.797790,9.985803,0.061407
131,1813676.303179654,FIRST_CENTER_RETURN,1.12592507820249,0.174532925199433,0x101,501E903FC2B8323E,1.19611657892729,-0.186813186813183,-0.0219780219780219,1,ENABLED,41,38,5.535447,9.992151,0.057491
132,1813676.313183007,FIRST_CENTER_RETURN,1.12592507820249,0.174532925199433,0x101,501E903FC2B8323E,1.19611657892729,-0.186813186813183,-0.0219780219780219,1,ENABLED,41,38,15.551018,9.999309,0.060137
133,1813676.323188709,FIRST_CENTER_RETURN,1.12592507820249,0.174532925199433,0x101,501E903FC2B8323E,1.19611657892729,-0.186813186813183,-0.0219780219780219,1,ENABLED,41,38,25.474213,10.001860,0.066041
134,1813676.333184462,FIRST_CENTER_RETURN,1.12592507820249,0.174532925199433,0x101,501E903FC2B8323E,1.19611657892729,-0.186813186813183,-0.0219780219780219,1,ENABLED,41,38,35.528406,9.992156,0.062039
135,1813676.343312235,FIRST_CENTER_RETURN,1.12592507820249,0.174532925199433,0x101,501E903FC2B8323E,1.19611657892729,-0.186813186813183,-0.0219780219780219,1,ENABLED,41,38,47.749774,10.119534,0.185170
136,1813676.353295134,FIRST_CENTER_RETURN,1.12592507820249,0.174532925199433,0x101,501E903FC2B8323E,1.19611657892729,-0.186813186813183,-0.0219780219780219,1,ENABLED,41,38,55.613020,9.976476,0.169885
137,1813676.363297701,FIRST_CENTER_RETURN,1.12592507820249,0.174532925199433,0x101,501E903FC2B8323E,1.19611657892729,-0.186813186813183,-0.0219780219780219,1,ENABLED,41,38,65.611473,9.995703,0.172011
138,1813676.373193666,FIRST_CENTER_RETURN,1.12592507820249,0.174532925199433,0x101,501E903FC2B8323E,1.19611657892729,-0.186813186813183,-0.0219780219780219,1,ENABLED,41,38,75.587731,9.888992,0.067867
139,1813676.383255162,FIRST_CENTER_RETURN,1.12592507820249,0.174532925199433,0x101,501E903FC2B8323E,1.19611657892729,-0.186813186813183,-0.0219780219780219,1,ENABLED,41,38,85.563312,10.052702,0.127542
140,1813676.393196760,FIRST_CENTER_RETURN,1.12592507820249,0.174532925199433,0x101,501E903FC2B8323E,1.19611657892729,-0.186813186813183,-0.0219780219780219,1,ENABLED,41,38,95.517328,9.931252,0.067588
141,1813676.403189276,FIRST_CENTER_RETURN,1.12592507820249,0.174532925199433,0x101,501E903FC2B8323E,1.18162050812543,-0.186813186813183,-0.0268620268620268,1,ENABLED,41,38,5.304745,9.983247,0.061181
142,1813676.413182112,FIRST_CENTER_RETURN,1.12592507820249,0.174532925199433,0x101,501E903FC2B8323E,1.18162050812543,-0.186813186813183,-0.0268620268620268,1,ENABLED,41,38,15.301003,9.989654,0.060104
143,1813676.423296836,FIRST_CENTER_RETURN,1.12592507820249,0.174532925199433,0x101,501E903FC2B8323E,1.18162050812543,-0.186813186813183,-0.0268620268620268,1,ENABLED,41,38,25.468757,10.112190,0.175476
144,1813676.433286981,FIRST_CENTER_RETURN,1.12592507820249,0.174532925199433,0x101,501E903FC2B8323E,1.18162050812543,-0.186813186813183,-0.0268620268620268,1,ENABLED,41,38,35.464796,9.987590,0.165600
145,1813676.443282365,FIRST_CENTER_RETURN,1.12592507820249,0.174532925199433,0x101,501E903FC2B8323E,1.18162050812543,-0.186813186813183,-0.0268620268620268,1,ENABLED,41,38,45.424747,9.992817,0.160972
146,1813676.453191857,FIRST_CENTER_RETURN,1.12592507820249,0.174532925199433,0x101,501E903FC2B8323E,1.18162050812543,-0.186813186813183,-0.0268620268620268,1,ENABLED,41,38,55.369379,9.902195,0.065734
147,1813676.463281766,FIRST_CENTER_RETURN,1.12592507820249,0.174532925199433,0x101,501E903FC2B8323E,1.18162050812543,-0.186813186813183,-0.0268620268620268,1,ENABLED,41,38,65.478985,10.080568,0.153599
148,1813676.473197231,FIRST_CENTER_RETURN,1.12592507820249,0.174532925199433,0x101,501E903FC2B8323E,1.18162050812543,-0.186813186813183,-0.0268620268620268,1,ENABLED,41,38,75.250023,9.907010,0.069950
149,1813676.483196562,FIRST_CENTER_RETURN,1.12592507820249,0.174532925199433,0x101,501E903FC2B8323E,1.18162050812543,-0.186813186813183,-0.0268620268620268,1,ENABLED,41,38,85.240713,9.993424,0.071829
150,1813676.493191047,FIRST_CENTER_RETURN,1.12592507820249,0.174532925199433,0x101,501E903FC2B8323E,1.18162050812543,-0.186813186813183,-0.0268620268620268,1,ENABLED,41,38,95.331889,9.987473,0.065209
151,1813676.503185752,FIRST_CENTER_RETURN,1.12592507820249,0.174532925199433,0x101,501E903FC2B8323E,1.16483558403906,-0.186813186813183,-0.0219780219780219,1,ENABLED,41,38,5.029244,9.988325,0.060546
152,1813676.513184654,FIRST_CENTER_RETURN,1.12592507820249,0.174532925199433,0x101,501E903FC2B8323E,1.16483558403906,-0.186813186813183,-0.0219780219780219,1,ENABLED,41,38,14.949081,9.995132,0.062058
153,1813676.523188929,FIRST_CENTER_RETURN,1.12592507820249,0.174532925199433,0x101,501E903FC2B8323E,1.16483558403906,-0.186813186813183,-0.0219780219780219,1,ENABLED,41,38,24.985466,9.996122,0.061950
154,1813676.533176721,FIRST_CENTER_RETURN,1.12592507820249,0.174532925199433,0x101,501E903FC2B8323E,1.16483558403906,-0.186813186813183,-0.0219780219780219,1,ENABLED,41,38,34.919244,9.985562,0.055665
155,1813676.543176503,FIRST_CENTER_RETURN,1.12592507820249,0.174532925199433,0x101,501E903FC2B8323E,1.16483558403906,-0.186813186813183,-0.0219780219780219,1,ENABLED,41,38,45.042187,9.996933,0.054828
156,1813676.553182387,FIRST_CENTER_RETURN,1.12592507820249,0.174532925199433,0x101,501E903FC2B8323E,1.16483558403906,-0.186813186813183,-0.0219780219780219,1,ENABLED,41,38,55.130180,9.998608,0.056285
157,1813676.563176951,FIRST_CENTER_RETURN,1.12592507820249,0.174532925199433,0x101,501E903FC2B8323E,1.16483558403906,-0.186813186813183,-0.0219780219780219,1,ENABLED,41,38,65.105182,9.991679,0.055240
158,1813676.573220516,FIRST_CENTER_RETURN,1.12592507820249,0.174532925199433,0x101,501E903FC2B8323E,1.16483558403906,-0.186813186813183,-0.0219780219780219,1,ENABLED,41,38,75.143199,10.040151,0.098276
159,1813676.583178715,FIRST_CENTER_RETURN,1.12592507820249,0.174532925199433,0x101,501E903FC2B8323E,1.16483558403906,-0.186813186813183,-0.0219780219780219,1,ENABLED,41,38,85.243074,9.955605,0.057295
160,1813676.593290227,FIRST_CENTER_RETURN,1.12592507820249,0.174532925199433,0x101,501E903FC2B8323E,1.16483558403906,-0.186813186813183,-0.0219780219780219,1,ENABLED,41,38,95.229477,10.108732,0.168621
161,1813676.603188166,FIRST_CENTER_RETURN,1.12592507820249,0.174532925199433,0x101,501E903FC2B8323E,1.14461738002594,-0.186813186813183,-0.0219780219780219,1,ENABLED,41,38,4.910947,9.890725,0.062126
162,1813676.613186824,FIRST_CENTER_RETURN,1.12592507820249,0.174532925199433,0x101,501E903FC2B8323E,1.14461738002594,-0.186813186813183,-0.0219780219780219,1,ENABLED,41,38,14.760318,9.992799,0.062139
163,1813676.623192380,FIRST_CENTER_RETURN,1.12592507820249,0.174532925199433,0x101,501E903FC2B8323E,1.14461738002594,-0.186813186813183,-0.0219780219780219,1,ENABLED,41,38,24.829704,9.998591,0.066589
164,1813676.633175427,FIRST_CENTER_RETURN,1.12592507820249,0.174532925199433,0x101,501E903FC2B8323E,1.14461738002594,-0.186813186813183,-0.0219780219780219,1,ENABLED,41,38,34.692344,9.980962,0.054516
165,1813676.643175219,FIRST_CENTER_RETURN,1.12592507820249,0.174532925199433,0x101,501E903FC2B8323E,1.14461738002594,-0.186813186813183,-0.0219780219780219,1,ENABLED,41,38,44.762967,9.998507,0.055108
166,1813676.653173118,FIRST_CENTER_RETURN,1.12592507820249,0.174532925199433,0x101,501E903FC2B8323E,1.14461738002594,-0.186813186813183,-0.0219780219780219,1,ENABLED,41,38,54.824066,9.997072,0.053464
167,1813676.663172161,FIRST_CENTER_RETURN,1.12592507820249,0.174532925199433,0x101,501E903FC2B8323E,1.14461738002594,-0.186813186813183,-0.0219780219780219,1,ENABLED,41,38,64.766150,9.998413,0.052704
168,1813676.673184472,FIRST_CENTER_RETURN,1.12592507820249,0.174532925199433,0x101,501E903FC2B8323E,1.14461738002594,-0.186813186813183,-0.0219780219780219,1,ENABLED,41,38,74.807942,10.006889,0.060224
169,1813676.683198473,FIRST_CENTER_RETURN,1.12592507820249,0.174532925199433,0x101,501E903FC2B8323E,1.14461738002594,-0.186813186813183,-0.0219780219780219,1,ENABLED,41,38,84.697094,10.005652,0.071298
170,1813676.693174727,FIRST_CENTER_RETURN,1.12592507820249,0.174532925199433,0x101,501E903FC2B8323E,1.14461738002594,-0.186813186813183,-0.0219780219780219,1,ENABLED,41,38,94.622695,9.975322,0.054969
171,1813676.703173538,FIRST_CENTER_RETURN,1.12592507820249,0.174532925199433,0x101,501E903FC2B8323E,1.12592507820249,-0.0329670329670364,-0.0122100122100122,1,ENABLED,41,38,4.304525,9.997670,0.053571
172,1813676.713172580,FIRST_CENTER_HOLD,1.12592507820249,0,0x101,501E903F00000000,1.12592507820249,-0.0329670329670364,-0.0122100122100122,1,ENABLED,41,38,14.267363,9.998004,0.052715
173,1813676.723181028,FIRST_CENTER_HOLD,1.12592507820249,0,0x101,501E903F00000000,1.12592507820249,-0.0329670329670364,-0.0122100122100122,1,ENABLED,41,38,24.298659,10.003556,0.057309
174,1813676.733204340,FIRST_CENTER_HOLD,1.12592507820249,0,0x101,501E903F00000000,1.12592507820249,-0.0329670329670364,-0.0122100122100122,1,ENABLED,41,38,34.402904,10.013383,0.075585
175,1813676.743173385,FIRST_CENTER_HOLD,1.12592507820249,0,0x101,501E903F00000000,1.12592507820249,-0.0329670329670364,-0.0122100122100122,1,ENABLED,41,38,44.393049,9.967997,0.053511
176,1813676.753173706,FIRST_CENTER_HOLD,1.12592507820249,0,0x101,501E903F00000000,1.12592507820249,-0.0329670329670364,-0.0122100122100122,1,ENABLED,41,38,54.346685,9.999379,0.053938
177,1813676.763172751,FIRST_CENTER_HOLD,1.12592507820249,0,0x101,501E903F00000000,1.12592507820249,-0.0329670329670364,-0.0122100122100122,1,ENABLED,41,38,64.344842,9.998137,0.053016
178,1813676.773183171,FIRST_CENTER_HOLD,1.12592507820249,0,0x101,501E903F00000000,1.12592507820249,-0.0329670329670364,-0.0122100122100122,1,ENABLED,41,38,74.465912,10.004693,0.058617
179,1813676.783243964,FIRST_CENTER_HOLD,1.12592507820249,0,0x101,501E903F00000000,1.12592507820249,-0.0329670329670364,-0.0122100122100122,1,ENABLED,41,38,84.596670,10.055297,0.119641
180,1813676.793194765,FIRST_CENTER_HOLD,1.12592507820249,0,0x101,501E903F00000000,1.12592507820249,-0.0329670329670364,-0.0122100122100122,1,ENABLED,41,38,94.474677,9.944761,0.069898
181,1813676.803186951,FIRST_CENTER_HOLD,1.12592507820249,0,0x101,501E903F00000000,1.1263065537499,-0.0109890109890074,-0.017094017094017,1,ENABLED,41,38,4.090790,9.987150,0.063088
182,1813676.813191219,FIRST_CENTER_HOLD,1.12592507820249,0,0x101,501E903F00000000,1.1263065537499,-0.0109890109890074,-0.017094017094017,1,ENABLED,41,38,14.188775,9.996872,0.064996
183,1813676.823290864,FIRST_CENTER_HOLD,1.12592507820249,0,0x101,501E903F00000000,1.1263065537499,-0.0109890109890074,-0.017094017094017,1,ENABLED,41,38,24.292816,10.093265,0.165657
184,1813676.833192824,FIRST_CENTER_HOLD,1.12592507820249,0,0x101,501E903F00000000,1.1263065537499,-0.0109890109890074,-0.017094017094017,1,ENABLED,41,38,34.194107,9.895150,0.067187
185,1813676.843309038,FIRST_CENTER_HOLD,1.12592507820249,0,0x101,501E903F00000000,1.1263065537499,-0.0109890109890074,-0.017094017094017,1,ENABLED,41,38,44.343564,10.105396,0.179393
186,1813676.853294308,FIRST_CENTER_HOLD,1.12592507820249,0,0x101,501E903F00000000,1.1263065537499,-0.0109890109890074,-0.017094017094017,1,ENABLED,41,38,54.308210,9.981988,0.172199
187,1813676.863365365,FIRST_CENTER_HOLD,1.12592507820249,0,0x101,501E903F00000000,1.1263065537499,-0.0109890109890074,-0.017094017094017,1,ENABLED,41,38,64.348067,10.032279,0.207760
188,1813676.873231224,FIRST_CENTER_HOLD,1.12592507820249,0,0x101,501E903F00000000,1.1263065537499,-0.0109890109890074,-0.017094017094017,1,ENABLED,41,38,74.293311,9.862681,0.109219
189,1813676.883288561,FIRST_CENTER_HOLD,1.12592507820249,0,0x101,501E903F00000000,1.1263065537499,-0.0109890109890074,-0.017094017094017,1,ENABLED,41,38,84.260267,10.054451,0.166848
190,1813676.893297774,FIRST_CENTER_HOLD,1.12592507820249,0,0x101,501E903F00000000,1.1263065537499,-0.0109890109890074,-0.017094017094017,1,ENABLED,41,38,94.250572,10.001782,0.171516
191,1813676.903230740,FIRST_CENTER_HOLD,1.12592507820249,0,0x101,501E903F00000000,1.12592507820249,0.0109890109890074,-0.017094017094017,1,ENABLED,41,38,3.820076,9.927527,0.106474
192,1813676.913193536,FIRST_CENTER_HOLD,1.12592507820249,0,0x101,501E903F00000000,1.12592507820249,0.0109890109890074,-0.017094017094017,1,ENABLED,41,38,13.853587,9.954687,0.066600
193,1813676.923243952,FIRST_CENTER_HOLD,1.12592507820249,0,0x101,501E903F00000000,1.12592507820249,0.0109890109890074,-0.017094017094017,1,ENABLED,41,38,23.885424,10.040985,0.115694
194,1813676.933296719,FIRST_CENTER_HOLD,1.12592507820249,0,0x101,501E903F00000000,1.12592507820249,0.0109890109890074,-0.017094017094017,1,ENABLED,41,38,33.919234,10.047845,0.172970
195,1813676.943288133,FIRST_CENTER_HOLD,1.12592507820249,0,0x101,501E903F00000000,1.12592507820249,0.0109890109890074,-0.017094017094017,1,ENABLED,41,38,43.909725,9.985027,0.162919
196,1813676.953302114,FIRST_CENTER_HOLD,1.12592507820249,0,0x101,501E903F00000000,1.12592507820249,0.0109890109890074,-0.017094017094017,1,ENABLED,41,38,53.884802,10.007770,0.177076
197,1813676.963191612,FIRST_CENTER_HOLD,1.12592507820249,0,0x101,501E903F00000000,1.12592507820249,0.0109890109890074,-0.017094017094017,1,ENABLED,41,38,63.788270,9.882864,0.066151
198,1813676.973197338,FIRST_CENTER_HOLD,1.12592507820249,0,0x101,501E903F00000000,1.12592507820249,0.0109890109890074,-0.017094017094017,1,ENABLED,41,38,73.855385,9.997280,0.070065
199,1813676.983259825,FIRST_CENTER_HOLD,1.12592507820249,0,0x101,501E903F00000000,1.12592507820249,0.0109890109890074,-0.017094017094017,1,ENABLED,41,38,83.978263,10.052343,0.130854
200,1813676.993289656,FIRST_CENTER_HOLD,1.12592507820249,0,0x101,501E903F00000000,1.12592507820249,0.0109890109890074,-0.017094017094017,1,ENABLED,41,38,94.093050,10.027411,0.168409
201,1813677.003189736,FIRST_CENTER_HOLD,1.12592507820249,0,0x101,501E903F00000000,1.12554360265507,-0.0109890109890074,-0.017094017094017,1,ENABLED,41,38,3.486191,9.892322,0.063151
202,1813677.013196838,MINUS_5_MOTION,1.03865861560277,0.174532925199433,0x101,C4F2843FC2B8323E,1.12554360265507,-0.0109890109890074,-0.017094017094017,1,ENABLED,41,38,13.468322,9.998697,0.069606
203,1813677.023191251,MINUS_5_MOTION,1.03865861560277,0.174532925199433,0x101,C4F2843FC2B8323E,1.12554360265507,-0.0109890109890074,-0.017094017094017,1,ENABLED,41,38,23.467595,9.987079,0.065090
204,1813677.033186275,MINUS_5_MOTION,1.03865861560277,0.174532925199433,0x101,C4F2843FC2B8323E,1.12554360265507,-0.0109890109890074,-0.017094017094017,1,ENABLED,41,38,33.441706,9.988715,0.061139
205,1813677.043187472,MINUS_5_MOTION,1.03865861560277,0.174532925199433,0x101,C4F2843FC2B8323E,1.12554360265507,-0.0109890109890074,-0.017094017094017,1,ENABLED,41,38,43.436437,9.994884,0.062332
206,1813677.053189120,MINUS_5_MOTION,1.03865861560277,0.174532925199433,0x101,C4F2843FC2B8323E,1.12554360265507,-0.0109890109890074,-0.017094017094017,1,ENABLED,41,38,53.573663,9.993735,0.062380
207,1813677.063188663,MINUS_5_MOTION,1.03865861560277,0.174532925199433,0x101,C4F2843FC2B8323E,1.12554360265507,-0.0109890109890074,-0.017094017094017,1,ENABLED,41,38,63.433427,9.991715,0.062008
208,1813677.073184404,MINUS_5_MOTION,1.03865861560277,0.174532925199433,0x101,C4F2843FC2B8323E,1.12554360265507,-0.0109890109890074,-0.017094017094017,1,ENABLED,41,38,73.432038,9.989926,0.059762
209,1813677.083175151,MINUS_5_MOTION,1.03865861560277,0.174532925199433,0x101,C4F2843FC2B8323E,1.12554360265507,-0.0109890109890074,-0.017094017094017,1,ENABLED,41,38,83.412947,9.988976,0.054553
210,1813677.093172371,MINUS_5_MOTION,1.03865861560277,0.174532925199433,0x101,C4F2843FC2B8323E,1.12554360265507,-0.0109890109890074,-0.017094017094017,1,ENABLED,41,38,93.473301,9.996489,0.052813
211,1813677.103172360,MINUS_5_MOTION,1.03865861560277,0.174532925199433,0x101,C4F2843FC2B8323E,1.11333638513771,-0.164835164835168,-0.017094017094017,1,ENABLED,41,38,3.103574,9.999047,0.052591
212,1813677.113174760,MINUS_5_MOTION,1.03865861560277,0.174532925199433,0x101,C4F2843FC2B8323E,1.11333638513771,-0.164835164835168,-0.017094017094017,1,ENABLED,41,38,13.137157,10.000884,0.054417
213,1813677.123176194,MINUS_5_MOTION,1.03865861560277,0.174532925199433,0x101,C4F2843FC2B8323E,1.11333638513771,-0.164835164835168,-0.017094017094017,1,ENABLED,41,38,23.116717,9.998553,0.054486
214,1813677.133172377,MINUS_5_MOTION,1.03865861560277,0.174532925199433,0x101,C4F2843FC2B8323E,1.11333638513771,-0.164835164835168,-0.017094017094017,1,ENABLED,41,38,33.140851,9.995461,0.052828
215,1813677.143171655,MINUS_5_MOTION,1.03865861560277,0.174532925199433,0x101,C4F2843FC2B8323E,1.11333638513771,-0.164835164835168,-0.017094017094017,1,ENABLED,41,38,43.141600,9.998845,0.052395
216,1813677.153195457,MINUS_5_MOTION,1.03865861560277,0.174532925199433,0x101,C4F2843FC2B8323E,1.11333638513771,-0.164835164835168,-0.017094017094017,1,ENABLED,41,38,53.227037,10.017999,0.070827
217,1813677.163172103,MINUS_5_MOTION,1.03865861560277,0.174532925199433,0x101,C4F2843FC2B8323E,1.11333638513771,-0.164835164835168,-0.017094017094017,1,ENABLED,41,38,63.024841,9.976205,0.052835
218,1813677.173253607,MINUS_5_MOTION,1.03865861560277,0.174532925199433,0x101,C4F2843FC2B8323E,1.11333638513771,-0.164835164835168,-0.017094017094017,1,ENABLED,41,38,73.176216,10.077078,0.130354
219,1813677.183365896,MINUS_5_MOTION,1.03865861560277,0.174532925199433,0x101,C4F2843FC2B8323E,1.11333638513771,-0.164835164835168,-0.017094017094017,1,ENABLED,41,38,83.361424,10.103600,0.238380
220,1813677.193295464,MINUS_5_MOTION,1.03865861560277,0.174532925199433,0x101,C4F2843FC2B8323E,1.11333638513771,-0.164835164835168,-0.017094017094017,1,ENABLED,41,38,93.282116,9.926779,0.173848
221,1813677.203287653,MINUS_5_MOTION,1.03865861560277,0.174532925199433,0x101,C4F2843FC2B8323E,1.09655146105135,-0.186813186813183,-0.017094017094017,1,ENABLED,41,38,2.903187,9.989649,0.166286
222,1813677.213285072,MINUS_5_MOTION,1.03865861560277,0.174532925199433,0x101,C4F2843FC2B8323E,1.09655146105135,-0.186813186813183,-0.017094017094017,1,ENABLED,41,38,12.854517,9.994922,0.163748
223,1813677.223281782,MINUS_5_MOTION,1.03865861560277,0.174532925199433,0x101,C4F2843FC2B8323E,1.09655146105135,-0.186813186813183,-0.017094017094017,1,ENABLED,41,38,22.927985,9.994128,0.160373
224,1813677.233353342,MINUS_5_MOTION,1.03865861560277,0.174532925199433,0x101,C4F2843FC2B8323E,1.09655146105135,-0.186813186813183,-0.017094017094017,1,ENABLED,41,38,33.012041,10.053737,0.216692
225,1813677.243283324,MINUS_5_MOTION,1.03865861560277,0.174532925199433,0x101,C4F2843FC2B8323E,1.09655146105135,-0.186813186813183,-0.017094017094017,1,ENABLED,41,38,42.950362,9.927513,0.162028
226,1813677.253283779,MINUS_5_MOTION,1.03865861560277,0.174532925199433,0x101,C4F2843FC2B8323E,1.09655146105135,-0.186813186813183,-0.017094017094017,1,ENABLED,41,38,52.986385,9.997946,0.162443
227,1813677.263180206,MINUS_5_MOTION,1.03865861560277,0.174532925199433,0x101,C4F2843FC2B8323E,1.09655146105135,-0.186813186813183,-0.017094017094017,1,ENABLED,41,38,62.752467,9.893546,0.058498
228,1813677.273182771,MINUS_5_MOTION,1.03865861560277,0.174532925199433,0x101,C4F2843FC2B8323E,1.09655146105135,-0.186813186813183,-0.017094017094017,1,ENABLED,41,38,72.834690,9.999257,0.060636
229,1813677.283344678,MINUS_5_MOTION,1.03865861560277,0.174532925199433,0x101,C4F2843FC2B8323E,1.09655146105135,-0.186813186813183,-0.017094017094017,1,ENABLED,41,38,82.915826,10.143285,0.207229
230,1813677.293285031,MINUS_5_MOTION,1.03865861560277,0.174532925199433,0x101,C4F2843FC2B8323E,1.09655146105135,-0.186813186813183,-0.017094017094017,1,ENABLED,41,38,92.860830,9.937845,0.163696
231,1813677.303285653,MINUS_5_MOTION,1.03865861560277,0.174532925199433,0x101,C4F2843FC2B8323E,1.07900358587015,-0.186813186813183,-0.017094017094017,1,ENABLED,41,38,2.432128,9.997977,0.164181
232,1813677.313181286,MINUS_5_MOTION,1.03865861560277,0.174532925199433,0x101,C4F2843FC2B8323E,1.07900358587015,-0.186813186813183,-0.017094017094017,1,ENABLED,41,38,12.404410,9.892578,0.059404
233,1813677.323189541,MINUS_5_MOTION,1.03865861560277,0.174532925199433,0x101,C4F2843FC2B8323E,1.07900358587015,-0.186813186813183,-0.017094017094017,1,ENABLED,41,38,22.415938,9.999551,0.062010
234,1813677.333288179,MINUS_5_MOTION,1.03865861560277,0.174532925199433,0x101,C4F2843FC2B8323E,1.07900358587015,-0.186813186813183,-0.017094017094017,1,ENABLED,41,38,32.488196,10.095936,0.166650
235,1813677.343181670,MINUS_5_MOTION,1.03865861560277,0.174532925199433,0x101,C4F2843FC2B8323E,1.07900358587015,-0.186813186813183,-0.017094017094017,1,ENABLED,41,38,42.368091,9.890093,0.059445
236,1813677.353294877,MINUS_5_MOTION,1.03865861560277,0.174532925199433,0x101,C4F2843FC2B8323E,1.07900358587015,-0.186813186813183,-0.017094017094017,1,ENABLED,41,38,52.491377,10.109623,0.172466
237,1813677.363181760,MINUS_5_MOTION,1.03865861560277,0.174532925199433,0x101,C4F2843FC2B8323E,1.07900358587015,-0.186813186813183,-0.017094017094017,1,ENABLED,41,38,62.398070,9.883772,0.059822
238,1813677.373283247,MINUS_5_MOTION,1.03865861560277,0.174532925199433,0x101,C4F2843FC2B8323E,1.07900358587015,-0.186813186813183,-0.017094017094017,1,ENABLED,41,38,72.434923,10.098888,0.161821
239,1813677.383282291,MINUS_5_MOTION,1.03865861560277,0.174532925199433,0x101,C4F2843FC2B8323E,1.07900358587015,-0.186813186813183,-0.017094017094017,1,ENABLED,41,38,82.537716,9.996349,0.160769
240,1813677.393362655,MINUS_5_MOTION,1.03865861560277,0.174532925199433,0x101,C4F2843FC2B8323E,1.07900358587015,-0.186813186813183,-0.017094017094017,1,ENABLED,41,38,92.656681,10.060404,0.223868
241,1813677.403286545,MINUS_5_MOTION,1.03865861560277,0.174532925199433,0x101,C4F2843FC2B8323E,1.05802243076219,-0.186813186813183,-0.0122100122100122,1,ENABLED,41,38,2.088896,9.921057,0.164885
242,1813677.413290212,MINUS_5_MOTION,1.03865861560277,0.174532925199433,0x101,C4F2843FC2B8323E,1.05802243076219,-0.186813186813183,-0.0122100122100122,1,ENABLED,41,38,12.137449,10.000603,0.168321
243,1813677.423313727,MINUS_5_MOTION,1.03865861560277,0.174532925199433,0x101,C4F2843FC2B8323E,1.05802243076219,-0.186813186813183,-0.0122100122100122,1,ENABLED,41,38,22.210159,10.019892,0.191277
244,1813677.433179530,MINUS_5_MOTION,1.03865861560277,0.174532925199433,0x101,C4F2843FC2B8323E,1.05802243076219,-0.186813186813183,-0.0122100122100122,1,ENABLED,41,38,31.951981,9.863237,0.058137
245,1813677.443282265,MINUS_5_MOTION,1.03865861560277,0.174532925199433,0x101,C4F2843FC2B8323E,1.05802243076219,-0.186813186813183,-0.0122100122100122,1,ENABLED,41,38,42.089520,10.100191,0.160894
246,1813677.453356861,MINUS_5_MOTION,1.03865861560277,0.174532925199433,0x101,C4F2843FC2B8323E,1.05802243076219,-0.186813186813183,-0.0122100122100122,1,ENABLED,41,38,52.067946,10.055228,0.218666
247,1813677.463179360,MINUS_5_MOTION,1.03865861560277,0.174532925199433,0x101,C4F2843FC2B8323E,1.05802243076219,-0.186813186813183,-0.0122100122100122,1,ENABLED,41,38,61.969922,9.819959,0.057993
248,1813677.473286436,MINUS_5_MOTION,1.03865861560277,0.174532925199433,0x101,C4F2843FC2B8323E,1.05802243076219,-0.186813186813183,-0.0122100122100122,1,ENABLED,41,38,72.144363,10.104332,0.164865
249,1813677.483182401,MINUS_5_MOTION,1.03865861560277,0.174532925199433,0x101,C4F2843FC2B8323E,1.05802243076219,-0.186813186813183,-0.0122100122100122,1,ENABLED,41,38,81.938200,9.892358,0.059967
250,1813677.493305825,MINUS_5_MOTION,1.03865861560277,0.174532925199433,0x101,C4F2843FC2B8323E,1.05802243076219,-0.186813186813183,-0.0122100122100122,1,ENABLED,41,38,92.114090,10.119220,0.182794
251,1813677.503181726,MINUS_5_MOTION,1.03865861560277,0.174532925199433,0x101,C4F2843FC2B8323E,1.04276340886549,-0.164835164835168,-0.017094017094017,1,ENABLED,41,38,1.686830,9.872561,0.059559
252,1813677.513179524,MINUS_5_HOLD,1.03865861560277,0,0x101,C4F2843F00000000,1.04276340886549,-0.164835164835168,-0.017094017094017,1,ENABLED,41,38,11.766674,9.995156,0.058055
253,1813677.523188100,MINUS_5_HOLD,1.03865861560277,0,0x101,C4F2843F00000000,1.04276340886549,-0.164835164835168,-0.017094017094017,1,ENABLED,41,38,21.697617,10.004549,0.065246
254,1813677.533298417,MINUS_5_HOLD,1.03865861560277,0,0x101,C4F2843F00000000,1.04276340886549,-0.164835164835168,-0.017094017094017,1,ENABLED,41,38,31.765380,10.107835,0.177108
255,1813677.543285256,MINUS_5_HOLD,1.03865861560277,0,0x101,C4F2843F00000000,1.04276340886549,-0.164835164835168,-0.017094017094017,1,ENABLED,41,38,41.803247,9.984355,0.163945
256,1813677.553288481,MINUS_5_HOLD,1.03865861560277,0,0x101,C4F2843F00000000,1.04276340886549,-0.164835164835168,-0.017094017094017,1,ENABLED,41,38,51.746924,10.000799,0.167228
257,1813677.563182953,MINUS_5_HOLD,1.03865861560277,0,0x101,C4F2843F00000000,1.04276340886549,-0.164835164835168,-0.017094017094017,1,ENABLED,41,38,61.792886,9.890741,0.060395
258,1813677.573355325,MINUS_5_HOLD,1.03865861560277,0,0x101,C4F2843F00000000,1.04276340886549,-0.164835164835168,-0.017094017094017,1,ENABLED,41,38,71.885265,10.159336,0.223462
259,1813677.583296465,MINUS_5_HOLD,1.03865861560277,0,0x101,C4F2843F00000000,1.04276340886549,-0.164835164835168,-0.017094017094017,1,ENABLED,41,38,81.745206,9.938604,0.175102
260,1813677.593354211,MINUS_5_HOLD,1.03865861560277,0,0x101,C4F2843F00000000,1.04276340886549,-0.164835164835168,-0.017094017094017,1,ENABLED,41,38,91.928525,10.034862,0.212500
261,1813677.603179558,MINUS_5_HOLD,1.03865861560277,0,0x101,C4F2843F00000000,1.03894865339132,-0.0109890109890074,-0.017094017094017,1,ENABLED,41,38,1.267441,9.822380,0.057764
262,1813677.613180948,MINUS_5_HOLD,1.03865861560277,0,0x101,C4F2843F00000000,1.03894865339132,-0.0109890109890074,-0.017094017094017,1,ENABLED,41,38,11.369577,9.998590,0.059321
263,1813677.623278169,MINUS_5_HOLD,1.03865861560277,0,0x101,C4F2843F00000000,1.03894865339132,-0.0109890109890074,-0.017094017094017,1,ENABLED,41,38,21.455542,10.094535,0.156656
264,1813677.633290761,MINUS_5_HOLD,1.03865861560277,0,0x101,C4F2843F00000000,1.03894865339132,-0.0109890109890074,-0.017094017094017,1,ENABLED,41,38,31.398034,10.008413,0.167755
265,1813677.643293080,MINUS_5_HOLD,1.03865861560277,0,0x101,C4F2843F00000000,1.03894865339132,-0.0109890109890074,-0.017094017094017,1,ENABLED,41,38,41.503557,9.999530,0.171464
266,1813677.653356586,MINUS_5_HOLD,1.03865861560277,0,0x101,C4F2843F00000000,1.03894865339132,-0.0109890109890074,-0.017094017094017,1,ENABLED,41,38,51.510285,10.041095,0.215348
267,1813677.663284003,MINUS_5_HOLD,1.03865861560277,0,0x101,C4F2843F00000000,1.03894865339132,-0.0109890109890074,-0.017094017094017,1,ENABLED,41,38,61.553562,9.924840,0.162599
268,1813677.673284661,MINUS_5_HOLD,1.03865861560277,0,0x101,C4F2843F00000000,1.03894865339132,-0.0109890109890074,-0.017094017094017,1,ENABLED,41,38,71.505052,9.998087,0.163263
269,1813677.683294944,MINUS_5_HOLD,1.03865861560277,0,0x101,C4F2843F00000000,1.03894865339132,-0.0109890109890074,-0.017094017094017,1,ENABLED,41,38,81.485420,10.007229,0.173063
270,1813677.693277540,MINUS_5_HOLD,1.03865861560277,0,0x101,C4F2843F00000000,1.03894865339132,-0.0109890109890074,-0.017094017094017,1,ENABLED,41,38,91.372888,9.980066,0.156183
271,1813677.703358627,MINUS_5_HOLD,1.03865861560277,0,0x101,C4F2843F00000000,1.03894865339132,-0.0109890109890074,-0.017094017094017,1,ENABLED,41,38,1.318381,10.053939,0.212652
272,1813677.713179773,MINUS_5_HOLD,1.03865861560277,0,0x101,C4F2843F00000000,1.03894865339132,-0.0109890109890074,-0.017094017094017,1,ENABLED,41,38,11.155767,9.818314,0.058114
273,1813677.723185870,MINUS_5_HOLD,1.03865861560277,0,0x101,C4F2843F00000000,1.03894865339132,-0.0109890109890074,-0.017094017094017,1,ENABLED,41,38,21.100100,10.001951,0.062897
274,1813677.733297884,MINUS_5_HOLD,1.03865861560277,0,0x101,C4F2843F00000000,1.03894865339132,-0.0109890109890074,-0.017094017094017,1,ENABLED,41,38,31.220749,10.108856,0.175898
275,1813677.743296209,MINUS_5_HOLD,1.03865861560277,0,0x101,C4F2843F00000000,1.03894865339132,-0.0109890109890074,-0.017094017094017,1,ENABLED,41,38,41.187550,9.995392,0.174449
276,1813677.753320595,MINUS_5_HOLD,1.03865861560277,0,0x101,C4F2843F00000000,1.03894865339132,-0.0109890109890074,-0.017094017094017,1,ENABLED,41,38,51.312267,10.020198,0.197580
277,1813677.763287551,MINUS_5_HOLD,1.03865861560277,0,0x101,C4F2843F00000000,1.03894865339132,-0.0109890109890074,-0.017094017094017,1,ENABLED,41,38,61.459988,9.964352,0.166120
278,1813677.773236152,MINUS_5_HOLD,1.03865861560277,0,0x101,C4F2843F00000000,1.03894865339132,-0.0109890109890074,-0.017094017094017,1,ENABLED,41,38,71.050256,9.944825,0.113548
279,1813677.783398557,MINUS_5_HOLD,1.03865861560277,0,0x101,C4F2843F00000000,1.03894865339132,-0.0109890109890074,-0.017094017094017,1,ENABLED,41,38,81.277184,10.154017,0.271342
280,1813677.793241086,MINUS_5_HOLD,1.03865861560277,0,0x101,C4F2843F00000000,1.03894865339132,-0.0109890109890074,-0.017094017094017,1,ENABLED,41,38,91.117265,9.833615,0.113345
281,1813677.803367359,MINUS_5_HOLD,1.03865861560277,0,0x101,C4F2843F00000000,1.03894865339132,-0.0109890109890074,-0.017094017094017,1,ENABLED,41,38,0.877686,10.098581,0.220839
282,1813677.813408703,MINUS_5_HOLD,1.03865861560277,0,0x101,C4F2843F00000000,1.03894865339132,-0.0109890109890074,-0.017094017094017,1,ENABLED,41,38,11.044805,10.032142,0.280673
283,1813677.823284784,MINUS_5_HOLD,1.03865861560277,0,0x101,C4F2843F00000000,1.03894865339132,-0.0109890109890074,-0.017094017094017,1,ENABLED,41,38,20.603434,9.873530,0.163405
284,1813677.833281689,MINUS_5_HOLD,1.03865861560277,0,0x101,C4F2843F00000000,1.03894865339132,-0.0109890109890074,-0.017094017094017,1,ENABLED,41,38,30.667437,9.994328,0.160284
285,1813677.843302226,MINUS_5_HOLD,1.03865861560277,0,0x101,C4F2843F00000000,1.03894865339132,-0.0109890109890074,-0.017094017094017,1,ENABLED,41,38,40.687034,10.017154,0.180015
286,1813677.853300535,MINUS_5_HOLD,1.03865861560277,0,0x101,C4F2843F00000000,1.03894865339132,-0.0109890109890074,-0.017094017094017,1,ENABLED,41,38,50.646437,9.995436,0.178834
287,1813677.863286703,MINUS_5_HOLD,1.03865861560277,0,0x101,C4F2843F00000000,1.03894865339132,-0.0109890109890074,-0.017094017094017,1,ENABLED,41,38,60.722645,9.983501,0.165208
288,1813677.873355686,MINUS_5_HOLD,1.03865861560277,0,0x101,C4F2843F00000000,1.03894865339132,-0.0109890109890074,-0.017094017094017,1,ENABLED,41,38,70.681513,10.054342,0.222218
289,1813677.883284871,MINUS_5_HOLD,1.03865861560277,0,0x101,C4F2843F00000000,1.03894865339132,-0.0109890109890074,-0.017094017094017,1,ENABLED,41,38,80.659012,9.926612,0.163470
290,1813677.893284069,MINUS_5_HOLD,1.03865861560277,0,0x101,C4F2843F00000000,1.03894865339132,-0.0109890109890074,-0.017094017094017,1,ENABLED,41,38,90.639356,9.996560,0.162603
291,1813677.903289605,MINUS_5_HOLD,1.03865861560277,0,0x101,C4F2843F00000000,1.03894865339132,-0.0109890109890074,-0.017094017094017,1,ENABLED,41,38,0.294837,10.002678,0.167919
292,1813677.913181152,FINAL_CENTER_RETURN,1.12592507820249,0.174532925199433,0x101,501E903FC2B8323E,1.03894865339132,-0.0109890109890074,-0.017094017094017,1,ENABLED,41,38,10.231322,9.888724,0.059501
293,1813677.923188995,FINAL_CENTER_RETURN,1.12592507820249,0.174532925199433,0x101,501E903FC2B8323E,1.03894865339132,-0.0109890109890074,-0.017094017094017,1,ENABLED,41,38,20.168916,10.003273,0.065597
294,1813677.933183133,FINAL_CENTER_RETURN,1.12592507820249,0.174532925199433,0x101,501E903FC2B8323E,1.03894865339132,-0.0109890109890074,-0.017094017094017,1,ENABLED,41,38,30.102820,9.990066,0.060233
295,1813677.943283535,FINAL_CENTER_RETURN,1.12592507820249,0.174532925199433,0x101,501E903FC2B8323E,1.03894865339132,-0.0109890109890074,-0.017094017094017,1,ENABLED,41,38,40.286849,10.097389,0.161694
296,1813677.953342080,FINAL_CENTER_RETURN,1.12592507820249,0.174532925199433,0x101,501E903FC2B8323E,1.03894865339132,-0.0109890109890074,-0.017094017094017,1,ENABLED,41,38,50.250134,10.055834,0.220541
297,1813677.963292794,FINAL_CENTER_RETURN,1.12592507820249,0.174532925199433,0x101,501E903FC2B8323E,1.03894865339132,-0.0109890109890074,-0.017094017094017,1,ENABLED,41,38,60.328254,9.948179,0.171431
298,1813677.973285502,FINAL_CENTER_RETURN,1.12592507820249,0.174532925199433,0x101,501E903FC2B8323E,1.03894865339132,-0.0109890109890074,-0.017094017094017,1,ENABLED,41,38,70.261753,9.990052,0.164018
299,1813677.983286130,FINAL_CENTER_RETURN,1.12592507820249,0.174532925199433,0x101,501E903FC2B8323E,1.03894865339132,-0.0109890109890074,-0.017094017094017,1,ENABLED,41,38,80.198069,9.998067,0.164741
300,1813677.993359728,FINAL_CENTER_RETURN,1.12592507820249,0.174532925199433,0x101,501E903FC2B8323E,1.03894865339132,-0.0109890109890074,-0.017094017094017,1,ENABLED,41,38,90.309027,10.053282,0.220584
301,1813678.003182297,FINAL_CENTER_RETURN,1.12592507820249,0.174532925199433,0x101,501E903FC2B8323E,1.04428931105516,0.164835164835168,-0.00244200244200243,1,ENABLED,41,38,0.080297,9.819010,0.059910
302,1813678.013237051,FINAL_CENTER_RETURN,1.12592507820249,0.174532925199433,0x101,501E903FC2B8323E,1.04428931105516,0.164835164835168,-0.00244200244200243,1,ENABLED,41,38,9.906105,10.049556,0.113025
303,1813678.023355620,FINAL_CENTER_RETURN,1.12592507820249,0.174532925199433,0x101,501E903FC2B8323E,1.04428931105516,0.164835164835168,-0.00244200244200243,1,ENABLED,41,38,20.001340,10.103653,0.221876
304,1813678.033334610,FINAL_CENTER_RETURN,1.12592507820249,0.174532925199433,0x101,501E903FC2B8323E,1.04428931105516,0.164835164835168,-0.00244200244200243,1,ENABLED,41,38,29.987383,9.976265,0.213057
305,1813678.043193004,FINAL_CENTER_RETURN,1.12592507820249,0.174532925199433,0x101,501E903FC2B8323E,1.04428931105516,0.164835164835168,-0.00244200244200243,1,ENABLED,41,38,39.787104,9.855937,0.071719
306,1813678.053283034,FINAL_CENTER_RETURN,1.12592507820249,0.174532925199433,0x101,501E903FC2B8323E,1.04428931105516,0.164835164835168,-0.00244200244200243,1,ENABLED,41,38,49.936557,10.087452,0.161628
307,1813678.063288997,FINAL_CENTER_RETURN,1.12592507820249,0.174532925199433,0x101,501E903FC2B8323E,1.04428931105516,0.164835164835168,-0.00244200244200243,1,ENABLED,41,38,60.019656,10.003038,0.167244
308,1813678.073181796,FINAL_CENTER_RETURN,1.12592507820249,0.174532925199433,0x101,501E903FC2B8323E,1.04428931105516,0.164835164835168,-0.00244200244200243,1,ENABLED,41,38,69.850993,9.889657,0.059826
309,1813678.083298983,FINAL_CENTER_RETURN,1.12592507820249,0.174532925199433,0x101,501E903FC2B8323E,1.04428931105516,0.164835164835168,-0.00244200244200243,1,ENABLED,41,38,79.942484,10.112964,0.175932
310,1813678.093279737,FINAL_CENTER_RETURN,1.12592507820249,0.174532925199433,0x101,501E903FC2B8323E,1.04428931105516,0.164835164835168,-0.00244200244200243,1,ENABLED,41,38,89.935007,9.978230,0.158385
311,1813678.103278637,FINAL_CENTER_RETURN,1.12592507820249,0.174532925199433,0x101,501E903FC2B8323E,1.04428931105516,0.164835164835168,-0.00244200244200243,1,ENABLED,41,38,99.933205,9.996416,0.157325
312,1813678.113292963,FINAL_CENTER_RETURN,1.12592507820249,0.174532925199433,0x101,501E903FC2B8323E,1.05535210193027,0.164835164835168,0.0073260073260073,1,ENABLED,41,38,9.890998,10.009881,0.169690
313,1813678.123184314,FINAL_CENTER_RETURN,1.12592507820249,0.174532925199433,0x101,501E903FC2B8323E,1.05535210193027,0.164835164835168,0.0073260073260073,1,ENABLED,41,38,19.544256,9.886943,0.061078
314,1813678.133352960,FINAL_CENTER_RETURN,1.12592507820249,0.174532925199433,0x101,501E903FC2B8323E,1.05535210193027,0.164835164835168,0.0073260073260073,1,ENABLED,41,38,29.776164,10.150899,0.216385
315,1813678.143289495,FINAL_CENTER_RETURN,1.12592507820249,0.174532925199433,0x101,501E903FC2B8323E,1.05535210193027,0.164835164835168,0.0073260073260073,1,ENABLED,41,38,39.709997,9.933395,0.167527
316,1813678.153321013,FINAL_CENTER_RETURN,1.12592507820249,0.174532925199433,0x101,501E903FC2B8323E,1.05535210193027,0.164835164835168,0.0073260073260073,1,ENABLED,41,38,49.719679,10.027116,0.197783
317,1813678.163298587,FINAL_CENTER_RETURN,1.12592507820249,0.174532925199433,0x101,501E903FC2B8323E,1.05535210193027,0.164835164835168,0.0073260073260073,1,ENABLED,41,38,59.921573,9.974891,0.177076
318,1813678.173285620,FINAL_CENTER_RETURN,1.12592507820249,0.174532925199433,0x101,501E903FC2B8323E,1.05535210193027,0.164835164835168,0.0073260073260073,1,ENABLED,41,38,69.760244,9.984146,0.163905
319,1813678.183284272,FINAL_CENTER_RETURN,1.12592507820249,0.174532925199433,0x101,501E903FC2B8323E,1.05535210193027,0.164835164835168,0.0073260073260073,1,ENABLED,41,38,79.814453,9.996183,0.162975
320,1813678.193359720,FINAL_CENTER_RETURN,1.12592507820249,0.174532925199433,0x101,501E903FC2B8323E,1.05535210193027,0.164835164835168,0.0073260073260073,1,ENABLED,41,38,89.842589,10.059239,0.224683
321,1813678.203282446,FINAL_CENTER_RETURN,1.12592507820249,0.174532925199433,0x101,501E903FC2B8323E,1.05535210193027,0.164835164835168,0.0073260073260073,1,ENABLED,41,38,99.754706,9.919418,0.160310
322,1813678.213288842,FINAL_CENTER_RETURN,1.12592507820249,0.174532925199433,0x101,501E903FC2B8323E,1.07213702601663,0.186813186813183,0.0122100122100122,1,ENABLED,41,38,9.886813,10.003495,0.167113
323,1813678.223290603,FINAL_CENTER_RETURN,1.12592507820249,0.174532925199433,0x101,501E903FC2B8323E,1.07213702601663,0.186813186813183,0.0122100122100122,1,ENABLED,41,38,19.630617,9.997767,0.167781
324,1813678.233294073,FINAL_CENTER_RETURN,1.12592507820249,0.174532925199433,0x101,501E903FC2B8323E,1.07213702601663,0.186813186813183,0.0122100122100122,1,ENABLED,41,38,29.677381,10.000379,0.172154
325,1813678.243287230,FINAL_CENTER_RETURN,1.12592507820249,0.174532925199433,0x101,501E903FC2B8323E,1.07213702601663,0.186813186813183,0.0122100122100122,1,ENABLED,41,38,39.622779,9.990624,0.165869
326,1813678.253296893,FINAL_CENTER_RETURN,1.12592507820249,0.174532925199433,0x101,501E903FC2B8323E,1.07213702601663,0.186813186813183,0.0122100122100122,1,ENABLED,41,38,49.669806,10.007179,0.175581
327,1813678.263291812,FINAL_CENTER_RETURN,1.12592507820249,0.174532925199433,0x101,501E903FC2B8323E,1.07213702601663,0.186813186813183,0.0122100122100122,1,ENABLED,41,38,59.692980,9.992378,0.170443
328,1813678.273331110,FINAL_CENTER_RETURN,1.12592507820249,0.174532925199433,0x101,501E903FC2B8323E,1.07213702601663,0.186813186813183,0.0122100122100122,1,ENABLED,41,38,69.657657,10.036600,0.209584
329,1813678.283287205,FINAL_CENTER_RETURN,1.12592507820249,0.174532925199433,0x101,501E903FC2B8323E,1.07213702601663,0.186813186813183,0.0122100122100122,1,ENABLED,41,38,79.538614,9.953576,0.165858
330,1813678.293291893,FINAL_CENTER_RETURN,1.12592507820249,0.174532925199433,0x101,501E903FC2B8323E,1.07213702601663,0.186813186813183,0.0122100122100122,1,ENABLED,41,38,89.564193,10.000773,0.169150
331,1813678.303285083,FINAL_CENTER_RETURN,1.12592507820249,0.174532925199433,0x101,501E903FC2B8323E,1.07213702601663,0.186813186813183,0.0122100122100122,1,ENABLED,41,38,99.524357,9.990139,0.163204
332,1813678.313300944,FINAL_CENTER_RETURN,1.12592507820249,0.174532925199433,0x101,501E903FC2B8323E,1.09197375448234,0.186813186813183,0.0073260073260073,1,ENABLED,41,38,9.347738,10.012957,0.179212
333,1813678.323186160,FINAL_CENTER_RETURN,1.12592507820249,0.174532925199433,0x101,501E903FC2B8323E,1.09197375448234,0.186813186813183,0.0073260073260073,1,ENABLED,41,38,19.191594,9.880379,0.062495
334,1813678.333281091,FINAL_CENTER_RETURN,1.12592507820249,0.174532925199433,0x101,501E903FC2B8323E,1.09197375448234,0.186813186813183,0.0073260073260073,1,ENABLED,41,38,29.329971,10.092149,0.159481
335,1813678.343357743,FINAL_CENTER_RETURN,1.12592507820249,0.174532925199433,0x101,501E903FC2B8323E,1.09197375448234,0.186813186813183,0.0073260073260073,1,ENABLED,41,38,39.316316,10.059329,0.221592
336,1813678.353387797,FINAL_CENTER_RETURN,1.12592507820249,0.174532925199433,0x101,501E903FC2B8323E,1.09197375448234,0.186813186813183,0.0073260073260073,1,ENABLED,41,38,49.453442,10.010903,0.249818
337,1813678.363406624,FINAL_CENTER_RETURN,1.12592507820249,0.174532925199433,0x101,501E903FC2B8323E,1.09197375448234,0.186813186813183,0.0073260073260073,1,ENABLED,41,38,59.688463,10.000637,0.269606
338,1813678.373253919,FINAL_CENTER_RETURN,1.12592507820249,0.174532925199433,0x101,501E903FC2B8323E,1.09197375448234,0.186813186813183,0.0073260073260073,1,ENABLED,41,38,69.266302,9.838705,0.126501
339,1813678.383291785,FINAL_CENTER_RETURN,1.12592507820249,0.174532925199433,0x101,501E903FC2B8323E,1.09197375448234,0.186813186813183,0.0073260073260073,1,ENABLED,41,38,79.209377,10.035330,0.170421
340,1813678.393288463,FINAL_CENTER_RETURN,1.12592507820249,0.174532925199433,0x101,501E903FC2B8323E,1.09197375448234,0.186813186813183,0.0073260073260073,1,ENABLED,41,38,89.268979,9.994146,0.167103
341,1813678.403280434,FINAL_CENTER_RETURN,1.12592507820249,0.174532925199433,0x101,501E903FC2B8323E,1.09197375448234,0.186813186813183,0.0073260073260073,1,ENABLED,41,38,99.219259,9.989491,0.159126
342,1813678.413199406,FINAL_CENTER_RETURN,1.12592507820249,0.174532925199433,0x101,501E903FC2B8323E,1.10952162966354,0.164835164835168,0.0073260073260073,1,ENABLED,41,38,8.975363,9.916013,0.077619
343,1813678.423356565,FINAL_CENTER_HOLD,1.12592507820249,0,0x101,501E903F00000000,1.10952162966354,0.164835164835168,0.0073260073260073,1,ENABLED,41,38,19.074388,10.141564,0.222142
344,1813678.433291891,FINAL_CENTER_HOLD,1.12592507820249,0,0x101,501E903F00000000,1.10952162966354,0.164835164835168,0.0073260073260073,1,ENABLED,41,38,29.047211,9.931231,0.168968
345,1813678.443354755,FINAL_CENTER_HOLD,1.12592507820249,0,0x101,501E903F00000000,1.10952162966354,0.164835164835168,0.0073260073260073,1,ENABLED,41,38,39.188809,10.039404,0.212467
346,1813678.453184812,FINAL_CENTER_HOLD,1.12592507820249,0,0x101,501E903F00000000,1.10952162966354,0.164835164835168,0.0073260073260073,1,ENABLED,41,38,49.041466,9.826954,0.062881
347,1813678.463281794,FINAL_CENTER_HOLD,1.12592507820249,0,0x101,501E903F00000000,1.10952162966354,0.164835164835168,0.0073260073260073,1,ENABLED,41,38,59.168163,10.094432,0.160416
348,1813678.473290124,FINAL_CENTER_HOLD,1.12592507820249,0,0x101,501E903F00000000,1.10952162966354,0.164835164835168,0.0073260073260073,1,ENABLED,41,38,69.159767,10.005221,0.168187
349,1813678.483287789,FINAL_CENTER_HOLD,1.12592507820249,0,0x101,501E903F00000000,1.10952162966354,0.164835164835168,0.0073260073260073,1,ENABLED,41,38,79.134352,9.995206,0.166502
350,1813678.493314493,FINAL_CENTER_HOLD,1.12592507820249,0,0x101,501E903F00000000,1.10952162966354,0.164835164835168,0.0073260073260073,1,ENABLED,41,38,89.139683,10.024186,0.193147
351,1813678.503184086,FINAL_CENTER_HOLD,1.12592507820249,0,0x101,501E903F00000000,1.10952162966354,0.164835164835168,0.0073260073260073,1,ENABLED,41,38,98.971587,9.864017,0.059682
352,1813678.513296762,FINAL_CENTER_HOLD,1.12592507820249,0,0x101,501E903F00000000,1.11371786068513,-0.0109890109890074,0.0073260073260073,1,ENABLED,41,38,8.963474,10.108988,0.174246
353,1813678.523184198,FINAL_CENTER_HOLD,1.12592507820249,0,0x101,501E903F00000000,1.11371786068513,-0.0109890109890074,0.0073260073260073,1,ENABLED,41,38,18.632502,9.883335,0.061269
354,1813678.533286501,FINAL_CENTER_HOLD,1.12592507820249,0,0x101,501E903F00000000,1.11371786068513,-0.0109890109890074,0.0073260073260073,1,ENABLED,41,38,28.824134,10.099607,0.164977
355,1813678.543280277,FINAL_CENTER_HOLD,1.12592507820249,0,0x101,501E903F00000000,1.11371786068513,-0.0109890109890074,0.0073260073260073,1,ENABLED,41,38,38.762213,9.991297,0.158970
356,1813678.553365256,FINAL_CENTER_HOLD,1.12592507820249,0,0x101,501E903F00000000,1.11371786068513,-0.0109890109890074,0.0073260073260073,1,ENABLED,41,38,48.876852,10.070991,0.232440
357,1813678.563184329,FINAL_CENTER_HOLD,1.12592507820249,0,0x101,501E903F00000000,1.11371786068513,-0.0109890109890074,0.0073260073260073,1,ENABLED,41,38,58.676033,9.816238,0.062666
358,1813678.573360146,FINAL_CENTER_HOLD,1.12592507820249,0,0x101,501E903F00000000,1.11371786068513,-0.0109890109890074,0.0073260073260073,1,ENABLED,41,38,68.849739,10.173356,0.238857
359,1813678.583361075,FINAL_CENTER_HOLD,1.12592507820249,0,0x101,501E903F00000000,1.11371786068513,-0.0109890109890074,0.0073260073260073,1,ENABLED,41,38,78.884812,9.971971,0.213289
360,1813678.593293640,FINAL_CENTER_HOLD,1.12592507820249,0,0x101,501E903F00000000,1.11371786068513,-0.0109890109890074,0.0073260073260073,1,ENABLED,41,38,88.746503,9.929016,0.171263
361,1813678.603217606,FINAL_CENTER_HOLD,1.12592507820249,0,0x101,501E903F00000000,1.11371786068513,-0.0109890109890074,0.0073260073260073,1,ENABLED,41,38,98.591852,9.921072,0.095884
362,1813678.613179810,FINAL_CENTER_HOLD,1.12592507820249,0,0x101,501E903F00000000,1.11371786068513,-0.0109890109890074,0.0073260073260073,1,ENABLED,41,38,8.333815,9.959452,0.058230
363,1813678.623280682,FINAL_CENTER_HOLD,1.12592507820249,0,0x101,501E903F00000000,1.11371786068513,-0.0109890109890074,0.0073260073260073,1,ENABLED,41,38,18.388891,10.098478,0.159460
364,1813678.633290506,FINAL_CENTER_HOLD,1.12592507820249,0,0x101,501E903F00000000,1.11371786068513,-0.0109890109890074,0.0073260073260073,1,ENABLED,41,38,28.441289,10.006686,0.168540
365,1813678.643284358,FINAL_CENTER_HOLD,1.12592507820249,0,0x101,501E903F00000000,1.11371786068513,-0.0109890109890074,0.0073260073260073,1,ENABLED,41,38,38.396423,9.991163,0.162841
366,1813678.653287969,FINAL_CENTER_HOLD,1.12592507820249,0,0x101,501E903F00000000,1.11371786068513,-0.0109890109890074,0.0073260073260073,1,ENABLED,41,38,48.439010,10.001028,0.166558
367,1813678.663180431,FINAL_CENTER_HOLD,1.12592507820249,0,0x101,501E903F00000000,1.11371786068513,-0.0109890109890074,0.0073260073260073,1,ENABLED,41,38,58.401290,9.889527,0.058668
368,1813678.673351284,FINAL_CENTER_HOLD,1.12592507820249,0,0x101,501E903F00000000,1.11371786068513,-0.0109890109890074,0.0073260073260073,1,ENABLED,41,38,68.413535,10.166094,0.227697
369,1813678.683376973,FINAL_CENTER_HOLD,1.12592507820249,0,0x101,501E903F00000000,1.11371786068513,-0.0109890109890074,0.0073260073260073,1,ENABLED,41,38,78.488771,10.012221,0.244677
370,1813678.693286131,FINAL_CENTER_HOLD,1.12592507820249,0,0x101,501E903F00000000,1.11371786068513,-0.0109890109890074,0.0073260073260073,1,ENABLED,41,38,88.432293,9.906676,0.164821
371,1813678.703285683,FINAL_CENTER_HOLD,1.12592507820249,0,0x101,501E903F00000000,1.11371786068513,-0.0109890109890074,0.0073260073260073,1,ENABLED,41,38,98.420624,9.997023,0.164326
372,1813678.713179715,FINAL_CENTER_HOLD,1.12592507820249,0,0x101,501E903F00000000,1.11295490959029,-0.0329670329670364,0.0073260073260073,1,ENABLED,41,38,8.099857,9.891274,0.058129
373,1813678.723185592,FINAL_CENTER_HOLD,1.12592507820249,0,0x101,501E903F00000000,1.11295490959029,-0.0329670329670364,0.0073260073260073,1,ENABLED,41,38,18.070584,10.001874,0.062761
374,1813678.733181194,FINAL_CENTER_HOLD,1.12592507820249,0,0x101,501E903F00000000,1.11295490959029,-0.0329670329670364,0.0073260073260073,1,ENABLED,41,38,28.090008,9.992154,0.058918
375,1813678.743217049,FINAL_CENTER_HOLD,1.12592507820249,0,0x101,501E903F00000000,1.11295490959029,-0.0329670329670364,0.0073260073260073,1,ENABLED,41,38,38.228847,10.031800,0.094166
376,1813678.753215596,FINAL_CENTER_HOLD,1.12592507820249,0,0x101,501E903F00000000,1.11295490959029,-0.0329670329670364,0.0073260073260073,1,ENABLED,41,38,48.276152,9.995364,0.093585
377,1813678.763179275,FINAL_CENTER_HOLD,1.12592507820249,0,0x101,501E903F00000000,1.11295490959029,-0.0329670329670364,0.0073260073260073,1,ENABLED,41,38,58.190420,9.960987,0.057755
378,1813678.773353008,FINAL_CENTER_HOLD,1.12592507820249,0,0x101,501E903F00000000,1.11295490959029,-0.0329670329670364,0.0073260073260073,1,ENABLED,41,38,68.369405,10.158941,0.219387
379,1813678.783290410,FINAL_CENTER_HOLD,1.12592507820249,0,0x101,501E903F00000000,1.11295490959029,-0.0329670329670364,0.0073260073260073,1,ENABLED,41,38,78.148535,9.934200,0.168380
380,1813678.793357123,FINAL_CENTER_HOLD,1.12592507820249,0,0x101,501E903F00000000,1.11295490959029,-0.0329670329670364,0.0073260073260073,1,ENABLED,41,38,88.361334,10.040817,0.212399
381,1813678.803280774,FINAL_CENTER_HOLD,1.12592507820249,0,0x101,501E903F00000000,1.11295490959029,-0.0329670329670364,0.0073260073260073,1,ENABLED,41,38,98.285366,9.920956,0.159251
382,1813678.813298480,FINAL_CENTER_HOLD,1.12592507820249,0,0x101,501E903F00000000,1.11371786068513,0.0109890109890074,0.0073260073260073,1,ENABLED,41,38,7.988901,10.013313,0.175259
