sample,callback_monotonic_s,can_id_hex,payload_hex,state,state_name,position_rad,velocity_rad_s,torque_protocol,mos_temperature_c,coil_temperature_c
0,1813663.457170589,0x0,018B888007FF2926,0,DISABLED,1.1263065537499,0.0109890109890074,-0.00244200244200243,41,38
1,1813663.457237694,0x0,018B877FE7FF2926,0,DISABLED,1.12592507820249,-0.0329670329670364,-0.00244200244200243,41,38
2,1813663.457267897,0x0,018B877FF7FF2926,0,DISABLED,1.12592507820249,-0.0109890109890074,-0.00244200244200243,41,38
3,1813663.457302883,0x0,018B877FF7FF2926,0,DISABLED,1.12592507820249,-0.0109890109890074,-0.00244200244200243,41,38
4,1813663.457330307,0x0,018B887FF7FF2926,0,DISABLED,1.1263065537499,-0.0109890109890074,-0.00244200244200243,41,38
5,1813663.457357859,0x0,018B877FE7FF2926,0,DISABLED,1.12592507820249,-0.0329670329670364,-0.00244200244200243,41,38
6,1813663.457394167,0x0,018B877FF7FF2926,0,DISABLED,1.12592507820249,-0.0109890109890074,-0.00244200244200243,41,38
7,1813663.457422728,0x0,018B888007FF2926,0,DISABLED,1.1263065537499,0.0109890109890074,-0.00244200244200243,41,38
8,1813663.457450405,0x0,018B887FE7FF2926,0,DISABLED,1.1263065537499,-0.0329670329670364,-0.00244200244200243,41,38
9,1813663.457482214,0x0,018B887FF7FF2926,0,DISABLED,1.1263065537499,-0.0109890109890074,-0.00244200244200243,41,38
10,1813663.557843868,0x0,018B887FE7FF2926,0,DISABLED,1.1263065537499,-0.0329670329670364,-0.00244200244200243,41,38
11,1813663.557906026,0x0,018B878007FF2926,0,DISABLED,1.12592507820249,0.0109890109890074,-0.00244200244200243,41,38
12,1813663.557934454,0x0,018B877FF7FF2926,0,DISABLED,1.12592507820249,-0.0109890109890074,-0.00244200244200243,41,38
13,1813663.557969100,0x0,018B878007FF2926,0,DISABLED,1.12592507820249,0.0109890109890074,-0.00244200244200243,41,38
14,1813663.558011033,0x0,018B877FF7FF2926,0,DISABLED,1.12592507820249,-0.0109890109890074,-0.00244200244200243,41,38
15,1813663.558062027,0x0,018B877FF7FF2926,0,DISABLED,1.12592507820249,-0.0109890109890074,-0.00244200244200243,41,38
16,1813663.558091753,0x0,018B878007FF2926,0,DISABLED,1.12592507820249,0.0109890109890074,-0.00244200244200243,41,38
17,1813663.558119088,0x0,018B877FF7FF2926,0,DISABLED,1.12592507820249,-0.0109890109890074,-0.00244200244200243,41,38
18,1813663.558146573,0x0,018B867FF7FF2926,0,DISABLED,1.12554360265507,-0.0109890109890074,-0.00244200244200243,41,38
19,1813663.558174661,0x0,018B878007FF2926,0,DISABLED,1.12592507820249,0.0109890109890074,-0.00244200244200243,41,38
20,1813663.558203792,0x0,018B877FE7FF2926,0,DISABLED,1.12592507820249,-0.0329670329670364,-0.00244200244200243,41,38
21,1813663.658345100,0x0,018B868007FF2926,0,DISABLED,1.12554360265507,0.0109890109890074,-0.00244200244200243,41,38
22,1813663.658395143,0x0,018B877FF7FF2926,0,DISABLED,1.12592507820249,-0.0109890109890074,-0.00244200244200243,41,38
23,1813663.658422555,0x0,018B878007FF2926,0,DISABLED,1.12592507820249,0.0109890109890074,-0.00244200244200243,41,38
24,1813663.658448707,0x0,018B877FF7FF2926,0,DISABLED,1.12592507820249,-0.0109890109890074,-0.00244200244200243,41,38
25,1813663.658479401,0x0,018B887FE7FF2926,0,DISABLED,1.1263065537499,-0.0329670329670364,-0.00244200244200243,41,38
26,1813663.658505102,0x0,018B877FF7FF2926,0,DISABLED,1.12592507820249,-0.0109890109890074,-0.00244200244200243,41,38
27,1813663.658533243,0x0,018B888007FF2926,0,DISABLED,1.1263065537499,0.0109890109890074,-0.00244200244200243,41,38
28,1813663.658559213,0x0,018B877FE7FF2926,0,DISABLED,1.12592507820249,-0.0329670329670364,-0.00244200244200243,41,38
29,1813663.658585413,0x0,018B877FF7FF2926,0,DISABLED,1.12592507820249,-0.0109890109890074,-0.00244200244200243,41,38
30,1813663.658610524,0x0,018B877FF7FF2926,0,DISABLED,1.12592507820249,-0.0109890109890074,-0.00244200244200243,41,38
31,1813663.758755897,0x0,018B877FE7FF2926,0,DISABLED,1.12592507820249,-0.0329670329670364,-0.00244200244200243,41,38
32,1813663.758805450,0x0,018B868017FF2926,0,DISABLED,1.12554360265507,0.0329670329670364,-0.00244200244200243,41,38
33,1813663.758832457,0x0,018B877FF7FF2926,0,DISABLED,1.12592507820249,-0.0109890109890074,-0.00244200244200243,41,38
34,1813663.758859118,0x0,018B877FF7FF2926,0,DISABLED,1.12592507820249,-0.0109890109890074,-0.00244200244200243,41,38
35,1813663.758884779,0x0,018B877FF7FF2926,0,DISABLED,1.12592507820249,-0.0109890109890074,-0.00244200244200243,41,38
36,1813663.758911024,0x0,018B888007FF2926,0,DISABLED,1.1263065537499,0.0109890109890074,-0.00244200244200243,41,38
37,1813663.758936813,0x0,018B867FE7FF2926,0,DISABLED,1.12554360265507,-0.0329670329670364,-0.00244200244200243,41,38
38,1813663.758962768,0x0,018B868007FF2926,0,DISABLED,1.12554360265507,0.0109890109890074,-0.00244200244200243,41,38
39,1813663.758988252,0x0,018B877FE7FF2926,0,DISABLED,1.12592507820249,-0.0329670329670364,-0.00244200244200243,41,38
40,1813663.759027238,0x0,018B877FF7FF2926,0,DISABLED,1.12592507820249,-0.0109890109890074,-0.00244200244200243,41,38
41,1813663.859403367,0x0,018B867FE7FF2926,0,DISABLED,1.12554360265507,-0.0329670329670364,-0.00244200244200243,41,38
42,1813663.859473252,0x0,018B888007FF2926,0,DISABLED,1.1263065537499,0.0109890109890074,-0.00244200244200243,41,38
43,1813663.859500896,0x0,018B877FE7FF2926,0,DISABLED,1.12592507820249,-0.0329670329670364,-0.00244200244200243,41,38
44,1813663.859530629,0x0,018B887FF7FF2926,0,DISABLED,1.1263065537499,-0.0109890109890074,-0.00244200244200243,41,38
45,1813663.859556394,0x0,018B877FE7FF2926,0,DISABLED,1.12592507820249,-0.0329670329670364,-0.00244200244200243,41,38
46,1813663.859583139,0x0,018B877FE7FF2926,0,DISABLED,1.12592507820249,-0.0329670329670364,-0.00244200244200243,41,38
47,1813663.859608917,0x0,018B877FE7FF2926,0,DISABLED,1.12592507820249,-0.0329670329670364,-0.00244200244200243,41,38
48,1813663.859634697,0x0,018B877FF7FF2926,0,DISABLED,1.12592507820249,-0.0109890109890074,-0.00244200244200243,41,38
49,1813663.859660293,0x0,018B887FF7FF2926,0,DISABLED,1.1263065537499,-0.0109890109890074,-0.00244200244200243,41,38
50,1813663.859685317,0x0,018B877FD7FF2926,0,DISABLED,1.12592507820249,-0.0549450549450512,-0.00244200244200243,41,38
51,1813663.960102999,0x0,018B877FF7FF2926,0,DISABLED,1.12592507820249,-0.0109890109890074,-0.00244200244200243,41,38
52,1813663.960157501,0x0,018B877FE7FF2926,0,DISABLED,1.12592507820249,-0.0329670329670364,-0.00244200244200243,41,38
53,1813663.960186517,0x0,018B888007FF2926,0,DISABLED,1.1263065537499,0.0109890109890074,-0.00244200244200243,41,38
54,1813663.960212689,0x0,018B887FE7FF2926,0,DISABLED,1.1263065537499,-0.0329670329670364,-0.00244200244200243,41,38
55,1813663.960238264,0x0,018B888007FF2926,0,DISABLED,1.1263065537499,0.0109890109890074,-0.00244200244200243,41,38
56,1813663.960264567,0x0,018B877FF7FF2926,0,DISABLED,1.12592507820249,-0.0109890109890074,-0.00244200244200243,41,38
57,1813663.960294879,0x0,018B877FF7FF2926,0,DISABLED,1.12592507820249,-0.0109890109890074,-0.00244200244200243,41,38
58,1813663.960320335,0x0,018B877FE7FF2926,0,DISABLED,1.12592507820249,-0.0329670329670364,-0.00244200244200243,41,38
59,1813663.960347808,0x0,018B878007FF2926,0,DISABLED,1.12592507820249,0.0109890109890074,-0.00244200244200243,41,38
60,1813663.960372742,0x0,018B877FF7FF2926,0,DISABLED,1.12592507820249,-0.0109890109890074,-0.00244200244200243,41,38
61,1813664.060729278,0x0,018B877FF7FF2926,0,DISABLED,1.12592507820249,-0.0109890109890074,-0.00244200244200243,41,38
62,1813664.060780824,0x0,018B877FF7FF2926,0,DISABLED,1.12592507820249,-0.0109890109890074,-0.00244200244200243,41,38
63,1813664.060809414,0x0,018B877FF7FF2926,0,DISABLED,1.12592507820249,-0.0109890109890074,-0.00244200244200243,41,38
64,1813664.060835279,0x0,018B877FF7FF2926,0,DISABLED,1.12592507820249,-0.0109890109890074,-0.00244200244200243,41,38
65,1813664.060860659,0x0,018B878007FF2926,0,DISABLED,1.12592507820249,0.0109890109890074,-0.00244200244200243,41,38
66,1813664.060885968,0x0,018B877FF7FF2926,0,DISABLED,1.12592507820249,-0.0109890109890074,-0.00244200244200243,41,38
67,1813664.060914231,0x0,018B878007FF2926,0,DISABLED,1.12592507820249,0.0109890109890074,-0.00244200244200243,41,38
68,1813664.060940387,0x0,018B877FF7FF2926,0,DISABLED,1.12592507820249,-0.0109890109890074,-0.00244200244200243,41,38
69,1813664.060966190,0x0,018B877FE7FF2926,0,DISABLED,1.12592507820249,-0.0329670329670364,-0.00244200244200243,41,38
70,1813664.060993794,0x0,018B878007FF2926,0,DISABLED,1.12592507820249,0.0109890109890074,-0.00244200244200243,41,38
71,1813664.161240844,0x0,018B877FE7FF2926,0,DISABLED,1.12592507820249,-0.0329670329670364,-0.00244200244200243,41,38
72,1813664.161315515,0x0,018B877FF7FF2926,0,DISABLED,1.12592507820249,-0.0109890109890074,-0.00244200244200243,41,38
73,1813664.161333296,0x0,018B877FE7FF2926,0,DISABLED,1.12592507820249,-0.0329670329670364,-0.00244200244200243,41,38
74,1813664.161351645,0x0,018B878017FF2926,0,DISABLED,1.12592507820249,0.0329670329670364,-0.00244200244200243,41,38
75,1813664.161386908,0x0,018B877FF7FF2926,0,DISABLED,1.12592507820249,-0.0109890109890074,-0.00244200244200243,41,38
76,1813664.161398770,0x0,018B888007FF2926,0,DISABLED,1.1263065537499,0.0109890109890074,-0.00244200244200243,41,38
77,1813664.161411530,0x0,018B877FE7FF2926,0,DISABLED,1.12592507820249,-0.0329670329670364,-0.00244200244200243,41,38
78,1813664.161423262,0x0,018B877FF7FF2926,0,DISABLED,1.12592507820249,-0.0109890109890074,-0.00244200244200243,41,38
79,1813664.161434377,0x0,018B877FF7FF2926,0,DISABLED,1.12592507820249,-0.0109890109890074,-0.00244200244200243,41,38
80,1813664.161445086,0x0,018B878007FF2926,0,DISABLED,1.12592507820249,0.0109890109890074,-0.00244200244200243,41,38
81,1813664.261754475,0x0,018B887FE7FF2926,0,DISABLED,1.1263065537499,-0.0329670329670364,-0.00244200244200243,41,38
82,1813664.261799286,0x0,018B878007FF2926,0,DISABLED,1.12592507820249,0.0109890109890074,-0.00244200244200243,41,38
83,1813664.261811617,0x0,018B877FF7FF2926,0,DISABLED,1.12592507820249,-0.0109890109890074,-0.00244200244200243,41,38
84,1813664.261822410,0x0,018B877FF7FF2926,0,DISABLED,1.12592507820249,-0.0109890109890074,-0.00244200244200243,41,38
85,1813664.261832962,0x0,018B867FE7FF2926,0,DISABLED,1.12554360265507,-0.0329670329670364,-0.00244200244200243,41,38
86,1813664.261845546,0x0,018B887FF7FF2926,0,DISABLED,1.1263065537499,-0.0109890109890074,-0.00244200244200243,41,38
87,1813664.261857142,0x0,018B878007FF2926,0,DISABLED,1.12592507820249,0.0109890109890074,-0.00244200244200243,41,38
88,1813664.261867959,0x0,018B877FF7FF2926,0,DISABLED,1.12592507820249,-0.0109890109890074,-0.00244200244200243,41,38
89,1813664.261879977,0x0,018B877FF7FF2926,0,DISABLED,1.12592507820249,-0.0109890109890074,-0.00244200244200243,41,38
90,1813664.261890415,0x0,018B877FF7FF2926,0,DISABLED,1.12592507820249,-0.0109890109890074,-0.00244200244200243,41,38
91,1813664.361973860,0x0,018B877FF7FF2926,0,DISABLED,1.12592507820249,-0.0109890109890074,-0.00244200244200243,41,38
92,1813664.362009890,0x0,018B877FF7FF2926,0,DISABLED,1.12592507820249,-0.0109890109890074,-0.00244200244200243,41,38
93,1813664.362024452,0x0,018B877FF7FF2926,0,DISABLED,1.12592507820249,-0.0109890109890074,-0.00244200244200243,41,38
94,1813664.362044204,0x0,018B877FF7FF2926,0,DISABLED,1.12592507820249,-0.0109890109890074,-0.00244200244200243,41,38
95,1813664.362056859,0x0,018B878017FF2926,0,DISABLED,1.12592507820249,0.0329670329670364,-0.00244200244200243,41,38
96,1813664.362069637,0x0,018B887FE7FF2926,0,DISABLED,1.1263065537499,-0.0329670329670364,-0.00244200244200243,41,38
97,1813664.362082933,0x0,018B887FF7FF2926,0,DISABLED,1.1263065537499,-0.0109890109890074,-0.00244200244200243,41,38
98,1813664.362096370,0x0,018B877FE7FF2926,0,DISABLED,1.12592507820249,-0.0329670329670364,-0.00244200244200243,41,38
99,1813664.362109876,0x0,018B878007FF2926,0,DISABLED,1.12592507820249,0.0109890109890074,-0.00244200244200243,41,38
