cycle,label,timestamp_utc,tx_monotonic_s,q_cmd_protocol_rad,dq_cmd_protocol_rad_s,q_feedback_protocol_rad,q_relative_protocol_rad,q_relative_ros_rad,velocity_feedback_rad_s,torque_feedback_protocol,motor_state,motor_state_name,mos_temperature_c,coil_temperature_c,latest_feedback_timestamp,feedback_age_ms,callback_gap_ms,tx_period_ms,tx_jitter_ms
0,HOLD_CURRENT,2026-08-20T09:05:26.660476+00:00,1809706.215727843,1.0542076752880138,0.0,,,,,,,,,,,0.4641590639948845,,,0.2894671633839607
1,HOLD_CURRENT,2026-08-20T09:05:26.670595+00:00,1809706.225673768,1.0542076752880138,0.0,,,,,,,,,,,10.577003005892038,,9.94592485949397,0.23539201356470585
2,HOLD_CURRENT,2026-08-20T09:05:26.680454+00:00,1809706.235641283,1.0542076752880138,0.0,,,,,,,,,,,20.44133096933365,,9.96751501224935,0.20290701650083065
3,HOLD_CURRENT,2026-08-20T09:05:26.690501+00:00,1809706.245702134,1.0542076752880138,0.0,,,,,,,,,,,30.488885939121246,,10.060850996524096,0.26375800371170044
4,HOLD_CURRENT,2026-08-20T09:05:26.700398+00:00,1809706.255503979,1.0542076752880138,0.0,,,,,,,,,,,40.38246115669608,,9.80184506624937,0.06560306064784527
5,HOLD_CURRENT,2026-08-20T09:05:26.710589+00:00,1809706.265699799,1.0542076752880138,0.0,,,,,,,,,,,50.57394108735025,,10.195819893851876,0.2614229451864958
6,HOLD_CURRENT,2026-08-20T09:05:26.720415+00:00,1809706.275632132,1.0542076752880138,0.0,,,,,,,,,,,60.40115701034665,,9.932333137840033,0.1937560737133026
7,HOLD_CURRENT,2026-08-20T09:05:26.730591+00:00,1809706.285688111,1.0542076752880138,0.0,,,,,,,,,,,70.55951608344913,,10.055979015305638,0.24973507970571518
8,HOLD_CURRENT,2026-08-20T09:05:26.740433+00:00,1809706.295526191,1.0542076752880138,0.0,,,,,,,,,,,80.42335393838584,,9.838079800829291,0.08781487122178078
9,HOLD_CURRENT,2026-08-20T09:05:26.750582+00:00,1809706.305740840,1.0542076752880138,0.0,,,,,,,,,,,90.57153202593327,,10.214649140834808,0.3024640027433634
10,HOLD_CURRENT,2026-08-20T09:05:26.760560+00:00,1809706.315550492,1.0542076752880138,0.0,1.0503929198138398,-0.003814755474174092,,-6.032967032967029,0.0512820512820511,1,ENABLED,41,37,1809706.314913550,1.0727159678936005,0.010667834430932999,9.809651877731085,0.11211587116122246
