sample,request_monotonic_s,callback_monotonic_s,rtt_ms,can_id,state,state_name,position_rad,velocity_rad_s,torque_protocol,mos_temperature_c,coil_temperature_c
0,1809920.860836920,1809920.959815571,98.978651,0,0,DISABLED,1.1015106431677726,-0.0329670329670364,-0.0024420024420024333,41,37
1,1809920.871145800,1809920.959854636,88.708836,0,0,DISABLED,1.1007476920729378,-0.010989010989007397,-0.0024420024420024333,41,37
2,1809920.881145797,1809920.959868575,78.722778,0,0,DISABLED,1.1007476920729378,-0.0329670329670364,-0.0024420024420024333,41,37
3,1809920.891029847,1809920.959879999,68.850152,0,0,DISABLED,1.1007476920729378,-0.0329670329670364,-0.0073260073260073,41,37
4,1809920.901200900,1809920.959891348,58.690448,0,0,DISABLED,1.1011291676203552,-0.010989010989007397,-0.0073260073260073,41,37
5,1809920.911193156,1809920.959902252,48.709096,0,0,DISABLED,1.1011291676203552,-0.010989010989007397,-0.0024420024420024333,41,37
6,1809920.921144947,1809920.959913351,38.768404,0,0,DISABLED,1.1015106431677726,0.0329670329670364,-0.0024420024420024333,41,37
7,1809920.931139999,1809920.959924083,28.784084,0,0,DISABLED,1.1015106431677726,-0.010989010989007397,-0.0073260073260073,41,37
8,1809920.941137574,1809920.959935194,18.797620,0,0,DISABLED,1.1015106431677726,-0.0549450549450512,-0.0024420024420024333,41,37
9,1809920.951098030,1809920.959946063,8.848033,0,0,DISABLED,1.1015106431677726,0.0329670329670364,-0.0024420024420024333,41,37
10,1809920.961140273,1809921.060202683,99.062410,0,0,DISABLED,1.10189211871519,-0.010989010989007397,-0.0024420024420024333,41,37
11,1809920.971137596,1809921.060233959,89.096363,0,0,DISABLED,1.10189211871519,-0.010989010989007397,-0.0073260073260073,41,37
12,1809920.981190753,1809921.060246363,79.055610,0,0,DISABLED,1.1015106431677726,-0.0329670329670364,-0.0024420024420024333,41,37
13,1809920.991200798,1809921.060258191,69.057393,0,0,DISABLED,1.10189211871519,0.010989010989007397,-0.0024420024420024333,41,37
14,1809921.000903152,1809921.060269428,59.366276,0,0,DISABLED,1.1015106431677726,-0.0329670329670364,-0.0024420024420024333,41,37
15,1809921.011085629,1809921.060280814,49.195185,0,0,DISABLED,1.10189211871519,-0.010989010989007397,-0.0024420024420024333,41,37
16,1809921.021098980,1809921.060293116,39.194136,0,0,DISABLED,1.1015106431677726,0.010989010989007397,-0.0024420024420024333,41,37
17,1809921.031208010,1809921.060303793,29.095783,0,0,DISABLED,1.1015106431677726,-0.0329670329670364,-0.0024420024420024333,41,37
18,1809921.041007751,1809921.060314767,19.307016,0,0,DISABLED,1.1015106431677726,-0.010989010989007397,-0.0024420024420024333,41,37
19,1809921.051054251,1809921.060325479,9.271228,0,0,DISABLED,1.1015106431677726,-0.010989010989007397,-0.0024420024420024333,41,37
20,1809921.061062608,1809921.160693769,99.631161,0,0,DISABLED,1.10189211871519,-0.0329670329670364,-0.0024420024420024333,41,37
21,1809921.071016007,1809921.160730506,89.714499,0,0,DISABLED,1.10189211871519,0.010989010989007397,-0.0024420024420024333,41,37
22,1809921.081076607,1809921.160743635,79.667028,0,0,DISABLED,1.10189211871519,-0.010989010989007397,-0.0024420024420024333,41,37
23,1809921.091045376,1809921.160757538,69.712162,0,0,DISABLED,1.10189211871519,-0.010989010989007397,-0.0024420024420024333,41,37
24,1809921.101072313,1809921.160770111,59.697798,0,0,DISABLED,1.1015106431677726,0.010989010989007397,-0.0024420024420024333,41,37
25,1809921.111073668,1809921.160781687,49.708019,0,0,DISABLED,1.1011291676203552,-0.0329670329670364,-0.0024420024420024333,41,37
26,1809921.120889974,1809921.160793050,39.903076,0,0,DISABLED,1.1011291676203552,-0.010989010989007397,-0.0024420024420024333,41,37
27,1809921.130888505,1809921.160804436,29.915931,0,0,DISABLED,1.1015106431677726,-0.010989010989007397,-0.0024420024420024333,41,37
28,1809921.140911665,1809921.160816550,19.904885,0,0,DISABLED,1.10189211871519,-0.010989010989007397,-0.0073260073260073,41,37
29,1809921.151147201,1809921.160828094,9.680893,0,0,DISABLED,1.1015106431677726,-0.010989010989007397,-0.0073260073260073,41,37
30,1809921.160893722,1809921.261094350,100.200628,0,0,DISABLED,1.10189211871519,0.010989010989007397,-0.0073260073260073,41,37
31,1809921.171081428,1809921.261126024,90.044596,0,0,DISABLED,1.10189211871519,-0.010989010989007397,-0.0024420024420024333,41,37
32,1809921.181156802,1809921.261138163,79.981361,0,0,DISABLED,1.10189211871519,0.010989010989007397,-0.0024420024420024333,41,37
33,1809921.191095146,1809921.261149387,70.054241,0,0,DISABLED,1.1015106431677726,-0.0329670329670364,-0.0024420024420024333,41,37
34,1809921.201084038,1809921.261160522,60.076484,0,0,DISABLED,1.1011291676203552,-0.010989010989007397,-0.0024420024420024333,41,37
35,1809921.210900170,1809921.261171702,50.271532,0,0,DISABLED,1.1015106431677726,-0.010989010989007397,-0.0024420024420024333,41,37
36,1809921.221085910,1809921.261183108,40.097198,0,0,DISABLED,1.10189211871519,-0.010989010989007397,-0.0024420024420024333,41,37
37,1809921.231107949,1809921.261193620,30.085671,0,0,DISABLED,1.1011291676203552,-0.010989010989007397,-0.0024420024420024333,41,37
38,1809921.240940422,1809921.261204244,20.263822,0,0,DISABLED,1.1015106431677726,0.010989010989007397,-0.0024420024420024333,41,37
39,1809921.251099047,1809921.261214843,10.115796,0,0,DISABLED,1.1015106431677726,-0.010989010989007397,-0.0024420024420024333,41,37
40,1809921.261031916,1809921.361513786,100.481870,0,0,DISABLED,1.1015106431677726,0.010989010989007397,-0.0024420024420024333,41,37
41,1809921.271080671,1809921.361548336,90.467665,0,0,DISABLED,1.10189211871519,-0.010989010989007397,-0.0024420024420024333,41,37
42,1809921.281091479,1809921.361561022,80.469543,0,0,DISABLED,1.10189211871519,-0.0329670329670364,-0.0024420024420024333,41,37
43,1809921.290949119,1809921.361573700,70.624581,0,0,DISABLED,1.10189211871519,-0.010989010989007397,-0.0024420024420024333,41,37
44,1809921.301141455,1809921.361584879,60.443424,0,0,DISABLED,1.1015106431677726,-0.010989010989007397,-0.0024420024420024333,41,37
45,1809921.310995411,1809921.361595617,50.600206,0,0,DISABLED,1.1015106431677726,-0.010989010989007397,-0.0024420024420024333,41,37
46,1809921.321111069,1809921.361606241,40.495172,0,0,DISABLED,1.1015106431677726,0.010989010989007397,-0.0024420024420024333,41,37
47,1809921.331074999,1809921.361617885,30.542886,0,0,DISABLED,1.1015106431677726,-0.010989010989007397,-0.0024420024420024333,41,37
48,1809921.340930909,1809921.361628556,20.697647,0,0,DISABLED,1.1011291676203552,0.010989010989007397,-0.0024420024420024333,41,37
49,1809921.350943929,1809921.361638995,10.695066,0,0,DISABLED,1.1015106431677726,0.010989010989007397,-0.0024420024420024333,41,37
50,1809921.360937706,1809921.361650434,0.712728,0,0,DISABLED,1.1015106431677726,-0.0329670329670364,-0.0024420024420024333,41,37
51,1809921.371099488,1809921.461996662,90.897174,0,0,DISABLED,1.1015106431677726,-0.0329670329670364,-0.0024420024420024333,41,37
52,1809921.380935153,1809921.462045404,81.110251,0,0,DISABLED,1.1015106431677726,-0.0329670329670364,-0.0024420024420024333,41,37
53,1809921.390909268,1809921.462057877,71.148609,0,0,DISABLED,1.10189211871519,-0.0329670329670364,-0.0024420024420024333,41,37
54,1809921.401078491,1809921.462073544,60.995053,0,0,DISABLED,1.1015106431677726,0.0329670329670364,-0.0024420024420024333,41,37
55,1809921.410937371,1809921.462085365,51.147994,0,0,DISABLED,1.1015106431677726,0.010989010989007397,-0.0024420024420024333,41,37
56,1809921.421088192,1809921.462096462,41.008270,0,0,DISABLED,1.10189211871519,0.010989010989007397,-0.0024420024420024333,41,37
57,1809921.431111743,1809921.462107660,30.995917,0,0,DISABLED,1.10189211871519,0.010989010989007397,-0.0024420024420024333,41,37
58,1809921.441009408,1809921.462118766,21.109358,0,0,DISABLED,1.10189211871519,0.010989010989007397,-0.0024420024420024333,41,37
59,1809921.450994672,1809921.462129387,11.134715,0,0,DISABLED,1.1011291676203552,-0.0329670329670364,-0.0024420024420024333,41,37
60,1809921.461062374,1809921.462139923,1.077549,0,0,DISABLED,1.10189211871519,-0.010989010989007397,-0.0024420024420024333,41,37
61,1809921.470950994,1809921.562245820,91.294826,0,0,DISABLED,1.1011291676203552,-0.0329670329670364,-0.0024420024420024333,41,37
62,1809921.480963927,1809921.562275105,81.311178,0,0,DISABLED,1.1015106431677726,-0.0329670329670364,-0.0024420024420024333,41,37
63,1809921.490947740,1809921.562288385,71.340645,0,0,DISABLED,1.1015106431677726,-0.010989010989007397,-0.0024420024420024333,41,37
64,1809921.501031769,1809921.562299891,61.268122,0,0,DISABLED,1.1015106431677726,0.010989010989007397,-0.0024420024420024333,41,37
65,1809921.510998898,1809921.562311061,51.312163,0,0,DISABLED,1.10189211871519,-0.010989010989007397,-0.0024420024420024333,41,37
66,1809921.520992077,1809921.562321839,41.329762,0,0,DISABLED,1.1015106431677726,-0.010989010989007397,-0.0024420024420024333,41,37
67,1809921.531088110,1809921.562332513,31.244403,0,0,DISABLED,1.10189211871519,-0.010989010989007397,-0.0024420024420024333,41,37
68,1809921.540953692,1809921.562343224,21.389532,0,0,DISABLED,1.1015106431677726,-0.010989010989007397,-0.0024420024420024333,41,37
69,1809921.551111779,1809921.562353758,11.241979,0,0,DISABLED,1.1011291676203552,-0.010989010989007397,-0.0024420024420024333,41,37
70,1809921.560963013,1809921.562364299,1.401286,0,0,DISABLED,1.1015106431677726,-0.0549450549450512,-0.0024420024420024333,41,37
71,1809921.571071914,1809921.662605714,91.533800,0,0,DISABLED,1.1015106431677726,-0.010989010989007397,-0.0024420024420024333,41,37
72,1809921.581105592,1809921.662636481,81.530889,0,0,DISABLED,1.1011291676203552,-0.0329670329670364,-0.0024420024420024333,41,37
73,1809921.591018233,1809921.662649769,71.631536,0,0,DISABLED,1.1015106431677726,-0.0329670329670364,-0.0024420024420024333,41,37
74,1809921.601097244,1809921.662661629,61.564385,0,0,DISABLED,1.1015106431677726,-0.010989010989007397,-0.0073260073260073,41,37
75,1809921.610950196,1809921.662673490,51.723294,0,0,DISABLED,1.10189211871519,0.010989010989007397,-0.0073260073260073,41,37
76,1809921.620962567,1809921.662685124,41.722557,0,0,DISABLED,1.1015106431677726,0.0329670329670364,-0.0024420024420024333,41,37
77,1809921.630955990,1809921.662697127,31.741137,0,0,DISABLED,1.1015106431677726,0.0329670329670364,-0.0024420024420024333,41,37
78,1809921.641100226,1809921.662708498,21.608272,0,0,DISABLED,1.10189211871519,0.010989010989007397,-0.0024420024420024333,41,37
79,1809921.651097143,1809921.662720332,11.623189,0,0,DISABLED,1.10189211871519,0.010989010989007397,-0.0024420024420024333,41,37
80,1809921.661016191,1809921.662731992,1.715801,0,0,DISABLED,1.1015106431677726,-0.0329670329670364,-0.0024420024420024333,41,37
81,1809921.670999620,1809921.762832516,91.832896,0,0,DISABLED,1.1015106431677726,-0.0329670329670364,-0.0024420024420024333,41,37
82,1809921.681069004,1809921.762863572,81.794568,0,0,DISABLED,1.1015106431677726,0.010989010989007397,-0.0024420024420024333,41,37
83,1809921.691095784,1809921.762875667,71.779883,0,0,DISABLED,1.1015106431677726,-0.010989010989007397,-0.0024420024420024333,41,37
84,1809921.701076592,1809921.762890207,61.813615,0,0,DISABLED,1.10189211871519,0.010989010989007397,-0.0024420024420024333,41,37
85,1809921.711152791,1809921.762901326,51.748535,0,0,DISABLED,1.10189211871519,-0.010989010989007397,-0.0024420024420024333,41,37
86,1809921.720937067,1809921.762912221,41.975154,0,0,DISABLED,1.10189211871519,0.0329670329670364,-0.0024420024420024333,41,37
87,1809921.730921896,1809921.762923203,32.001307,0,0,DISABLED,1.10189211871519,-0.0329670329670364,-0.0024420024420024333,41,37
88,1809921.741113708,1809921.762934619,21.820911,0,0,DISABLED,1.1015106431677726,-0.010989010989007397,-0.0024420024420024333,41,37
89,1809921.751094385,1809921.762946332,11.851947,0,0,DISABLED,1.10189211871519,-0.0329670329670364,-0.0024420024420024333,41,37
90,1809921.760996982,1809921.762957875,1.960893,0,0,DISABLED,1.1015106431677726,-0.010989010989007397,-0.0024420024420024333,41,37
91,1809921.771066413,1809921.863057569,91.991156,0,0,DISABLED,1.1011291676203552,-0.0329670329670364,-0.0024420024420024333,41,37
92,1809921.780994940,1809921.863090483,82.095543,0,0,DISABLED,1.1011291676203552,-0.010989010989007397,-0.0024420024420024333,41,37
93,1809921.791079224,1809921.863105488,72.026264,0,0,DISABLED,1.1015106431677726,-0.010989010989007397,-0.0024420024420024333,41,37
94,1809921.801088871,1809921.863119278,62.030407,0,0,DISABLED,1.1015106431677726,0.010989010989007397,-0.0024420024420024333,41,37
95,1809921.810962006,1809921.863132754,52.170748,0,0,DISABLED,1.1015106431677726,-0.0329670329670364,-0.0024420024420024333,41,37
96,1809921.821020997,1809921.863145289,42.124292,0,0,DISABLED,1.1015106431677726,0.010989010989007397,-0.0024420024420024333,41,37
97,1809921.831004101,1809921.863157879,32.153778,0,0,DISABLED,1.1015106431677726,0.010989010989007397,-0.0024420024420024333,41,37
98,1809921.841006848,1809921.863170321,22.163473,0,0,DISABLED,1.1015106431677726,-0.010989010989007397,-0.0024420024420024333,41,37
99,1809921.851089614,1809921.863182551,12.092937,0,0,DISABLED,1.1015106431677726,-0.010989010989007397,-0.0024420024420024333,41,37
