phase,physical_label,commanded_id,attempt,send_recv,data_correct,returned_id,mode,q_raw,dq_raw,tau_raw,temperature_c,merror,valid
DUAL_BRAKE_DISCOVERY,J2A,0,1,1,1,0,0,5.0447,-0.0245437,0,35,0,1
DUAL_BRAKE_DISCOVERY,J2B,1,1,1,1,1,0,2.59301,-0.245438,0,34,0,1
DUAL_BRAKE_DISCOVERY,J2A,0,2,1,1,0,0,5.0447,-0.0245437,0,35,0,1
DUAL_BRAKE_DISCOVERY,J2B,1,2,1,1,1,0,2.59301,-0.441788,0,34,0,1
DUAL_BRAKE_DISCOVERY,J2A,0,3,1,1,0,0,5.04451,-0.294525,0,35,0,1
DUAL_BRAKE_DISCOVERY,J2B,1,3,1,1,1,0,2.59301,-0.269981,0,34,0,1
DUAL_BRAKE_DISCOVERY,J2A,0,4,1,1,0,0,5.0447,0,0,35,0,1
DUAL_BRAKE_DISCOVERY,J2B,1,4,1,1,1,0,2.5932,0,0,34,0,1
DUAL_BRAKE_DISCOVERY,J2A,0,5,1,1,0,0,5.0447,0,0,35,0,1
DUAL_BRAKE_DISCOVERY,J2B,1,5,1,1,1,0,2.5932,0.098175,0,34,0,1
DUAL_BRAKE_DISCOVERY,J2A,0,6,1,1,0,0,5.04451,-0.515419,0,35,0,1
DUAL_BRAKE_DISCOVERY,J2B,1,6,1,1,1,0,2.59282,-0.711769,0,34,0,1
DUAL_BRAKE_DISCOVERY,J2A,0,7,1,1,0,0,5.0447,-0.0245437,0,35,0,1
DUAL_BRAKE_DISCOVERY,J2B,1,7,1,1,1,0,2.5932,0.0245437,0,34,0,1
DUAL_BRAKE_DISCOVERY,J2A,0,8,1,1,0,0,5.0447,0,0,35,0,1
DUAL_BRAKE_DISCOVERY,J2B,1,8,1,1,1,0,2.59301,-0.3927,0,34,0,1
DUAL_BRAKE_DISCOVERY,J2A,0,9,1,1,0,0,5.04451,-0.490875,0,35,0,1
DUAL_BRAKE_DISCOVERY,J2B,1,9,1,1,1,0,2.59301,-0.343612,0,34,0,1
DUAL_BRAKE_DISCOVERY,J2A,0,10,1,1,0,0,5.0447,0,0,35,0,1
DUAL_BRAKE_DISCOVERY,J2B,1,10,1,1,1,0,2.5932,0.122719,0,34,0,1
DUAL_BRAKE_DISCOVERY,J2A,0,11,1,1,0,0,5.0447,-0.0245437,0,35,0,1
DUAL_BRAKE_DISCOVERY,J2B,1,11,1,1,1,0,2.59301,-0.294525,0,34,0,1
DUAL_BRAKE_DISCOVERY,J2A,0,12,1,1,0,0,5.0447,-0.319069,0,35,0,1
DUAL_BRAKE_DISCOVERY,J2B,1,12,1,1,1,0,2.59301,-0.343612,0,34,0,1
DUAL_BRAKE_DISCOVERY,J2A,0,13,1,1,0,0,5.0447,-0.0245437,0,35,0,1
DUAL_BRAKE_DISCOVERY,J2B,1,13,1,1,1,0,2.5932,-0.0736312,0,34,0,1
DUAL_BRAKE_DISCOVERY,J2A,0,14,1,1,0,0,5.0447,-0.0245437,0,35,0,1
DUAL_BRAKE_DISCOVERY,J2B,1,14,1,1,1,0,2.5932,0.0490875,0,34,0,1
DUAL_BRAKE_DISCOVERY,J2A,0,15,1,1,0,0,5.0447,0,0,35,0,1
DUAL_BRAKE_DISCOVERY,J2B,1,15,1,1,1,0,2.5932,0.0245437,0,34,0,1
DUAL_BRAKE_DISCOVERY,J2A,0,16,1,1,0,0,5.0447,-0.0245437,0,35,0,1
DUAL_BRAKE_DISCOVERY,J2B,1,16,1,1,1,0,2.59301,-0.441788,0,34,0,1
DUAL_BRAKE_DISCOVERY,J2A,0,17,1,1,0,0,5.0447,-0.0245437,0,35,0,1
DUAL_BRAKE_DISCOVERY,J2B,1,17,1,1,1,0,2.59301,-0.3927,0,34,0,1
DUAL_BRAKE_DISCOVERY,J2A,0,18,1,1,0,0,5.04451,-0.3927,0,35,0,1
DUAL_BRAKE_DISCOVERY,J2B,1,18,1,1,1,0,2.59301,-0.319069,0,34,0,1
DUAL_BRAKE_DISCOVERY,J2A,0,19,1,1,0,0,5.04451,0.0490875,0,35,0,1
DUAL_BRAKE_DISCOVERY,J2B,1,19,1,1,1,0,2.5932,-0.0245437,0,34,0,1
DUAL_BRAKE_DISCOVERY,J2A,0,20,1,1,0,0,5.0447,0,0,35,0,1
DUAL_BRAKE_DISCOVERY,J2B,1,20,1,1,1,0,2.59301,0.343612,0,34,0,1
DUAL_BRAKE_DISCOVERY,J2A,0,21,1,1,0,0,5.0447,0,0,35,0,1
DUAL_BRAKE_DISCOVERY,J2B,1,21,1,1,1,0,2.5932,0.0245437,0,34,0,1
DUAL_BRAKE_DISCOVERY,J2A,0,22,1,1,0,0,5.0447,-0.0736312,0,35,0,1
DUAL_BRAKE_DISCOVERY,J2B,1,22,1,1,1,0,2.5932,-0.245438,0,34,0,1
DUAL_BRAKE_DISCOVERY,J2A,0,23,1,1,0,0,5.04451,-0.3927,0,35,0,1
DUAL_BRAKE_DISCOVERY,J2B,1,23,1,1,1,0,2.5932,-0.0490875,0,34,0,1
DUAL_BRAKE_DISCOVERY,J2A,0,24,1,1,0,0,5.0447,-0.122719,0,35,0,1
DUAL_BRAKE_DISCOVERY,J2B,1,24,1,1,1,0,2.5932,0,0,34,0,1
DUAL_BRAKE_DISCOVERY,J2A,0,25,1,1,0,0,5.04451,-0.368156,0,35,0,1
DUAL_BRAKE_DISCOVERY,J2B,1,25,1,1,1,0,2.59301,-0.245438,0,34,0,1
DUAL_BRAKE_DISCOVERY,J2A,0,26,1,1,0,0,5.0447,0,0,35,0,1
DUAL_BRAKE_DISCOVERY,J2B,1,26,1,1,1,0,2.5932,0.0245437,0,34,0,1
DUAL_BRAKE_DISCOVERY,J2A,0,27,1,1,0,0,5.04451,-0.319069,0,35,0,1
DUAL_BRAKE_DISCOVERY,J2B,1,27,1,1,1,0,2.5932,-0.0245437,0,34,0,1
DUAL_BRAKE_DISCOVERY,J2A,0,28,1,1,0,0,5.0447,0.098175,0,35,0,1
DUAL_BRAKE_DISCOVERY,J2B,1,28,1,1,1,0,2.59339,0.368156,0,34,0,1
DUAL_BRAKE_DISCOVERY,J2A,0,29,1,1,0,0,5.04451,-0.3927,0,35,0,1
DUAL_BRAKE_DISCOVERY,J2B,1,29,1,1,1,0,2.59301,-0.343612,0,34,0,1
DUAL_BRAKE_DISCOVERY,J2A,0,30,1,1,0,0,5.04451,-0.319069,0,35,0,1
DUAL_BRAKE_DISCOVERY,J2B,1,30,1,1,1,0,2.5932,0,0,34,0,1
DUAL_BRAKE_DISCOVERY,J2A,0,31,1,1,0,0,5.0447,0,0,35,0,1
DUAL_BRAKE_DISCOVERY,J2B,1,31,1,1,1,0,2.59301,-0.319069,0,34,0,1
DUAL_BRAKE_DISCOVERY,J2A,0,32,1,1,0,0,5.0447,-0.0245437,0,35,0,1
DUAL_BRAKE_DISCOVERY,J2B,1,32,1,1,1,0,2.59301,-0.368156,0,34,0,1
DUAL_BRAKE_DISCOVERY,J2A,0,33,1,1,0,0,5.04451,-0.368156,0,35,0,1
DUAL_BRAKE_DISCOVERY,J2B,1,33,1,1,1,0,2.5932,0.0490875,0,34,0,1
DUAL_BRAKE_DISCOVERY,J2A,0,34,1,1,0,0,5.0447,0.0245437,0,35,0,1
DUAL_BRAKE_DISCOVERY,J2B,1,34,1,1,1,0,2.59301,-0.245438,0,34,0,1
DUAL_BRAKE_DISCOVERY,J2A,0,35,1,1,0,0,5.0447,-0.0490875,0,35,0,1
DUAL_BRAKE_DISCOVERY,J2B,1,35,1,1,1,0,2.59339,0.343612,0,34,0,1
DUAL_BRAKE_DISCOVERY,J2A,0,36,1,1,0,0,5.0447,-0.0490875,0,35,0,1
DUAL_BRAKE_DISCOVERY,J2B,1,36,1,1,1,0,2.5932,0.0490875,0,34,0,1
DUAL_BRAKE_DISCOVERY,J2A,0,37,1,1,0,0,5.0447,-0.0245437,0,35,0,1
DUAL_BRAKE_DISCOVERY,J2B,1,37,1,1,1,0,2.5932,0,0,34,0,1
DUAL_BRAKE_DISCOVERY,J2A,0,38,1,1,0,0,5.0447,0,0,35,0,1
DUAL_BRAKE_DISCOVERY,J2B,1,38,1,1,1,0,2.59339,0.368156,0,34,0,1
DUAL_BRAKE_DISCOVERY,J2A,0,39,1,1,0,0,5.04451,-0.0490875,0,35,0,1
DUAL_BRAKE_DISCOVERY,J2B,1,39,1,1,1,0,2.5932,0.0490875,0,34,0,1
DUAL_BRAKE_DISCOVERY,J2A,0,40,1,1,0,0,5.0447,0.122719,0,35,0,1
DUAL_BRAKE_DISCOVERY,J2B,1,40,1,1,1,0,2.59301,-0.417244,0,34,0,1
DUAL_BRAKE_DISCOVERY,J2A,0,41,1,1,0,0,5.0447,0,0,35,0,1
DUAL_BRAKE_DISCOVERY,J2B,1,41,1,1,1,0,2.5932,0,0,34,0,1
DUAL_BRAKE_DISCOVERY,J2A,0,42,1,1,0,0,5.0447,0,0,35,0,1
DUAL_BRAKE_DISCOVERY,J2B,1,42,1,1,1,0,2.59301,-0.319069,0,34,0,1
DUAL_BRAKE_DISCOVERY,J2A,0,43,1,1,0,0,5.04451,-0.417244,0,35,0,1
DUAL_BRAKE_DISCOVERY,J2B,1,43,1,1,1,0,2.59301,-0.294525,0,34,0,1
DUAL_BRAKE_DISCOVERY,J2A,0,44,1,1,0,0,5.0447,-0.0245437,0,35,0,1
DUAL_BRAKE_DISCOVERY,J2B,1,44,1,1,1,0,2.59301,-0.368156,0,34,0,1
DUAL_BRAKE_DISCOVERY,J2A,0,45,1,1,0,0,5.0447,0,0,35,0,1
DUAL_BRAKE_DISCOVERY,J2B,1,45,1,1,1,0,2.59301,-0.319069,0,34,0,1
DUAL_BRAKE_DISCOVERY,J2A,0,46,1,1,0,0,5.0447,0,0,35,0,1
DUAL_BRAKE_DISCOVERY,J2B,1,46,1,1,1,0,2.59301,-0.3927,0,34,0,1
DUAL_BRAKE_DISCOVERY,J2A,0,47,1,1,0,0,5.04451,-0.3927,0,35,0,1
DUAL_BRAKE_DISCOVERY,J2B,1,47,1,1,1,0,2.59301,-0.343612,0,34,0,1
DUAL_BRAKE_DISCOVERY,J2A,0,48,1,1,0,0,5.04451,-0.343612,0,35,0,1
DUAL_BRAKE_DISCOVERY,J2B,1,48,1,1,1,0,2.59301,-0.245438,0,34,0,1
DUAL_BRAKE_DISCOVERY,J2A,0,49,1,1,0,0,5.0447,0,0,35,0,1
DUAL_BRAKE_DISCOVERY,J2B,1,49,1,1,1,0,2.59301,0,0,34,0,1
DUAL_BRAKE_DISCOVERY,J2A,0,50,1,1,0,0,5.04451,-0.368156,0,35,0,1
DUAL_BRAKE_DISCOVERY,J2B,1,50,1,1,1,0,2.5932,-0.319069,0,34,0,1
DUAL_BRAKE_DISCOVERY,J2A,0,51,1,1,0,0,5.04489,0.343612,0,35,0,1
DUAL_BRAKE_DISCOVERY,J2B,1,51,1,1,1,0,2.5932,-0.0245437,0,34,0,1
DUAL_BRAKE_DISCOVERY,J2A,0,52,1,1,0,0,5.04489,0.294525,0,35,0,1
DUAL_BRAKE_DISCOVERY,J2B,1,52,1,1,1,0,2.5932,0.098175,0,34,0,1
DUAL_BRAKE_DISCOVERY,J2A,0,53,1,1,0,0,5.0447,0.0245437,0,35,0,1
DUAL_BRAKE_DISCOVERY,J2B,1,53,1,1,1,0,2.5932,0.122719,0,34,0,1
DUAL_BRAKE_DISCOVERY,J2A,0,54,1,1,0,0,5.04451,-0.343612,0,35,0,1
DUAL_BRAKE_DISCOVERY,J2B,1,54,1,1,1,0,2.5932,0.0490875,0,34,0,1
DUAL_BRAKE_DISCOVERY,J2A,0,55,1,1,0,0,5.04451,-0.417244,0,35,0,1
DUAL_BRAKE_DISCOVERY,J2B,1,55,1,1,1,0,2.59339,0.269981,0,34,0,1
DUAL_BRAKE_DISCOVERY,J2A,0,56,1,1,0,0,5.0447,0.0245437,0,35,0,1
DUAL_BRAKE_DISCOVERY,J2B,1,56,1,1,1,0,2.59301,-0.269981,0,34,0,1
DUAL_BRAKE_DISCOVERY,J2A,0,57,1,1,0,0,5.0447,0,0,35,0,1
DUAL_BRAKE_DISCOVERY,J2B,1,57,1,1,1,0,2.59301,-0.319069,0,34,0,1
DUAL_BRAKE_DISCOVERY,J2A,0,58,1,1,0,0,5.04451,-0.245438,0,35,0,1
DUAL_BRAKE_DISCOVERY,J2B,1,58,1,1,1,0,2.59301,-0.245438,0,34,0,1
DUAL_BRAKE_DISCOVERY,J2A,0,59,1,1,0,0,5.0447,-0.0490875,0,35,0,1
DUAL_BRAKE_DISCOVERY,J2B,1,59,1,1,1,0,2.59301,-0.269981,0,34,0,1
DUAL_BRAKE_DISCOVERY,J2A,0,60,1,1,0,0,5.04432,-0.687225,0,35,0,1
DUAL_BRAKE_DISCOVERY,J2B,1,60,1,1,1,0,2.5932,0,0,34,0,1
DUAL_BRAKE_DISCOVERY,J2A,0,61,1,1,0,0,5.0447,0,0,35,0,1
DUAL_BRAKE_DISCOVERY,J2B,1,61,1,1,1,0,2.59301,-0.343612,0,34,0,1
DUAL_BRAKE_DISCOVERY,J2A,0,62,1,1,0,0,5.0447,-0.147262,0,35,0,1
DUAL_BRAKE_DISCOVERY,J2B,1,62,1,1,1,0,2.5932,0,0,34,0,1
DUAL_BRAKE_DISCOVERY,J2A,0,63,1,1,0,0,5.04489,0.343612,0,35,0,1
DUAL_BRAKE_DISCOVERY,J2B,1,63,1,1,1,0,2.5932,0,0,34,0,1
DUAL_BRAKE_DISCOVERY,J2A,0,64,1,1,0,0,5.0447,0.0736312,0,35,0,1
DUAL_BRAKE_DISCOVERY,J2B,1,64,1,1,1,0,2.59301,-0.3927,0,34,0,1
DUAL_BRAKE_DISCOVERY,J2A,0,65,1,1,0,0,5.0447,-0.147262,0,35,0,1
DUAL_BRAKE_DISCOVERY,J2B,1,65,1,1,1,0,2.59301,-0.441788,0,34,0,1
DUAL_BRAKE_DISCOVERY,J2A,0,66,1,1,0,0,5.0447,0,0,35,0,1
DUAL_BRAKE_DISCOVERY,J2B,1,66,1,1,1,0,2.5932,0,0,34,0,1
DUAL_BRAKE_DISCOVERY,J2A,0,67,1,1,0,0,5.04451,-0.466331,0,35,0,1
DUAL_BRAKE_DISCOVERY,J2B,1,67,1,1,1,0,2.59282,-0.760856,0,34,0,1
DUAL_BRAKE_DISCOVERY,J2A,0,68,1,1,0,0,5.04451,-0.3927,0,35,0,1
DUAL_BRAKE_DISCOVERY,J2B,1,68,1,1,1,0,2.59339,0.417244,0,34,0,1
DUAL_BRAKE_DISCOVERY,J2A,0,69,1,1,0,0,5.0447,-0.147262,0,35,0,1
DUAL_BRAKE_DISCOVERY,J2B,1,69,1,1,1,0,2.59339,0.368156,0,34,0,1
DUAL_BRAKE_DISCOVERY,J2A,0,70,1,1,0,0,5.04451,-0.294525,0,35,0,1
DUAL_BRAKE_DISCOVERY,J2B,1,70,1,1,1,0,2.59301,-0.343612,0,34,0,1
DUAL_BRAKE_DISCOVERY,J2A,0,71,1,1,0,0,5.0447,-0.147262,0,35,0,1
DUAL_BRAKE_DISCOVERY,J2B,1,71,1,1,1,0,2.5932,-0.0245437,0,34,0,1
DUAL_BRAKE_DISCOVERY,J2A,0,72,1,1,0,0,5.0447,0,0,35,0,1
DUAL_BRAKE_DISCOVERY,J2B,1,72,1,1,1,0,2.5932,-0.0736312,0,34,0,1
DUAL_BRAKE_DISCOVERY,J2A,0,73,1,1,0,0,5.04489,0.343612,0,35,0,1
DUAL_BRAKE_DISCOVERY,J2B,1,73,1,1,1,0,2.59339,0.245438,0,34,0,1
DUAL_BRAKE_DISCOVERY,J2A,0,74,1,1,0,0,5.0447,-0.0245437,0,35,0,1
DUAL_BRAKE_DISCOVERY,J2B,1,74,1,1,1,0,2.5932,-0.58905,0,34,0,1
DUAL_BRAKE_DISCOVERY,J2A,0,75,1,1,0,0,5.04451,-0.319069,0,35,0,1
DUAL_BRAKE_DISCOVERY,J2B,1,75,1,1,1,0,2.5932,0.0736312,0,34,0,1
DUAL_BRAKE_DISCOVERY,J2A,0,76,1,1,0,0,5.04451,-0.3927,0,35,0,1
DUAL_BRAKE_DISCOVERY,J2B,1,76,1,1,1,0,2.59301,-0.319069,0,34,0,1
DUAL_BRAKE_DISCOVERY,J2A,0,77,1,1,0,0,5.0447,-0.0245437,0,35,0,1
DUAL_BRAKE_DISCOVERY,J2B,1,77,1,1,1,0,2.5932,0,0,34,0,1
DUAL_BRAKE_DISCOVERY,J2A,0,78,1,1,0,0,5.0447,-0.0245437,0,35,0,1
DUAL_BRAKE_DISCOVERY,J2B,1,78,1,1,1,0,2.5932,-0.368156,0,34,0,1
DUAL_BRAKE_DISCOVERY,J2A,0,79,1,1,0,0,5.0447,-0.0245437,0,35,0,1
DUAL_BRAKE_DISCOVERY,J2B,1,79,1,1,1,0,2.5932,0,0,34,0,1
DUAL_BRAKE_DISCOVERY,J2A,0,80,1,1,0,0,5.04451,-0.3927,0,35,0,1
DUAL_BRAKE_DISCOVERY,J2B,1,80,1,1,1,0,2.59301,0.441788,0,34,0,1
DUAL_BRAKE_DISCOVERY,J2A,0,81,1,1,0,0,5.0447,0,0,35,0,1
DUAL_BRAKE_DISCOVERY,J2B,1,81,1,1,1,0,2.59301,-0.3927,0,34,0,1
DUAL_BRAKE_DISCOVERY,J2A,0,82,1,1,0,0,5.04451,-0.417244,0,35,0,1
DUAL_BRAKE_DISCOVERY,J2B,1,82,1,1,1,0,2.59301,-0.294525,0,34,0,1
DUAL_BRAKE_DISCOVERY,J2A,0,83,1,1,0,0,5.04489,0.343612,0,35,0,1
DUAL_BRAKE_DISCOVERY,J2B,1,83,1,1,1,0,2.59301,-0.269981,0,34,0,1
DUAL_BRAKE_DISCOVERY,J2A,0,84,1,1,0,0,5.04451,-0.343612,0,35,0,1
DUAL_BRAKE_DISCOVERY,J2B,1,84,1,1,1,0,2.5932,0.0245437,0,34,0,1
DUAL_BRAKE_DISCOVERY,J2A,0,85,1,1,0,0,5.04451,-0.245438,0,35,0,1
DUAL_BRAKE_DISCOVERY,J2B,1,85,1,1,1,0,2.5932,-0.0245437,0,34,0,1
DUAL_BRAKE_DISCOVERY,J2A,0,86,1,1,0,0,5.04451,-0.319069,0,35,0,1
DUAL_BRAKE_DISCOVERY,J2B,1,86,1,1,1,0,2.59301,-0.269981,0,34,0,1
DUAL_BRAKE_DISCOVERY,J2A,0,87,1,1,0,0,5.0447,0,0,35,0,1
DUAL_BRAKE_DISCOVERY,J2B,1,87,1,1,1,0,2.5932,0,0,34,0,1
DUAL_BRAKE_DISCOVERY,J2A,0,88,1,1,0,0,5.04451,-0.368156,0,35,0,1
DUAL_BRAKE_DISCOVERY,J2B,1,88,1,1,1,0,2.59301,-0.245438,0,34,0,1
DUAL_BRAKE_DISCOVERY,J2A,0,89,1,1,0,0,5.04451,-0.0245437,0,35,0,1
DUAL_BRAKE_DISCOVERY,J2B,1,89,1,1,1,0,2.5932,0.147262,0,34,0,1
DUAL_BRAKE_DISCOVERY,J2A,0,90,1,1,0,0,5.04451,-0.245438,0,35,0,1
DUAL_BRAKE_DISCOVERY,J2B,1,90,1,1,1,0,2.59301,-0.3927,0,34,0,1
DUAL_BRAKE_DISCOVERY,J2A,0,91,1,1,0,0,5.04451,-0.368156,0,35,0,1
DUAL_BRAKE_DISCOVERY,J2B,1,91,1,1,1,0,2.59282,-0.662681,0,34,0,1
DUAL_BRAKE_DISCOVERY,J2A,0,92,1,1,0,0,5.04451,-0.368156,0,35,0,1
DUAL_BRAKE_DISCOVERY,J2B,1,92,1,1,1,0,2.5932,0.0245437,0,34,0,1
DUAL_BRAKE_DISCOVERY,J2A,0,93,1,1,0,0,5.0447,0,0,35,0,1
DUAL_BRAKE_DISCOVERY,J2B,1,93,1,1,1,0,2.59301,-0.319069,0,34,0,1
DUAL_BRAKE_DISCOVERY,J2A,0,94,1,1,0,0,5.0447,0,0,35,0,1
DUAL_BRAKE_DISCOVERY,J2B,1,94,1,1,1,0,2.59301,-0.319069,0,34,0,1
DUAL_BRAKE_DISCOVERY,J2A,0,95,1,1,0,0,5.0447,0,0,35,0,1
DUAL_BRAKE_DISCOVERY,J2B,1,95,1,1,1,0,2.5932,-0.0490875,0,34,0,1
DUAL_BRAKE_DISCOVERY,J2A,0,96,1,1,0,0,5.0447,0,0,35,0,1
DUAL_BRAKE_DISCOVERY,J2B,1,96,1,1,1,0,2.5932,0.122719,0,34,0,1
DUAL_BRAKE_DISCOVERY,J2A,0,97,1,1,0,0,5.0447,-0.0490875,0,35,0,1
DUAL_BRAKE_DISCOVERY,J2B,1,97,1,1,1,0,2.59301,-0.3927,0,34,0,1
DUAL_BRAKE_DISCOVERY,J2A,0,98,1,1,0,0,5.04451,-0.3927,0,35,0,1
DUAL_BRAKE_DISCOVERY,J2B,1,98,1,1,1,0,2.59301,-0.294525,0,34,0,1
DUAL_BRAKE_DISCOVERY,J2A,0,99,1,1,0,0,5.04451,-0.368156,0,35,0,1
DUAL_BRAKE_DISCOVERY,J2B,1,99,1,1,1,0,2.59301,-0.368156,0,34,0,1
DUAL_BRAKE_DISCOVERY,J2A,0,100,1,1,0,0,5.0447,-0.098175,0,35,0,1
DUAL_BRAKE_DISCOVERY,J2B,1,100,1,1,1,0,2.5932,0.0245437,0,34,0,1
FINAL_BRAKE,J2A,0,1,1,1,0,0,5.0447,-0.122719,0,35,0,1
FINAL_BRAKE,J2B,1,1,1,1,1,0,2.5932,0.0245437,0,34,0,1
FINAL_BRAKE,J2A,0,2,1,1,0,0,5.0447,0.0736312,0,35,0,1
FINAL_BRAKE,J2B,1,2,1,1,1,0,2.5932,0.0736312,0,34,0,1
FINAL_BRAKE,J2A,0,3,1,1,0,0,5.0447,-0.0245437,0,35,0,1
FINAL_BRAKE,J2B,1,3,1,1,1,0,2.5932,-0.0245437,0,34,0,1
FINAL_BRAKE,J2A,0,4,1,1,0,0,5.0447,0,0,35,0,1
FINAL_BRAKE,J2B,1,4,1,1,1,0,2.5932,0.098175,0,34,0,1
FINAL_BRAKE,J2A,0,5,1,1,0,0,5.0447,0.0736312,0,35,0,1
FINAL_BRAKE,J2B,1,5,1,1,1,0,2.59301,-0.3927,0,34,0,1
