owner,geometry_role,token,source_object,derivation,urdf_link_count
base_link,visual,Support_Foot,Support_Foot,direct_object,1
base_link,visual,Upper_Base,Upper_Base,direct_object,1
base_link,visual,derived:J1_GO_M8010_stator,Joint_Motor_GO_M8010_6,stator,1
base_link,collision,Support_Foot,Support_Foot,direct_object,1
base_link,collision,Upper_Base,Upper_Base,direct_object,1
base_link,collision,J1_Fixed_Collision_Proxy,J1_Fixed_Collision_Proxy,direct_object,1
base_link,collision,derived:J1_GO_M8010_stator,Joint_Motor_GO_M8010_6,stator,1
link1,visual,J1_Axial_Compensation_Spacer,J1_Axial_Compensation_Spacer,direct_object,1
link1,visual,V6_Shoulder_Official_M4,V6_Shoulder_Official_M4,direct_object,1
link1,visual,M4_Screw_01,M4_Screw_01,direct_object,1
link1,visual,M4_Screw_02,M4_Screw_02,direct_object,1
link1,visual,M4_Screw_03,M4_Screw_03,direct_object,1
link1,visual,M4_Screw_04,M4_Screw_04,direct_object,1
link1,visual,M4_Screw_05,M4_Screw_05,direct_object,1
link1,visual,M4_Screw_06,M4_Screw_06,direct_object,1
link1,visual,J2_Left_M4x30_Screw_01,J2_Left_M4x30_Screw_01,direct_object,1
link1,visual,J2_Left_M4x30_Screw_02,J2_Left_M4x30_Screw_02,direct_object,1
link1,visual,J2_Left_M4x30_Screw_03,J2_Left_M4x30_Screw_03,direct_object,1
link1,visual,J2_Left_M4x30_Screw_04,J2_Left_M4x30_Screw_04,direct_object,1
link1,visual,J2_Left_M4x30_Screw_05,J2_Left_M4x30_Screw_05,direct_object,1
link1,visual,J2_Left_M4x30_Screw_06,J2_Left_M4x30_Screw_06,direct_object,1
link1,visual,J2_Left_M4_Washer_01,J2_Left_M4_Washer_01,direct_object,1
link1,visual,J2_Left_M4_Washer_02,J2_Left_M4_Washer_02,direct_object,1
link1,visual,J2_Left_M4_Washer_03,J2_Left_M4_Washer_03,direct_object,1
link1,visual,J2_Left_M4_Washer_04,J2_Left_M4_Washer_04,direct_object,1
link1,visual,J2_Left_M4_Washer_05,J2_Left_M4_Washer_05,direct_object,1
link1,visual,J2_Left_M4_Washer_06,J2_Left_M4_Washer_06,direct_object,1
link1,visual,J2_Right_M4x30_Screw_01,J2_Right_M4x30_Screw_01,direct_object,1
link1,visual,J2_Right_M4x30_Screw_02,J2_Right_M4x30_Screw_02,direct_object,1
link1,visual,J2_Right_M4x30_Screw_03,J2_Right_M4x30_Screw_03,direct_object,1
link1,visual,J2_Right_M4x30_Screw_04,J2_Right_M4x30_Screw_04,direct_object,1
link1,visual,J2_Right_M4x30_Screw_05,J2_Right_M4x30_Screw_05,direct_object,1
link1,visual,J2_Right_M4x30_Screw_06,J2_Right_M4x30_Screw_06,direct_object,1
link1,visual,J2_Right_M4_Washer_01,J2_Right_M4_Washer_01,direct_object,1
link1,visual,J2_Right_M4_Washer_02,J2_Right_M4_Washer_02,direct_object,1
link1,visual,J2_Right_M4_Washer_03,J2_Right_M4_Washer_03,direct_object,1
link1,visual,J2_Right_M4_Washer_04,J2_Right_M4_Washer_04,direct_object,1
link1,visual,J2_Right_M4_Washer_05,J2_Right_M4_Washer_05,direct_object,1
link1,visual,J2_Right_M4_Washer_06,J2_Right_M4_Washer_06,direct_object,1
link1,visual,derived:J1_GO_M8010_output,Joint_Motor_GO_M8010_6,output,1
link1,visual,derived:J1_GO_M8010_neutral,Joint_Motor_GO_M8010_6,neutral,1
link1,visual,derived:J2A_GO_M8010_stator,J2_Left_Joint_Motor_GO_M8010_6,stator,1
link1,visual,derived:J2B_GO_M8010_stator,J2_Right_Joint_Motor_GO_M8010_6,stator,1
link1,collision,J1_Moving_Collision_Proxy,J1_Moving_Collision_Proxy,direct_object,1
link1,collision,J1_Output_Rotor_Proxy,J1_Output_Rotor_Proxy,direct_object,1
link2,visual,UpperArm_A_SleeveSide_PrintPart,UpperArm_A_SleeveSide_PrintPart,direct_object,1
link2,visual,UpperArm_B_Distal_PrintPart,UpperArm_B_Distal_PrintPart,direct_object,1
link2,visual,J3_Output_Rotor_STEP_Display,J3_Output_Rotor_STEP_Display,direct_object,1
link2,visual,J3_B6808_Bearing_Neutral_STEP_Display,J3_B6808_Bearing_Neutral_STEP_Display,direct_object,1
link2,visual,UpperArm_M35_Bottom_01,UpperArm_M35_Bottom_01,direct_object,1
link2,visual,UpperArm_M35_Bottom_02,UpperArm_M35_Bottom_02,direct_object,1
link2,visual,UpperArm_M35_Bottom_03,UpperArm_M35_Bottom_03,direct_object,1
link2,visual,UpperArm_M35_Top_01,UpperArm_M35_Top_01,direct_object,1
link2,visual,UpperArm_M35_Top_02,UpperArm_M35_Top_02,direct_object,1
link2,visual,UpperArm_M35_Top_03,UpperArm_M35_Top_03,direct_object,1
link2,visual,J3_Output_M4_Screw_01,J3_Output_M4_Screw_01,direct_object,1
link2,visual,J3_Output_M4_Screw_02,J3_Output_M4_Screw_02,direct_object,1
link2,visual,J3_Output_M4_Screw_03,J3_Output_M4_Screw_03,direct_object,1
link2,visual,J3_Output_M4_Screw_04,J3_Output_M4_Screw_04,direct_object,1
link2,visual,J3_Output_M4_Screw_05,J3_Output_M4_Screw_05,direct_object,1
link2,visual,J3_Output_M4_Screw_06,J3_Output_M4_Screw_06,direct_object,1
link2,visual,derived:J2A_GO_M8010_output,J2_Left_Joint_Motor_GO_M8010_6,output,1
link2,visual,derived:J2A_GO_M8010_neutral,J2_Left_Joint_Motor_GO_M8010_6,neutral,1
link2,visual,derived:J2B_GO_M8010_output,J2_Right_Joint_Motor_GO_M8010_6,output,1
link2,visual,derived:J2B_GO_M8010_neutral,J2_Right_Joint_Motor_GO_M8010_6,neutral,1
link2,collision,UpperArm_Full_Collision_Proxy,UpperArm_Full_Collision_Proxy,direct_object,1
link2,collision,J3_Output_Flange_Proxy,J3_Output_Flange_Proxy,direct_object,1
link2,collision,derived:J2A_GO_M8010_output_collision,J2_Left_Joint_Motor_GO_M8010_6,output_collision,1
link2,collision,derived:J2B_GO_M8010_output_collision,J2_Right_Joint_Motor_GO_M8010_6,output_collision,1
link3,visual,J3_Motor_Stator_STEP_Display,J3_Motor_Stator_STEP_Display,direct_object,1
link3,visual,Forearm_v3_HighDetail_Display,Forearm_v3_HighDetail_Display,direct_object,1
link3,visual,J4_Motor_Stator_STEP_Display,J4_Motor_Stator_STEP_Display,direct_object,1
link3,visual,Forearm_J3_M35_Screw_01,Forearm_J3_M35_Screw_01,direct_object,1
link3,visual,Forearm_J3_M35_Screw_02,Forearm_J3_M35_Screw_02,direct_object,1
link3,visual,Forearm_J3_M35_Screw_03,Forearm_J3_M35_Screw_03,direct_object,1
link3,visual,Forearm_J3_M35_Screw_04,Forearm_J3_M35_Screw_04,direct_object,1
link3,visual,Forearm_J3_M35_Screw_05,Forearm_J3_M35_Screw_05,direct_object,1
link3,visual,Forearm_J3_M35_Screw_06,Forearm_J3_M35_Screw_06,direct_object,1
link3,visual,Forearm_J4_M35_Screw_01,Forearm_J4_M35_Screw_01,direct_object,1
link3,visual,Forearm_J4_M35_Screw_02,Forearm_J4_M35_Screw_02,direct_object,1
link3,visual,Forearm_J4_M35_Screw_03,Forearm_J4_M35_Screw_03,direct_object,1
link3,visual,Forearm_J4_M35_Screw_04,Forearm_J4_M35_Screw_04,direct_object,1
link3,visual,Forearm_J4_M35_Screw_05,Forearm_J4_M35_Screw_05,direct_object,1
link3,visual,Forearm_J4_M35_Screw_06,Forearm_J4_M35_Screw_06,direct_object,1
link3,collision,J3_Motor_Stator_Collision_Proxy,J3_Motor_Stator_Collision_Proxy,direct_object,1
link3,collision,Forearm_Collision_Proxy,Forearm_Collision_Proxy,direct_object,1
link3,collision,J4_Motor_Stator_Collision_Proxy,J4_Motor_Stator_Collision_Proxy,direct_object,1
link4,visual,J4_Output_Rotor_STEP_Display,J4_Output_Rotor_STEP_Display,direct_object,1
link4,visual,J4_B6808_Bearing_Neutral_STEP_Display,J4_B6808_Bearing_Neutral_STEP_Display,direct_object,1
link4,visual,Wrist_Prelink_v1_HighDetail_Display,Wrist_Prelink_v1_HighDetail_Display,direct_object,1
link4,visual,J5_Motor_Stator_STEP_Display,J5_Motor_Stator_STEP_Display,direct_object,1
link4,visual,J4_Output_M4_Screw_01,J4_Output_M4_Screw_01,direct_object,1
link4,visual,J4_Output_M4_Screw_02,J4_Output_M4_Screw_02,direct_object,1
link4,visual,J4_Output_M4_Screw_03,J4_Output_M4_Screw_03,direct_object,1
link4,visual,J4_Output_M4_Screw_04,J4_Output_M4_Screw_04,direct_object,1
link4,visual,J4_Output_M4_Screw_05,J4_Output_M4_Screw_05,direct_object,1
link4,visual,J4_Output_M4_Screw_06,J4_Output_M4_Screw_06,direct_object,1
link4,visual,Wrist_Prelink_J5_M35_Screw_01,Wrist_Prelink_J5_M35_Screw_01,direct_object,1
link4,visual,Wrist_Prelink_J5_M35_Screw_02,Wrist_Prelink_J5_M35_Screw_02,direct_object,1
link4,visual,Wrist_Prelink_J5_M35_Screw_03,Wrist_Prelink_J5_M35_Screw_03,direct_object,1
link4,visual,Wrist_Prelink_J5_M35_Screw_04,Wrist_Prelink_J5_M35_Screw_04,direct_object,1
link4,visual,Wrist_Prelink_J5_M35_Screw_05,Wrist_Prelink_J5_M35_Screw_05,direct_object,1
link4,visual,Wrist_Prelink_J5_M35_Screw_06,Wrist_Prelink_J5_M35_Screw_06,direct_object,1
link4,collision,J4_Output_Flange_Collision_Proxy,J4_Output_Flange_Collision_Proxy,direct_object,1
link4,collision,Wrist_Prelink_Collision_Proxy,Wrist_Prelink_Collision_Proxy,direct_object,1
link4,collision,J5_Motor_Stator_Collision_Proxy,J5_Motor_Stator_Collision_Proxy,direct_object,1
link5,visual,J5_Output_Rotor_STEP_Display,J5_Output_Rotor_STEP_Display,direct_object,1
link5,visual,J5_B6808_Bearing_Neutral_STEP_Display,J5_B6808_Bearing_Neutral_STEP_Display,direct_object,1
link5,visual,J5_to_Damiao_J6_Adapter_STL_Display,J5_to_Damiao_J6_Adapter_STL_Display,direct_object,1
link5,visual,J6_DM_G6220_Stator_STEP_Display,J6_DM_G6220_Stator_STEP_Display,direct_object,1
link5,visual,Adapter_DM_G6220_M4x12_Screw_01,Adapter_DM_G6220_M4x12_Screw_01,direct_object,1
link5,visual,Adapter_DM_G6220_M4x12_Screw_02,Adapter_DM_G6220_M4x12_Screw_02,direct_object,1
link5,visual,Adapter_DM_G6220_M4x12_Screw_03,Adapter_DM_G6220_M4x12_Screw_03,direct_object,1
link5,collision,J5_Output_Flange_Collision_Proxy,J5_Output_Flange_Collision_Proxy,direct_object,1
link5,collision,J5_to_Damiao_J6_Adapter_Collision_Proxy,J5_to_Damiao_J6_Adapter_Collision_Proxy,direct_object,1
link5,collision,J6_DM_G6220_Stator_Collision_Proxy,J6_DM_G6220_Stator_Collision_Proxy,direct_object,1
link6,visual,J6_DM_G6220_Output_Rotor_STEP_Display,J6_DM_G6220_Output_Rotor_STEP_Display,direct_object,1
link6,collision,J6_DM_G6220_Output_Rotor_Collision_Proxy,J6_DM_G6220_Output_Rotor_Collision_Proxy,direct_object,1
gripper,visual,J6_Gripper_Connector_STEP_Display,J6_Gripper_Connector_STEP_Display,direct_object,1
gripper,visual,Gripper_Servo_STEP_Display,Gripper_Servo_STEP_Display,direct_object,1
gripper,visual,Gripper_Fixed_Frame_STEP_Display,Gripper_Fixed_Frame_STEP_Display,direct_object,1
gripper,visual,Gemini_Pro_Camera_STEP_Display,Gemini_Pro_Camera_STEP_Display,direct_object,1
gripper,visual,Gripper_Hardware_03,Gripper_Hardware_03,direct_object,1
gripper,visual,Gripper_Hardware_04,Gripper_Hardware_04,direct_object,1
gripper,visual,Gripper_Hardware_07,Gripper_Hardware_07,direct_object,1
gripper,visual,Gripper_Hardware_08,Gripper_Hardware_08,direct_object,1
gripper,visual,Gripper_Hardware_09,Gripper_Hardware_09,direct_object,1
gripper,visual,Gripper_Hardware_10,Gripper_Hardware_10,direct_object,1
gripper,visual,Gripper_Hardware_15,Gripper_Hardware_15,direct_object,1
gripper,visual,Gripper_Hardware_16,Gripper_Hardware_16,direct_object,1
gripper,visual,DM_G6220_Connector_M4x14_Screw_01,DM_G6220_Connector_M4x14_Screw_01,direct_object,1
gripper,visual,DM_G6220_Connector_M4x14_Screw_02,DM_G6220_Connector_M4x14_Screw_02,direct_object,1
gripper,visual,DM_G6220_Connector_M4x14_Screw_03,DM_G6220_Connector_M4x14_Screw_03,direct_object,1
gripper,visual,DM_G6220_Connector_M4x14_Screw_04,DM_G6220_Connector_M4x14_Screw_04,direct_object,1
gripper,visual,DM_G6220_Connector_M4x14_Screw_05,DM_G6220_Connector_M4x14_Screw_05,direct_object,1
gripper,visual,DM_G6220_Connector_M4x14_Screw_06,DM_G6220_Connector_M4x14_Screw_06,direct_object,1
gripper,visual,Gripper_Clevis_3DPrinted_M3x25_Screw_01,Gripper_Clevis_3DPrinted_M3x25_Screw_01,direct_object,1
gripper,visual,Gripper_Clevis_3DPrinted_M3x25_Screw_02,Gripper_Clevis_3DPrinted_M3x25_Screw_02,direct_object,1
gripper,collision,J6_Gripper_Connector_Collision_Proxy,J6_Gripper_Connector_Collision_Proxy,direct_object,1
gripper,collision,Gripper_Fixed_Frame_Collision_Proxy,Gripper_Fixed_Frame_Collision_Proxy,direct_object,1
gripper,collision,Gripper_Servo_Collision_Proxy,Gripper_Servo_Collision_Proxy,direct_object,1
gripper,collision,Gemini_Pro_Camera_Collision_Proxy,Gemini_Pro_Camera_Collision_Proxy,direct_object,1
gripper_internal:left_outer,visual,Gripper_Left_Outer_Link,Gripper_Left_Outer_Link,direct_object,1
gripper_internal:left_outer,collision,Gripper_Left_Outer_Link,Gripper_Left_Outer_Link,direct_object_without_small_hardware,1
gripper_internal:right_outer,visual,Gripper_Right_Outer_Link,Gripper_Right_Outer_Link,direct_object,1
gripper_internal:right_outer,collision,Gripper_Right_Outer_Link,Gripper_Right_Outer_Link,direct_object_without_small_hardware,1
gripper_internal:left_drive,visual,Gripper_Left_Drive_Link,Gripper_Left_Drive_Link,direct_object,1
gripper_internal:left_drive,collision,Gripper_Left_Drive_Link,Gripper_Left_Drive_Link,direct_object_without_small_hardware,1
gripper_internal:right_drive,visual,Gripper_Right_Drive_Link,Gripper_Right_Drive_Link,direct_object,1
gripper_internal:right_drive,collision,Gripper_Right_Drive_Link,Gripper_Right_Drive_Link,direct_object_without_small_hardware,1
gripper_internal:left_finger,visual,Gripper_Left_Finger,Gripper_Left_Finger,direct_object,1
gripper_internal:left_finger,visual,Gripper_Hardware_02,Gripper_Hardware_02,direct_object,1
gripper_internal:left_finger,visual,Gripper_Hardware_05,Gripper_Hardware_05,direct_object,1
gripper_internal:left_finger,visual,Gripper_Hardware_11,Gripper_Hardware_11,direct_object,1
gripper_internal:left_finger,visual,Gripper_Hardware_13,Gripper_Hardware_13,direct_object,1
gripper_internal:left_finger,visual,Gripper_Hardware_14,Gripper_Hardware_14,direct_object,1
gripper_internal:left_finger,collision,Gripper_Left_Finger,Gripper_Left_Finger,direct_object_without_small_hardware,1
gripper_internal:right_finger,visual,Gripper_Right_Finger,Gripper_Right_Finger,direct_object,1
gripper_internal:right_finger,visual,Gripper_Hardware_01,Gripper_Hardware_01,direct_object,1
gripper_internal:right_finger,visual,Gripper_Hardware_06,Gripper_Hardware_06,direct_object,1
gripper_internal:right_finger,visual,Gripper_Hardware_12,Gripper_Hardware_12,direct_object,1
gripper_internal:right_finger,visual,Gripper_Hardware_17,Gripper_Hardware_17,direct_object,1
gripper_internal:right_finger,visual,Gripper_Hardware_18,Gripper_Hardware_18,direct_object,1
gripper_internal:right_finger,visual,Gripper_Hardware_19,Gripper_Hardware_19,direct_object,1
gripper_internal:right_finger,collision,Gripper_Right_Finger,Gripper_Right_Finger,direct_object_without_small_hardware,1
