tick,timestamp_s,phase,j3_mode,q_cmd_motor_rad,dq_cmd_motor_rad_s,q_feedback_motor_rad,q_relative_motor_rad,q_relative_output_protocol_rad,q_relative_ros_rad,qdot_fast_deg_s,qdot_slow_deg_s,sdk_dq_rad_s,tau_feedback,temperature_c,merror,data_correct,j4_topology,j4_mode,j4_merror,j4_correct,j5_topology,j5_mode,j5_merror,j5_correct,tx_period_ms,tx_jitter_ms
0,1.054e-06,J3_LOW_LOAD_SESSION_V15_23C,0,0,0,2.6288657188415527,nan,nan,nan,0,0,0.098174996674060822,0,34,0,1,disconnected,-1,-1,0,disconnected,-1,-1,0,nan,nan
0,0.010166977000000001,J3_LOW_LOAD_SESSION_V15_23C,0,0,0,2.6286740303039551,nan,nan,nan,0,0,-0.12271875143051147,0,34,0,1,disconnected,-1,-1,0,disconnected,-1,-1,0,nan,nan
0,0.020102927,J3_LOW_LOAD_SESSION_V15_23C,0,0,0,2.6286740303039551,nan,nan,nan,0,0,-0.098174996674060822,0,34,0,1,disconnected,-1,-1,0,disconnected,-1,-1,0,nan,nan
0,0.030075088999999999,J3_LOW_LOAD_SESSION_V15_23C,0,0,0,2.6288657188415527,nan,nan,nan,0,0,0.098174996674060822,0,34,0,1,disconnected,-1,-1,0,disconnected,-1,-1,0,nan,nan
0,0.040164496000000001,J3_LOW_LOAD_SESSION_V15_23C,0,0,0,2.6286740303039551,nan,nan,nan,0,0,-0.36815625429153442,0,34,0,1,disconnected,-1,-1,0,disconnected,-1,-1,0,nan,nan
0,0.050084280000000002,J3_LOW_LOAD_SESSION_V15_23C,0,0,0,2.6286740303039551,nan,nan,nan,0,0,-0.098174996674060822,0,34,0,1,disconnected,-1,-1,0,disconnected,-1,-1,0,nan,nan
0,0.060086022000000003,J3_LOW_LOAD_SESSION_V15_23C,0,0,0,2.6286740303039551,nan,nan,nan,0,0,-0.073631249368190765,0,34,0,1,disconnected,-1,-1,0,disconnected,-1,-1,0,nan,nan
0,0.070162885999999994,J3_LOW_LOAD_SESSION_V15_23C,0,0,0,2.6286740303039551,nan,nan,nan,0,0,-0.22089375555515289,0,34,0,1,disconnected,-1,-1,0,disconnected,-1,-1,0,nan,nan
0,0.080160741999999993,J3_LOW_LOAD_SESSION_V15_23C,0,0,0,2.6286740303039551,nan,nan,nan,0,0,-0.26998123526573181,0,34,0,1,disconnected,-1,-1,0,disconnected,-1,-1,0,nan,nan
0,0.090172528000000002,J3_LOW_LOAD_SESSION_V15_23C,0,0,0,2.6288657188415527,nan,nan,nan,0,0,0.024543749168515205,0,34,0,1,disconnected,-1,-1,0,disconnected,-1,-1,0,nan,nan
0,0.10016264800000001,J3_LOW_LOAD_SESSION_V15_23C,0,0,0,2.6286740303039551,nan,nan,nan,0,0,-0.24543750286102295,0,34,0,1,disconnected,-1,-1,0,disconnected,-1,-1,0,nan,nan
0,0.11016713,J3_LOW_LOAD_SESSION_V15_23C,0,0,0,2.6288657188415527,nan,nan,nan,0,0,0.024543749168515205,0,34,0,1,disconnected,-1,-1,0,disconnected,-1,-1,0,nan,nan
0,0.120157757,J3_LOW_LOAD_SESSION_V15_23C,0,0,0,2.6286740303039551,nan,nan,nan,0,0,-0.024543749168515205,0,34,0,1,disconnected,-1,-1,0,disconnected,-1,-1,0,nan,nan
0,0.130170375,J3_LOW_LOAD_SESSION_V15_23C,0,0,0,2.6286740303039551,nan,nan,nan,0,0,-0.7117687463760376,0,34,0,1,disconnected,-1,-1,0,disconnected,-1,-1,0,nan,nan
0,0.14017465200000001,J3_LOW_LOAD_SESSION_V15_23C,0,0,0,2.6286740303039551,nan,nan,nan,0,0,-0.31906875967979431,0,34,0,1,disconnected,-1,-1,0,disconnected,-1,-1,0,nan,nan
0,0.15016099899999999,J3_LOW_LOAD_SESSION_V15_23C,0,0,0,2.6286740303039551,nan,nan,nan,0,0,-0.26998123526573181,0,34,0,1,disconnected,-1,-1,0,disconnected,-1,-1,0,nan,nan
0,0.160090973,J3_LOW_LOAD_SESSION_V15_23C,0,0,0,2.6286740303039551,nan,nan,nan,0,0,0.098174996674060822,0,34,0,1,disconnected,-1,-1,0,disconnected,-1,-1,0,nan,nan
0,0.17015855699999999,J3_LOW_LOAD_SESSION_V15_23C,0,0,0,2.6284823417663574,nan,nan,nan,0,0,-0.36815625429153442,0,34,0,1,disconnected,-1,-1,0,disconnected,-1,-1,0,nan,nan
0,0.18016594899999999,J3_LOW_LOAD_SESSION_V15_23C,0,0,0,2.6286740303039551,nan,nan,nan,0,0,0,0,34,0,1,disconnected,-1,-1,0,disconnected,-1,-1,0,nan,nan
0,0.19016097500000001,J3_LOW_LOAD_SESSION_V15_23C,0,0,0,2.6286740303039551,nan,nan,nan,0,0,-0.049087498337030411,0,34,0,1,disconnected,-1,-1,0,disconnected,-1,-1,0,nan,nan
0,0.20015796699999999,J3_LOW_LOAD_SESSION_V15_23C,0,0,0,2.6288657188415527,nan,nan,nan,0,0,0.024543749168515205,0,34,0,1,disconnected,-1,-1,0,disconnected,-1,-1,0,nan,nan
0,0.21016295400000001,J3_LOW_LOAD_SESSION_V15_23C,0,0,0,2.6288657188415527,nan,nan,nan,0,0,0,0,34,0,1,disconnected,-1,-1,0,disconnected,-1,-1,0,nan,nan
0,0.22017035600000001,J3_LOW_LOAD_SESSION_V15_23C,0,0,0,2.6286740303039551,nan,nan,nan,0,0,-0.024543749168515205,0,34,0,1,disconnected,-1,-1,0,disconnected,-1,-1,0,nan,nan
0,0.230166027,J3_LOW_LOAD_SESSION_V15_23C,0,0,0,2.6286740303039551,nan,nan,nan,0,0,-0.073631249368190765,0,34,0,1,disconnected,-1,-1,0,disconnected,-1,-1,0,nan,nan
0,0.24016676100000001,J3_LOW_LOAD_SESSION_V15_23C,0,0,0,2.6288657188415527,nan,nan,nan,0,0,0.098174996674060822,0,34,0,1,disconnected,-1,-1,0,disconnected,-1,-1,0,nan,nan
0,0.25009209300000002,J3_LOW_LOAD_SESSION_V15_23C,0,0,0,2.6286740303039551,nan,nan,nan,0,0,-0.24543750286102295,0,34,0,1,disconnected,-1,-1,0,disconnected,-1,-1,0,nan,nan
0,0.26008262100000001,J3_LOW_LOAD_SESSION_V15_23C,0,0,0,2.6288657188415527,nan,nan,nan,0,0,0.098174996674060822,0,34,0,1,disconnected,-1,-1,0,disconnected,-1,-1,0,nan,nan
0,0.27016323599999997,J3_LOW_LOAD_SESSION_V15_23C,0,0,0,2.6286740303039551,nan,nan,nan,0,0,0,0,34,0,1,disconnected,-1,-1,0,disconnected,-1,-1,0,nan,nan
0,0.28016613200000001,J3_LOW_LOAD_SESSION_V15_23C,0,0,0,2.6284823417663574,nan,nan,nan,0,0,-0.39269998669624329,0,34,0,1,disconnected,-1,-1,0,disconnected,-1,-1,0,nan,nan
0,0.29016758399999998,J3_LOW_LOAD_SESSION_V15_23C,0,0,0,2.6286740303039551,nan,nan,nan,0,0,-0.29452499747276306,0,34,0,1,disconnected,-1,-1,0,disconnected,-1,-1,0,nan,nan
0,0.300169927,J3_LOW_LOAD_SESSION_V15_23C,0,0,0,2.6286740303039551,nan,nan,nan,0,0,-0.31906875967979431,0,34,0,1,disconnected,-1,-1,0,disconnected,-1,-1,0,nan,nan
0,0.31005738999999999,J3_LOW_LOAD_SESSION_V15_23C,0,0,0,2.6288657188415527,nan,nan,nan,0,0,0.024543749168515205,0,34,0,1,disconnected,-1,-1,0,disconnected,-1,-1,0,nan,nan
0,0.32018844000000002,J3_LOW_LOAD_SESSION_V15_23C,0,0,0,2.6288657188415527,nan,nan,nan,0,0,0.049087498337030411,0,34,0,1,disconnected,-1,-1,0,disconnected,-1,-1,0,nan,nan
0,0.330163702,J3_LOW_LOAD_SESSION_V15_23C,0,0,0,2.6288657188415527,nan,nan,nan,0,0,0.24543750286102295,0,34,0,1,disconnected,-1,-1,0,disconnected,-1,-1,0,nan,nan
0,0.34015890500000001,J3_LOW_LOAD_SESSION_V15_23C,0,0,0,2.6286740303039551,nan,nan,nan,0,0,0,0,34,0,1,disconnected,-1,-1,0,disconnected,-1,-1,0,nan,nan
0,0.35016857299999998,J3_LOW_LOAD_SESSION_V15_23C,0,0,0,2.6288657188415527,nan,nan,nan,0,0,0.12271875143051147,0,34,0,1,disconnected,-1,-1,0,disconnected,-1,-1,0,nan,nan
0,0.36009966799999998,J3_LOW_LOAD_SESSION_V15_23C,0,0,0,2.6288657188415527,nan,nan,nan,0,0,0.12271875143051147,0,34,0,1,disconnected,-1,-1,0,disconnected,-1,-1,0,nan,nan
0,0.37016550199999998,J3_LOW_LOAD_SESSION_V15_23C,0,0,0,2.6286740303039551,nan,nan,nan,0,0,-0.024543749168515205,0,34,0,1,disconnected,-1,-1,0,disconnected,-1,-1,0,nan,nan
0,0.380162993,J3_LOW_LOAD_SESSION_V15_23C,0,0,0,2.6288657188415527,nan,nan,nan,0,0,0.19634999334812164,0,34,0,1,disconnected,-1,-1,0,disconnected,-1,-1,0,nan,nan
0,0.39015665199999999,J3_LOW_LOAD_SESSION_V15_23C,0,0,0,2.6286740303039551,nan,nan,nan,0,0,-0.049087498337030411,0,34,0,1,disconnected,-1,-1,0,disconnected,-1,-1,0,nan,nan
0,0.400172843,J3_LOW_LOAD_SESSION_V15_23C,0,0,0,2.6284823417663574,nan,nan,nan,0,0,-0.46633124351501465,0,34,0,1,disconnected,-1,-1,0,disconnected,-1,-1,0,nan,nan
0,0.41007979700000002,J3_LOW_LOAD_SESSION_V15_23C,0,0,0,2.6288657188415527,nan,nan,nan,0,0,0.049087498337030411,0,34,0,1,disconnected,-1,-1,0,disconnected,-1,-1,0,nan,nan
0,0.420160172,J3_LOW_LOAD_SESSION_V15_23C,0,0,0,2.6286740303039551,nan,nan,nan,0,0,-0.36815625429153442,0,34,0,1,disconnected,-1,-1,0,disconnected,-1,-1,0,nan,nan
0,0.43019474499999999,J3_LOW_LOAD_SESSION_V15_23C,0,0,0,2.6288657188415527,nan,nan,nan,0,0,0,0,34,0,1,disconnected,-1,-1,0,disconnected,-1,-1,0,nan,nan
0,0.44019546799999998,J3_LOW_LOAD_SESSION_V15_23C,0,0,0,2.6288657188415527,nan,nan,nan,0,0,0.29452499747276306,0,34,0,1,disconnected,-1,-1,0,disconnected,-1,-1,0,nan,nan
0,0.45009838200000002,J3_LOW_LOAD_SESSION_V15_23C,0,0,0,2.6286740303039551,nan,nan,nan,0,0,0.024543749168515205,0,34,0,1,disconnected,-1,-1,0,disconnected,-1,-1,0,nan,nan
0,0.46005756399999997,J3_LOW_LOAD_SESSION_V15_23C,0,0,0,2.6286740303039551,nan,nan,nan,0,0,-0.39269998669624329,0,34,0,1,disconnected,-1,-1,0,disconnected,-1,-1,0,nan,nan
0,0.47009050899999999,J3_LOW_LOAD_SESSION_V15_23C,0,0,0,2.6286740303039551,nan,nan,nan,0,0,-0.31906875967979431,0,34,0,1,disconnected,-1,-1,0,disconnected,-1,-1,0,nan,nan
0,0.480097781,J3_LOW_LOAD_SESSION_V15_23C,0,0,0,2.6286740303039551,nan,nan,nan,0,0,0,0,34,0,1,disconnected,-1,-1,0,disconnected,-1,-1,0,nan,nan
0,0.49014998100000001,J3_LOW_LOAD_SESSION_V15_23C,0,0,0,2.6284823417663574,nan,nan,nan,0,0,0.024543749168515205,0,34,0,1,disconnected,-1,-1,0,disconnected,-1,-1,0,nan,nan
0,0.50010219199999995,J3_LOW_LOAD_SESSION_V15_23C,0,0,0,2.6282904148101807,nan,nan,nan,0,0,-0.68722498416900635,0,34,0,1,disconnected,-1,-1,0,disconnected,-1,-1,0,nan,nan
0,0.51006075900000003,J3_LOW_LOAD_SESSION_V15_23C,0,0,0,2.6286740303039551,nan,nan,nan,0,0,-0.024543749168515205,0,34,0,1,disconnected,-1,-1,0,disconnected,-1,-1,0,nan,nan
0,0.520099545,J3_LOW_LOAD_SESSION_V15_23C,0,0,0,2.6286740303039551,nan,nan,nan,0,0,-0.39269998669624329,0,34,0,1,disconnected,-1,-1,0,disconnected,-1,-1,0,nan,nan
0,0.53017875000000003,J3_LOW_LOAD_SESSION_V15_23C,0,0,0,2.6286740303039551,nan,nan,nan,0,0,-0.39269998669624329,0,34,0,1,disconnected,-1,-1,0,disconnected,-1,-1,0,nan,nan
0,0.54019334799999996,J3_LOW_LOAD_SESSION_V15_23C,0,0,0,2.6286740303039551,nan,nan,nan,0,0,-0.073631249368190765,0,34,0,1,disconnected,-1,-1,0,disconnected,-1,-1,0,nan,nan
0,0.55009385099999997,J3_LOW_LOAD_SESSION_V15_23C,0,0,0,2.6286740303039551,nan,nan,nan,0,0,0,0,34,0,1,disconnected,-1,-1,0,disconnected,-1,-1,0,nan,nan
0,0.56006274899999997,J3_LOW_LOAD_SESSION_V15_23C,0,0,0,2.6288657188415527,nan,nan,nan,0,0,-0.049087498337030411,0,34,0,1,disconnected,-1,-1,0,disconnected,-1,-1,0,nan,nan
0,0.57019385300000003,J3_LOW_LOAD_SESSION_V15_23C,0,0,0,2.6288657188415527,nan,nan,nan,0,0,0.34361249208450317,0,34,0,1,disconnected,-1,-1,0,disconnected,-1,-1,0,nan,nan
0,0.58015351599999998,J3_LOW_LOAD_SESSION_V15_23C,0,0,0,2.6286740303039551,nan,nan,nan,0,0,-0.34361249208450317,0,34,0,1,disconnected,-1,-1,0,disconnected,-1,-1,0,nan,nan
0,0.59014840199999996,J3_LOW_LOAD_SESSION_V15_23C,0,0,0,2.6286740303039551,nan,nan,nan,0,0,-0.36815625429153442,0,34,0,1,disconnected,-1,-1,0,disconnected,-1,-1,0,nan,nan
0,0.60016614199999996,J3_LOW_LOAD_SESSION_V15_23C,0,0,0,2.6288657188415527,nan,nan,nan,0,0,0.049087498337030411,0,34,0,1,disconnected,-1,-1,0,disconnected,-1,-1,0,nan,nan
0,0.61005804900000005,J3_LOW_LOAD_SESSION_V15_23C,0,0,0,2.6284823417663574,nan,nan,nan,0,0,-0.41724374890327454,0,34,0,1,disconnected,-1,-1,0,disconnected,-1,-1,0,nan,nan
0,0.620151707,J3_LOW_LOAD_SESSION_V15_23C,0,0,0,2.6286740303039551,nan,nan,nan,0,0,-0.049087498337030411,0,34,0,1,disconnected,-1,-1,0,disconnected,-1,-1,0,nan,nan
0,0.63015733299999999,J3_LOW_LOAD_SESSION_V15_23C,0,0,0,2.6286740303039551,nan,nan,nan,0,0,0.098174996674060822,0,34,0,1,disconnected,-1,-1,0,disconnected,-1,-1,0,nan,nan
0,0.64015540500000001,J3_LOW_LOAD_SESSION_V15_23C,0,0,0,2.6286740303039551,nan,nan,nan,0,0,-0.39269998669624329,0,34,0,1,disconnected,-1,-1,0,disconnected,-1,-1,0,nan,nan
0,0.65005928899999998,J3_LOW_LOAD_SESSION_V15_23C,0,0,0,2.6286740303039551,nan,nan,nan,0,0,-0.12271875143051147,0,34,0,1,disconnected,-1,-1,0,disconnected,-1,-1,0,nan,nan
0,0.66005881899999996,J3_LOW_LOAD_SESSION_V15_23C,0,0,0,2.6284823417663574,nan,nan,nan,0,0,-0.31906875967979431,0,34,0,1,disconnected,-1,-1,0,disconnected,-1,-1,0,nan,nan
0,0.67015949500000005,J3_LOW_LOAD_SESSION_V15_23C,0,0,0,2.6288657188415527,nan,nan,nan,0,0,0.073631249368190765,0,34,0,1,disconnected,-1,-1,0,disconnected,-1,-1,0,nan,nan
0,0.680117109,J3_LOW_LOAD_SESSION_V15_23C,0,0,0,2.6286740303039551,nan,nan,nan,0,0,-0.31906875967979431,0,34,0,1,disconnected,-1,-1,0,disconnected,-1,-1,0,nan,nan
0,0.690156663,J3_LOW_LOAD_SESSION_V15_23C,0,0,0,2.6288657188415527,nan,nan,nan,0,0,0,0,34,0,1,disconnected,-1,-1,0,disconnected,-1,-1,0,nan,nan
0,0.70010127300000002,J3_LOW_LOAD_SESSION_V15_23C,0,0,0,2.6286740303039551,nan,nan,nan,0,0,-0.26998123526573181,0,34,0,1,disconnected,-1,-1,0,disconnected,-1,-1,0,nan,nan
0,0.71010026900000001,J3_LOW_LOAD_SESSION_V15_23C,0,0,0,2.6290574073791504,nan,nan,nan,0,0,0.51541876792907715,0,34,0,1,disconnected,-1,-1,0,disconnected,-1,-1,0,nan,nan
0,0.72014702799999997,J3_LOW_LOAD_SESSION_V15_23C,0,0,0,2.6286740303039551,nan,nan,nan,0,0,-0.073631249368190765,0,34,0,1,disconnected,-1,-1,0,disconnected,-1,-1,0,nan,nan
0,0.73014545900000005,J3_LOW_LOAD_SESSION_V15_23C,0,0,0,2.6288657188415527,nan,nan,nan,0,0,0.024543749168515205,0,34,0,1,disconnected,-1,-1,0,disconnected,-1,-1,0,nan,nan
0,0.74009042599999997,J3_LOW_LOAD_SESSION_V15_23C,0,0,0,2.6288657188415527,nan,nan,nan,0,0,-0.073631249368190765,0,34,0,1,disconnected,-1,-1,0,disconnected,-1,-1,0,nan,nan
0,0.75008698299999998,J3_LOW_LOAD_SESSION_V15_23C,0,0,0,2.6286740303039551,nan,nan,nan,0,0,0,0,34,0,1,disconnected,-1,-1,0,disconnected,-1,-1,0,nan,nan
0,0.76005842300000004,J3_LOW_LOAD_SESSION_V15_23C,0,0,0,2.6288657188415527,nan,nan,nan,0,0,0.24543750286102295,0,34,0,1,disconnected,-1,-1,0,disconnected,-1,-1,0,nan,nan
0,0.77007551699999999,J3_LOW_LOAD_SESSION_V15_23C,0,0,0,2.6286740303039551,nan,nan,nan,0,0,-0.024543749168515205,0,34,0,1,disconnected,-1,-1,0,disconnected,-1,-1,0,nan,nan
0,0.78008863799999995,J3_LOW_LOAD_SESSION_V15_23C,0,0,0,2.6286740303039551,nan,nan,nan,0,0,-0.024543749168515205,0,34,0,1,disconnected,-1,-1,0,disconnected,-1,-1,0,nan,nan
0,0.790181892,J3_LOW_LOAD_SESSION_V15_23C,0,0,0,2.6286740303039551,nan,nan,nan,0,0,-0.049087498337030411,0,34,0,1,disconnected,-1,-1,0,disconnected,-1,-1,0,nan,nan
0,0.80018150499999996,J3_LOW_LOAD_SESSION_V15_23C,0,0,0,2.6286740303039551,nan,nan,nan,0,0,-0.29452499747276306,0,34,0,1,disconnected,-1,-1,0,disconnected,-1,-1,0,nan,nan
0,0.81009458199999995,J3_LOW_LOAD_SESSION_V15_23C,0,0,0,2.6286740303039551,nan,nan,nan,0,0,-0.29452499747276306,0,34,0,1,disconnected,-1,-1,0,disconnected,-1,-1,0,nan,nan
0,0.82019279899999997,J3_LOW_LOAD_SESSION_V15_23C,0,0,0,2.6286740303039551,nan,nan,nan,0,0,-0.098174996674060822,0,34,0,1,disconnected,-1,-1,0,disconnected,-1,-1,0,nan,nan
0,0.83018079700000003,J3_LOW_LOAD_SESSION_V15_23C,0,0,0,2.6286740303039551,nan,nan,nan,0,0,-0.39269998669624329,0,34,0,1,disconnected,-1,-1,0,disconnected,-1,-1,0,nan,nan
0,0.84009438800000003,J3_LOW_LOAD_SESSION_V15_23C,0,0,0,2.6284823417663574,nan,nan,nan,0,0,-0.68722498416900635,0,34,0,1,disconnected,-1,-1,0,disconnected,-1,-1,0,nan,nan
0,0.85013834399999999,J3_LOW_LOAD_SESSION_V15_23C,0,0,0,2.6290574073791504,nan,nan,nan,0,0,-0.26998123526573181,0,34,0,1,disconnected,-1,-1,0,disconnected,-1,-1,0,nan,nan
0,0.86011086199999998,J3_LOW_LOAD_SESSION_V15_23C,0,0,0,2.6286740303039551,nan,nan,nan,0,0,-0.049087498337030411,0,34,0,1,disconnected,-1,-1,0,disconnected,-1,-1,0,nan,nan
0,0.87010074100000001,J3_LOW_LOAD_SESSION_V15_23C,0,0,0,2.6286740303039551,nan,nan,nan,0,0,0,0,34,0,1,disconnected,-1,-1,0,disconnected,-1,-1,0,nan,nan
0,0.880090979,J3_LOW_LOAD_SESSION_V15_23C,0,0,0,2.6284823417663574,nan,nan,nan,0,0,-0.39269998669624329,0,34,0,1,disconnected,-1,-1,0,disconnected,-1,-1,0,nan,nan
0,0.89020546599999995,J3_LOW_LOAD_SESSION_V15_23C,0,0,0,2.6286740303039551,nan,nan,nan,0,0,-0.024543749168515205,0,34,0,1,disconnected,-1,-1,0,disconnected,-1,-1,0,nan,nan
0,0.90017165300000002,J3_LOW_LOAD_SESSION_V15_23C,0,0,0,2.6288657188415527,nan,nan,nan,0,0,0,0,34,0,1,disconnected,-1,-1,0,disconnected,-1,-1,0,nan,nan
0,0.91011308400000002,J3_LOW_LOAD_SESSION_V15_23C,0,0,0,2.6286740303039551,nan,nan,nan,0,0,-0.24543750286102295,0,34,0,1,disconnected,-1,-1,0,disconnected,-1,-1,0,nan,nan
0,0.92016231999999998,J3_LOW_LOAD_SESSION_V15_23C,0,0,0,2.6286740303039551,nan,nan,nan,0,0,-0.024543749168515205,0,34,0,1,disconnected,-1,-1,0,disconnected,-1,-1,0,nan,nan
0,0.93017638000000002,J3_LOW_LOAD_SESSION_V15_23C,0,0,0,2.6284823417663574,nan,nan,nan,0,0,-0.34361249208450317,0,34,0,1,disconnected,-1,-1,0,disconnected,-1,-1,0,nan,nan
0,0.94016745700000004,J3_LOW_LOAD_SESSION_V15_23C,0,0,0,2.6286740303039551,nan,nan,nan,0,0,-0.024543749168515205,0,34,0,1,disconnected,-1,-1,0,disconnected,-1,-1,0,nan,nan
0,0.95015085300000002,J3_LOW_LOAD_SESSION_V15_23C,0,0,0,2.6286740303039551,nan,nan,nan,0,0,-0.31906875967979431,0,34,0,1,disconnected,-1,-1,0,disconnected,-1,-1,0,nan,nan
0,0.96016394400000005,J3_LOW_LOAD_SESSION_V15_23C,0,0,0,2.6288657188415527,nan,nan,nan,0,0,-0.024543749168515205,0,34,0,1,disconnected,-1,-1,0,disconnected,-1,-1,0,nan,nan
0,0.97009624400000005,J3_LOW_LOAD_SESSION_V15_23C,0,0,0,2.6284823417663574,nan,nan,nan,0,0,-0.36815625429153442,0,34,0,1,disconnected,-1,-1,0,disconnected,-1,-1,0,nan,nan
0,0.98007424200000004,J3_LOW_LOAD_SESSION_V15_23C,0,0,0,2.6286740303039551,nan,nan,nan,0,0,0.024543749168515205,0,34,0,1,disconnected,-1,-1,0,disconnected,-1,-1,0,nan,nan
0,0.99007414299999996,J3_LOW_LOAD_SESSION_V15_23C,0,0,0,2.6284823417663574,nan,nan,nan,0,0,-0.41724374890327454,0,34,0,1,disconnected,-1,-1,0,disconnected,-1,-1,0,nan,nan
0,0.99148407599999999,FINAL_BRAKE,0,0,0,2.6288657188415527,nan,nan,nan,0,0,0.29452499747276306,0,34,0,1,disconnected,-1,-1,0,disconnected,-1,-1,0,nan,nan
0,1.002373191,FINAL_BRAKE,0,0,0,2.6286740303039551,nan,nan,nan,0,0,0,0,34,0,1,disconnected,-1,-1,0,disconnected,-1,-1,0,nan,nan
0,1.0133639999999999,FINAL_BRAKE,0,0,0,2.6286740303039551,nan,nan,nan,0,0,-0.31906875967979431,0,34,0,1,disconnected,-1,-1,0,disconnected,-1,-1,0,nan,nan
0,1.024356512,FINAL_BRAKE,0,0,0,2.6286740303039551,nan,nan,nan,0,0,-0.29452499747276306,0,34,0,1,disconnected,-1,-1,0,disconnected,-1,-1,0,nan,nan
0,1.0353591870000001,FINAL_BRAKE,0,0,0,2.6286740303039551,nan,nan,nan,0,0,0,0,34,0,1,disconnected,-1,-1,0,disconnected,-1,-1,0,nan,nan
