tick,timestamp_s,phase,j5_mode,q_cmd_motor_rad,dq_cmd_motor_rad_s,q_feedback_motor_rad,q_relative_motor_rad,q_relative_output_protocol_rad,q_relative_ros_rad,qdot_fast_deg_s,qdot_slow_deg_s,dq_sdk,tau_feedback,temperature_c,merror,data_correct,j3_mode,j3_merror,j3_correct,j4_mode,j4_merror,j4_correct,tx_period_ms,tx_jitter_ms
0,1.3859999999999999e-06,SIGN_START_CAPTURE,0,0,0,4.4886298179626465,nan,nan,nan,0,0,-0.24543750286102295,0,36,0,1,0,0,1,0,0,1,nan,nan
0,0.010055624000000001,SIGN_START_CAPTURE,0,0,0,4.4888219833374023,nan,nan,nan,0,0,-0.24543750286102295,0,36,0,1,0,0,1,0,0,1,nan,nan
0,0.020073027,SIGN_START_CAPTURE,0,0,0,4.4888219833374023,nan,nan,nan,0,0,-0.024543749168515205,0,36,0,1,0,0,1,0,0,1,nan,nan
0,0.030054017999999998,SIGN_START_CAPTURE,0,0,0,4.4886298179626465,nan,nan,nan,0,0,-0.22089375555515289,0,36,0,1,0,0,1,0,0,1,nan,nan
0,0.040072307000000001,SIGN_START_CAPTURE,0,0,0,4.4888219833374023,nan,nan,nan,0,0,0.049087498337030411,0,36,0,1,0,0,1,0,0,1,nan,nan
0,0.050053710000000001,SIGN_START_CAPTURE,0,0,0,4.4888219833374023,nan,nan,nan,0,0,0.049087498337030411,0,36,0,1,0,0,1,0,0,1,nan,nan
0,0.060068654999999999,SIGN_START_CAPTURE,0,0,0,4.4888219833374023,nan,nan,nan,0,0,0.049087498337030411,0,36,0,1,0,0,1,0,0,1,nan,nan
0,0.070053694,SIGN_START_CAPTURE,0,0,0,4.4888219833374023,nan,nan,nan,0,0,0.049087498337030411,0,36,0,1,0,0,1,0,0,1,nan,nan
0,0.080072373000000002,SIGN_START_CAPTURE,0,0,0,4.4886298179626465,nan,nan,nan,0,0,-0.34361249208450317,0,36,0,1,0,0,1,0,0,1,nan,nan
0,0.090054055999999993,SIGN_START_CAPTURE,0,0,0,4.4884381294250488,nan,nan,nan,0,0,-0.58904999494552612,0,36,0,1,0,0,1,0,0,1,nan,nan
0,0.10007073399999999,SIGN_START_CAPTURE,0,0,0,4.4886298179626465,nan,nan,nan,0,0,-0.26998123526573181,0,36,0,1,0,0,1,0,0,1,nan,nan
0,0.110053809,SIGN_START_CAPTURE,0,0,0,4.4886298179626465,nan,nan,nan,0,0,-0.24543750286102295,0,36,0,1,0,0,1,0,0,1,nan,nan
0,0.120067997,SIGN_START_CAPTURE,0,0,0,4.4884381294250488,nan,nan,nan,0,0,-0.53996247053146362,0,36,0,1,0,0,1,0,0,1,nan,nan
0,0.130053472,SIGN_START_CAPTURE,0,0,0,4.4888219833374023,nan,nan,nan,0,0,0.12271875143051147,0,36,0,1,0,0,1,0,0,1,nan,nan
0,0.14006749199999999,SIGN_START_CAPTURE,0,0,0,4.4884381294250488,nan,nan,nan,0,0,-0.58904999494552612,0,36,0,1,0,0,1,0,0,1,nan,nan
0,0.150054203,SIGN_START_CAPTURE,0,0,0,4.4886298179626465,nan,nan,nan,0,0,-0.34361249208450317,0,36,0,1,0,0,1,0,0,1,nan,nan
0,0.16007323800000001,SIGN_START_CAPTURE,0,0,0,4.4888219833374023,nan,nan,nan,0,0,-0.049087498337030411,0,36,0,1,0,0,1,0,0,1,nan,nan
0,0.17005394300000001,SIGN_START_CAPTURE,0,0,0,4.4886298179626465,nan,nan,nan,0,0,-0.29452499747276306,0,36,0,1,0,0,1,0,0,1,nan,nan
0,0.18006759899999999,SIGN_START_CAPTURE,0,0,0,4.4886298179626465,nan,nan,nan,0,0,-0.19634999334812164,0,36,0,1,0,0,1,0,0,1,nan,nan
0,0.19005348,SIGN_START_CAPTURE,0,0,0,4.4886298179626465,nan,nan,nan,0,0,-0.29452499747276306,0,36,0,1,0,0,1,0,0,1,nan,nan
0,0.200067515,SIGN_START_CAPTURE,0,0,0,4.4888219833374023,nan,nan,nan,0,0,0,0,36,0,1,0,0,1,0,0,1,nan,nan
0,0.21005354300000001,SIGN_START_CAPTURE,0,0,0,4.4886298179626465,nan,nan,nan,0,0,-0.26998123526573181,0,36,0,1,0,0,1,0,0,1,nan,nan
0,0.22007032600000001,SIGN_START_CAPTURE,0,0,0,4.4888219833374023,nan,nan,nan,0,0,-0.31906875967979431,0,36,0,1,0,0,1,0,0,1,nan,nan
0,0.230054223,SIGN_START_CAPTURE,0,0,0,4.4886298179626465,nan,nan,nan,0,0,-0.22089375555515289,0,36,0,1,0,0,1,0,0,1,nan,nan
0,0.24007219099999999,SIGN_START_CAPTURE,0,0,0,4.4888219833374023,nan,nan,nan,0,0,0.049087498337030411,0,36,0,1,0,0,1,0,0,1,nan,nan
0,0.25005295799999999,SIGN_START_CAPTURE,0,0,0,4.4888219833374023,nan,nan,nan,0,0,0.073631249368190765,0,36,0,1,0,0,1,0,0,1,nan,nan
0,0.26006714399999997,SIGN_START_CAPTURE,0,0,0,4.4888219833374023,nan,nan,nan,0,0,0.073631249368190765,0,36,0,1,0,0,1,0,0,1,nan,nan
0,0.270053457,SIGN_START_CAPTURE,0,0,0,4.4888219833374023,nan,nan,nan,0,0,0.12271875143051147,0,36,0,1,0,0,1,0,0,1,nan,nan
0,0.28007207499999998,SIGN_START_CAPTURE,0,0,0,4.4886298179626465,nan,nan,nan,0,0,-0.26998123526573181,0,36,0,1,0,0,1,0,0,1,nan,nan
0,0.29005415600000001,SIGN_START_CAPTURE,0,0,0,4.4886298179626465,nan,nan,nan,0,0,-0.24543750286102295,0,36,0,1,0,0,1,0,0,1,nan,nan
0,0.30007130700000001,SIGN_START_CAPTURE,0,0,0,4.4888219833374023,nan,nan,nan,0,0,0,0,36,0,1,0,0,1,0,0,1,nan,nan
0,0.31005335099999998,SIGN_START_CAPTURE,0,0,0,4.4886298179626465,nan,nan,nan,0,0,-0.24543750286102295,0,36,0,1,0,0,1,0,0,1,nan,nan
0,0.32006802699999998,SIGN_START_CAPTURE,0,0,0,4.4888219833374023,nan,nan,nan,0,0,0.12271875143051147,0,36,0,1,0,0,1,0,0,1,nan,nan
0,0.330053137,SIGN_START_CAPTURE,0,0,0,4.4888219833374023,nan,nan,nan,0,0,0.049087498337030411,0,36,0,1,0,0,1,0,0,1,nan,nan
0,0.34006740000000002,SIGN_START_CAPTURE,0,0,0,4.4888219833374023,nan,nan,nan,0,0,0.073631249368190765,0,36,0,1,0,0,1,0,0,1,nan,nan
0,0.35005415499999998,SIGN_START_CAPTURE,0,0,0,4.4884381294250488,nan,nan,nan,0,0,-0.58904999494552612,0,36,0,1,0,0,1,0,0,1,nan,nan
0,0.36007240499999998,SIGN_START_CAPTURE,0,0,0,4.4888219833374023,nan,nan,nan,0,0,0.073631249368190765,0,36,0,1,0,0,1,0,0,1,nan,nan
0,0.37005397299999998,SIGN_START_CAPTURE,0,0,0,4.4884381294250488,nan,nan,nan,0,0,-0.58904999494552612,0,36,0,1,0,0,1,0,0,1,nan,nan
0,0.3800675,SIGN_START_CAPTURE,0,0,0,4.4888219833374023,nan,nan,nan,0,0,0.098174996674060822,0,36,0,1,0,0,1,0,0,1,nan,nan
0,0.39005522500000001,SIGN_START_CAPTURE,0,0,0,4.4888219833374023,nan,nan,nan,0,0,0.098174996674060822,0,36,0,1,0,0,1,0,0,1,nan,nan
0,0.40007152699999998,SIGN_START_CAPTURE,0,0,0,4.4886298179626465,nan,nan,nan,0,0,-0.24543750286102295,0,36,0,1,0,0,1,0,0,1,nan,nan
0,0.41005347599999997,SIGN_START_CAPTURE,0,0,0,4.4886298179626465,nan,nan,nan,0,0,-0.39269998669624329,0,36,0,1,0,0,1,0,0,1,nan,nan
0,0.42007088399999998,SIGN_START_CAPTURE,0,0,0,4.4886298179626465,nan,nan,nan,0,0,-0.26998123526573181,0,36,0,1,0,0,1,0,0,1,nan,nan
0,0.43005388999999999,SIGN_START_CAPTURE,0,0,0,4.4888219833374023,nan,nan,nan,0,0,0.12271875143051147,0,36,0,1,0,0,1,0,0,1,nan,nan
0,0.44016334299999998,SIGN_START_CAPTURE,0,0,0,4.4886298179626465,nan,nan,nan,0,0,-0.24543750286102295,0,36,0,1,0,0,1,0,0,1,nan,nan
0,0.45017325000000002,SIGN_START_CAPTURE,0,0,0,4.4888219833374023,nan,nan,nan,0,0,0.024543749168515205,0,36,0,1,0,0,1,0,0,1,nan,nan
0,0.46019302499999998,SIGN_START_CAPTURE,0,0,0,4.4886298179626465,nan,nan,nan,0,0,-0.24543750286102295,0,36,0,1,0,0,1,0,0,1,nan,nan
0,0.47015883800000002,SIGN_START_CAPTURE,0,0,0,4.4888219833374023,nan,nan,nan,0,0,0.073631249368190765,0,36,0,1,0,0,1,0,0,1,nan,nan
0,0.480190214,SIGN_START_CAPTURE,0,0,0,4.4886298179626465,nan,nan,nan,0,0,-0.26998123526573181,0,36,0,1,0,0,1,0,0,1,nan,nan
0,0.49017747699999997,SIGN_START_CAPTURE,0,0,0,4.4886298179626465,nan,nan,nan,0,0,-0.14726249873638153,0,36,0,1,0,0,1,0,0,1,nan,nan
0,0.491476678,SIGN_PRE_HOLD,1,4.4886298179626465,0,4.4884381294250488,-0.00019168853759765625,-3.0282549748504178e-05,nan,0,0,-0.51541876792907715,0,36,0,1,0,0,1,0,0,1,nan,nan
1,0.50164352599999995,SIGN_PRE_HOLD,1,4.4886298179626465,0,4.4897804260253906,0.0011506080627441406,0.0001817706282167676,nan,0,0,0.073631249368190765,0,36,0,1,0,0,1,0,0,1,10.16684799999995,0.16684799999995015
2,0.51165453500000002,SIGN_PRE_HOLD,1,4.4886298179626465,0,4.4897804260253906,0.0011506080627441406,0.0001817706282167676,nan,0,0,-0.19634999334812164,0,36,0,1,0,0,1,0,0,1,10.011009000000071,0.011009000000070657
3,0.52163073999999998,SIGN_PRE_HOLD,1,4.4886298179626465,0,4.4899721145629883,0.0013422966003417969,0.0002120531779652718,nan,0,0,-0.39269998669624329,-0.00390625,36,0,1,0,0,1,0,0,1,9.9762049999999611,0.023795000000038868
4,0.53165896999999995,SIGN_PRE_HOLD,1,4.4886298179626465,0,4.4899721145629883,0.0013422966003417969,0.0002120531779652718,nan,0.29473207525457312,0,-0.36815625429153442,0,36,0,1,0,0,1,0,0,1,10.028229999999972,0.028229999999972222
5,0.54166393099999999,SIGN_PRE_HOLD,1,4.4886298179626465,0,4.4899721145629883,0.0013422966003417969,0.0002120531779652718,nan,0.052009314301821596,0,-0.29452499747276306,0,36,0,1,0,0,1,0,0,1,10.004961000000034,0.0049610000000335219
6,0.55165188799999998,SIGN_PRE_HOLD,1,4.4886298179626465,0,4.4901638031005859,0.0015339851379394531,0.00024233572771377597,nan,0.069359155743394227,0,0,0,36,0,1,0,0,1,0,0,1,9.9879569999999909,0.01204300000000913
7,0.56164810600000004,SIGN_PRE_HOLD,1,4.4886298179626465,0,4.4901638031005859,0.0015339851379394531,0.00024233572771377597,nan,0.052020534445182717,0,-0.12271875143051147,0,36,0,1,0,0,1,0,0,1,9.9962180000000558,0.0037819999999442189
8,0.57164692299999997,SIGN_PRE_HOLD,1,4.4886298179626465,0,4.4903559684753418,0.0017261505126953125,0.00027269360718802269,nan,0.086870546676375407,0,0,0,36,0,1,0,0,1,0,0,1,9.9988169999999386,0.0011830000000614405
9,0.58176260700000004,SIGN_PRE_HOLD,1,4.4886298179626465,0,4.4903559684753418,0.0017261505126953125,0.00027269360718802269,nan,0.086671543679049695,0,-0.049087498337030411,0,36,0,1,0,0,1,0,0,1,10.115684000000069,0.11568400000006918
10,0.59153799200000001,SIGN_PRE_HOLD,1,4.4886298179626465,0,4.4903559684753418,0.0017261505126953125,0.00027269360718802269,nan,0.052296808358844232,0.11683449833010305,-0.24543750286102295,0,36,0,1,0,0,1,0,0,1,9.7753849999999698,0.22461500000003021
11,0.60167203800000002,SIGN_PRE_HOLD,1,4.4886298179626465,0,4.4905476570129395,0.0019178390502929688,0.00030297615693652686,nan,0.069613595595671748,0.067883186146378657,0,0,36,0,1,0,0,1,0,0,1,10.134046000000009,0.13404600000000855
12,0.611729368,SIGN_PRE_HOLD,1,4.4886298179626465,0,4.4905476570129395,0.0019178390502929688,0.00030297615693652686,nan,0.052080177320500229,0.067864857586007341,-0.098174996674060822,0.00390625,36,0,1,0,0,1,0,0,1,10.057329999999975,0.057329999999975456
13,0.62173904400000002,SIGN_PRE_HOLD,1,4.4886298179626465,0,4.4905476570129395,0.0019178390502929688,0.00030297615693652686,nan,0.052031612755513226,0.061535017823832874,0,0,36,0,1,0,0,1,0,0,1,10.009676000000024,0.0096760000000237767
14,0.63164398200000005,SIGN_PRE_HOLD,1,4.4886298179626465,0,4.4903559684753418,0.0017261505126953125,0.00027269360718802269,nan,0.00025362471117074782,0.05052449410362693,-0.31906875967979431,0,36,0,1,0,0,1,0,0,1,9.9049380000000298,0.095061999999970226
15,0.64157261499999996,SIGN_PRE_HOLD,1,4.4886298179626465,0,4.4905476570129395,0.0019178390502929688,0.00030297615693652686,nan,-0.017401635720251427,0.044236919681407763,-0.24543750286102295,0,36,0,1,0,0,1,0,0,1,9.928632999999909,0.071367000000090997
16,0.65165833399999995,SIGN_PRE_HOLD,1,4.4886298179626465,0,4.4905476570129395,0.0019178390502929688,0.00030297615693652686,nan,4.3097899524956669e-05,0.033181498192205429,0.12271875143051147,0,36,0,1,0,0,1,0,0,1,10.085718999999994,0.085718999999993883
17,0.66164112100000005,SIGN_PRE_HOLD,1,4.4886298179626465,0,4.4905476570129395,0.0019178390502929688,0.00030297615693652686,nan,0.017425840981997152,0.026858522808745774,0,0,36,0,1,0,0,1,0,0,1,9.9827870000001049,0.017212999999895118
18,0.67153486399999995,SIGN_PRE_HOLD,1,4.4886298179626465,0,4.4905476570129395,0.0019178390502929688,0.00030297615693652686,nan,0.034746254315576701,0.017381869624953559,0.024543749168515205,0,36,0,1,0,0,1,0,0,1,9.8937429999998994,0.10625700000010063
19,0.68165922499999998,SIGN_PRE_HOLD,1,4.4886298179626465,0,4.4903559684753418,0.0017261505126953125,0.00027269360718802269,nan,-0.034746032712386792,0.0063194445029341193,-0.26998123526573181,0,36,0,1,0,0,1,0,0,1,10.124361000000025,0.12436100000002526
20,0.69166990800000006,SIGN_PRE_HOLD,1,4.4886298179626465,0,4.4903559684753418,0.0017261505126953125,0.00027269360718802269,nan,-0.052118837074148272,-0.004724541383423193,-0.24543750286102295,0,36,0,1,0,0,1,0,0,1,10.010683000000075,0.010683000000074827
21,0.70164645699999995,SIGN_PRE_HOLD,1,4.4886298179626465,0,4.4903559684753418,0.0017261505126953125,0.00027269360718802269,nan,-0.052046434271564856,-0.015797041545717937,-0.29452499747276306,0,36,0,1,0,0,1,0,0,1,9.9765489999998902,0.023451000000109801
22,0.71153358200000005,SIGN_PRE_HOLD,1,4.4886298179626465,0,4.4905476570129395,0.0019178390502929688,0.00030297615693652686,nan,-0.00025889098042915053,-0.0094950842384426866,-0.58904999494552612,0,36,0,1,0,0,1,0,0,1,9.8871250000001076,0.11287499999989237
23,0.72164508800000005,SIGN_PRE_HOLD,1,4.4886298179626465,0,4.4903559684753418,0.0017261505126953125,0.00027269360718802269,nan,0.017238391245571152,-0.011071390039002605,-0.24543750286102295,0,36,0,1,0,0,1,0,0,1,10.111505999999991,0.11150599999999145
24,0.73165536600000003,SIGN_PRE_HOLD,1,4.4886298179626465,0,4.4905476570129395,0.0019178390502929688,0.00030297615693652686,nan,0.034598344135746736,-0.0031770336160516525,0,0,36,0,1,0,0,1,0,0,1,10.010277999999984,0.010277999999983578
25,0.741574756,SIGN_PRE_HOLD,1,4.4886298179626465,0,4.4905476570129395,0.0019178390502929688,0.00030297615693652686,nan,0.034595306820004355,-0.0047558507546861979,-0.61359375715255737,0,36,0,1,0,0,1,0,0,1,9.9193899999999715,0.080610000000028492
26,0.75153044599999996,SIGN_PRE_HOLD,1,4.4886298179626465,0,4.4901638031005859,0.0015339851379394531,0.00024233572771377597,nan,-0.052117172720041155,-0.014233864575566442,-0.7608562707901001,0,36,0,1,0,0,1,0,0,1,9.9556899999999615,0.044310000000038485
27,0.76152892900000002,SIGN_PRE_HOLD,1,4.4886298179626465,0,4.4905476570129395,0.0019178390502929688,0.00030297615693652686,nan,5.2488317652075145e-05,-0.0047662811638396899,0,0,36,0,1,0,0,1,0,0,1,9.9984830000000571,0.0015169999999429251
28,0.77152883100000003,SIGN_PRE_HOLD,1,4.4886298179626465,0,4.4907393455505371,0.002109527587890625,0.00033325870668503104,nan,0.03496482128016485,0.012598824445121618,0.098174996674060822,0,36,0,1,0,0,1,0,0,1,9.9999020000000058,9.7999999994158316e-05
29,0.78152926899999997,SIGN_PRE_HOLD,1,4.4886298179626465,0,4.4907393455505371,0.002109527587890625,0.00033325870668503104,nan,0.086952338823956005,0.02842806083744405,0.024543749168515205,0,36,0,1,0,0,1,0,0,1,10.000437999999946,0.00043799999994575955
30,0.79152946999999996,SIGN_PLUS_3_PROFILE,1,4.4886298179626465,0,4.4905476570129395,0.0019178390502929688,0.00030297615693652686,nan,0.086837386818434753,0.025268432072425316,-0.36815625429153442,0,36,0,1,0,0,1,0,0,1,10.000200999999986,0.00020099999998635099
31,0.80152911500000001,SIGN_PLUS_3_PROFILE,1,4.4887955369731261,0.033143802095898151,4.4907393455505371,0.002109527587890625,0.00033325870668503104,nan,0.017350005954573904,0.028425094828964322,0.12271875143051147,0,36,0,1,0,0,1,0,0,1,9.9996450000000578,0.00035499999994215159
32,0.81152970599999996,SIGN_PLUS_3_PROFILE,1,4.4892926940045648,0.066287604191796301,4.4907393455505371,0.002109527587890625,0.00033325870668503104,nan,-3.3277432553415687e-07,0.02842221750343886,-0.31906875967979431,0,36,0,1,0,0,1,0,0,1,10.000590999999947,0.00059099999994671748
33,0.82152948599999998,SIGN_PLUS_3_PROFILE,1,4.4901212890569617,0.099431406287694452,4.4909310340881348,0.0023012161254882812,0.00036354125643353521,nan,0.052051199068843472,0.042659213593846536,0,0,36,0,1,0,0,1,0,0,1,9.9997800000000137,0.00021999999998634223
34,0.83152909100000005,SIGN_PLUS_3_PROFILE,1,4.4912813221303187,0.1325752083835926,4.4913144111633301,0.0026845932006835938,0.00042410635593054361,nan,0.15615537178775232,0.060018771614932367,-0.14726249873638153,0,36,0,1,0,0,1,0,0,1,9.9996050000000771,0.00039499999992287371
35,0.84152921999999997,SIGN_PLUS_3_PROFILE,1,4.492772793224634,0.16571901047949075,4.4920816421508789,0.0034518241882324219,0.00054531188465030281,nan,0.2950471135315122,0.11048337986202053,0.29452499747276306,0.00390625,36,0,1,0,0,1,0,0,1,10.000128999999912,0.00012899999991233813
36,0.85152857599999998,SIGN_PLUS_3_PROFILE,1,4.4945957023399083,0.1988628125753889,4.4932317733764648,0.0046019554138183594,0.00072700718314132795,nan,0.55536290896675744,0.19564405833628987,0.46633124351501465,0.0078125,36,0,1,0,0,1,0,0,1,9.9993560000000148,0.00064399999998521196
37,0.86152877500000002,SIGN_PLUS_3_PROFILE,1,4.4967500494761419,0.23200661467128711,4.4945740699768066,0.0059442520141601562,0.00093906036110659973,nan,0.8330623314283907,0.29502637536129489,0.46633124351501465,0.00390625,36,0,1,0,0,1,0,0,1,10.000199000000043,0.00019900000004291485
38,0.871529373,SIGN_PLUS_3_PROFILE,1,4.4992358346333337,0.2651504167671852,4.4962997436523438,0.0076699256896972656,0.0012116786385688797,nan,1.1280936004136202,0.44807175937213883,0.24543750286102295,0.0078125,36,0,1,0,0,1,0,0,1,10.000597999999972,0.00059799999997167674
39,0.88152978500000001,SIGN_PLUS_3_PROFILE,1,4.5020530578114855,0.29829421886308338,4.4989843368530273,0.010354518890380859,0.0016357849944994235,nan,1.5272618779836831,0.67370279874997463,0.24543750286102295,0.00390625,36,0,1,0,0,1,0,0,1,10.000412000000015,0.00041200000001495596
40,0.89152938400000004,SIGN_PLUS_3_PROFILE,1,4.5052017190105955,0.33143802095898151,4.5020523071289062,0.013422489166259766,0.0021204564499269752,nan,1.9959126899123871,0.95771272653836326,0.26998123526573181,-0.0078125,36,0,1,0,0,1,0,0,1,9.9995990000000248,0.00040099999997522673
41,0.90152909999999997,SIGN_PLUS_3_PROFILE,1,4.5086818182306647,0.36458182305487968,4.5049285888671875,0.016298770904541016,0.002574845355606023,nan,2.3951422371593316,1.2575062759264133,-0.024543749168515205,0,36,0,1,0,0,1,0,0,1,9.9997159999999354,0.00028400000006456594
42,0.91152905200000001,SIGN_PLUS_3_PROFILE,1,4.5124933554716931,0.39772562515077781,4.5074214935302734,0.018791675567626953,0.0029686691617880627,nan,2.5514381739679419,1.5509981047567596,0.024543749168515205,0.0078125,36,0,1,0,0,1,0,0,1,9.9999520000000341,4.7999999965853135e-05
43,0.92152912799999998,SIGN_PLUS_3_PROFILE,1,4.5166363307336805,0.43086942724667598,4.5095305442810059,0.020900726318359375,0.0033018525387473511,nan,2.3952005058731576,1.7939845129581238,-0.19634999334812164,0.01171875,36,0,1,0,0,1,0,0,1,10.000075999999968,7.5999999967990561e-05
44,0.93152897300000004,SIGN_PLUS_3_PROFILE,1,4.5211107440166263,0.46401322934257422,4.5114479064941406,0.022818088531494141,0.0036047533659581354,nan,2.1174395662064387,1.9706977447518197,-0.14726249873638153,0.01171875,36,0,1,0,0,1,0,0,1,9.9998450000000627,0.00015499999993728864
45,0.94152889399999995,SIGN_PLUS_3_PROFILE,1,4.525916595320532,0.49715703143847223,4.5133657455444336,0.024735927581787109,0.003907729522894662,nan,1.8918316768072057,2.0764246289119872,0.14726249873638153,0.0078125,36,0,1,0,0,1,0,0,1,9.9999209999999117,7.9000000088313982e-05
46,0.95152951500000005,SIGN_PLUS_3_PROFILE,1,4.531053884645396,0.53030083353437041,4.5158581733703613,0.027228355407714844,0.0043014779993509594,nan,1.8744166352150222,2.1411172372033422,0.073631249368190765,0.0234375,36,0,1,0,0,1,0,0,1,10.000621000000098,0.00062100000009834844
47,0.96152921499999999,SIGN_PLUS_3_PROFILE,1,4.5365226119912192,0.56344463563026859,4.5193095207214355,0.030679702758789062,0.0048467145542755189,nan,2.1694599001552604,2.2089566004800467,0.31906875967979431,0.01953125,36,0,1,0,0,1,0,0,1,9.9996999999999439,0.00030000000005614424
48,0.971528489,SIGN_PLUS_3_PROFILE,1,4.5423227773580015,0.59658843772616676,4.5241036415100098,0.035473823547363281,0.0056040796168910943,nan,2.8290658222795293,2.3257342961951055,0.7117687463760376,0.0078125,36,0,1,0,0,1,0,0,1,9.9992740000000033,0.00072599999999667375
49,0.98152959299999998,SIGN_PLUS_3_PROFILE,1,4.5484543807457429,0.62973223982206483,4.5302395820617676,0.041609764099121094,0.0065734225277461981,nan,3.8009846597529195,2.5371593348702839,0.44178751111030579,0.00390625,36,0,1,0,0,1,0,0,1,10.001103999999984,0.0011039999999837846
50,0.99152922600000004,SIGN_PLUS_3_PROFILE,1,4.5549174221544426,0.66287604191796301,4.5352249145507812,0.046595096588134766,0.0073609948103845338,nan,4.4952967770861401,2.8069565189722381,0.14726249873638153,0.01953125,36,0,1,0,0,1,0,0,1,9.9996330000000633,0.0003669999999367235
51,1.0015291690000001,SIGN_PLUS_3_PROFILE,1,4.5617119015841023,0.69601984401386119,4.5390596389770508,0.050429821014404297,0.0079667964648061033,nan,4.5819645341443804,3.0877905430174128,0.36815625429153442,0.01953125,36,0,1,0,0,1,0,0,1,9.9999430000000658,5.6999999934248535e-05
52,1.011529006,SIGN_PLUS_3_PROFILE,1,4.5688378190347203,0.72916364610975937,4.5432782173156738,0.054648399353027344,0.0086332385484504219,nan,4.2694874856061134,3.3796839686978788,0.22089375555515289,0.0234375,36,0,1,0,0,1,0,0,1,9.9998369999998449,0.00016300000015512239
53,1.0215288069999999,SIGN_PLUS_3_PROFILE,1,4.5762951745062974,0.76230744820565743,4.5490307807922363,0.060400962829589844,0.0095420163598085184,nan,4.1307733640586184,3.7157744796579966,0.63813751935958862,0.01953125,36,0,1,0,0,1,0,0,1,9.9998009999999748,0.00019900000002515128
54,1.0315289000000001,SIGN_PLUS_3_PROFILE,1,4.5840839679988328,0.79545125030155561,4.5570840835571289,0.068454265594482422,0.010814260097874406,nan,4.8597367054664744,4.1449402916290046,0.85903126001358032,0.0078125,36,0,1,0,0,1,0,0,1,10.000093000000154,9.300000015421972e-05
55,1.0415295760000001,SIGN_PLUS_3_PROFILE,1,4.5922041995123282,0.82859505239745379,4.5626449584960938,0.074015140533447266,0.011692755359483997,nan,5.5192327265679291,4.5062531809900568,0.6626812219619751,0.02734375,36,0,1,0,0,1,0,0,1,10.000675999999986,0.00067599999998613214
56,1.0515286479999999,SIGN_PLUS_3_PROFILE,1,4.6006558690467827,0.86173885449335197,4.5672469139099121,0.078617095947265625,0.012419762542625326,nan,5.5713228761083027,4.7303330115212718,0.61359375715255737,0.02734375,36,0,1,0,0,1,0,0,1,9.9990719999998312,0.0009280000001687938
57,1.061529049,SIGN_PLUS_3_PROFILE,1,4.6094389766021955,0.89488265658925015,4.5735745429992676,0.084944725036621094,0.013419388003228934,nan,5.3630197388258134,4.894412645415481,0.51541876792907715,0.01953125,36,0,1,0,0,1,0,0,1,10.000401000000103,0.00040100000010312442
58,1.0715291309999999,SIGN_PLUS_3_PROFILE,1,4.6185535221785674,0.92802645868514844,4.5823945999145508,0.093764781951904297,0.014812761940288839,nan,5.5712427520710719,5.1168537766543754,0.56450623273849487,0.01171875,36,0,1,0,0,1,0,0,1,10.00008199999991,8.1999999910209453e-05
59,1.081529293,SIGN_PLUS_3_PROFILE,1,4.6279995057758985,0.96117026078104639,4.5894894599914551,0.10085964202880859,0.015933592929612207,nan,6.2307462944452565,5.348808045053441,0.12271875143051147,0.02734375,36,0,1,0,0,1,0,0,1,10.00016200000009,0.00016200000009014559
60,1.0915298259999999,SIGN_PLUS_3_PROFILE,1,4.6377769273941878,0.99431406287694446,4.5965843200683594,0.10795450210571289,0.017054423918935573,nan,6.7512868219700213,5.6375298375015364,0.56450623273849487,0.01953125,36,0,1,0,0,1,0,0,1,10.000532999999923,0.00053299999992262315
61,1.101529419,SIGN_PLUS_3_PROFILE,1,4.6478857870334371,1.0274578649728427,4.6059799194335938,0.11735010147094727,0.018538720834966733,nan,7.1505941082772768,6.0130434522654408,0.95720624923706055,0.01171875,36,0,1,0,0,1,0,0,1,9.9995930000000843,0.00040699999991566926
62,1.111529939,SIGN_PLUS_3_PROFILE,1,4.6582789218944303,1.0355964317492719,4.6138415336608887,0.12521171569824219,0.019780682023284119,nan,7.1853163969637484,6.319107612597989,0.53996247053146362,0.03515625,36,0,1,0,0,1,0,0,1,10.000519999999957,0.00051999999995722135
63,1.1215289850000001,SIGN_PLUS_3_PROFILE,1,4.6684691672014438,1.0024526296533738,4.6211280822753906,0.13249826431274414,0.020931795562355988,nan,7.2895860821773741,6.5179261770347754,0.7117687463760376,0.03515625,36,0,1,0,0,1,0,0,1,9.9990460000001224,0.0009539999998775528
64,1.1315285530000001,SIGN_PLUS_3_PROFILE,1,4.6783279744874982,0.96930882755747549,4.6309070587158203,0.14227724075317383,0.022476657577884158,nan,7.5847784600850572,6.7625198364787842,0.6626812219619751,0.0234375,36,0,1,0,0,1,0,0,1,9.9995680000000142,0.00043199999998577709
65,1.141528546,SIGN_PLUS_3_PROFILE,1,4.6878553437525934,0.93616502546157732,4.6395359039306641,0.15090608596801758,0.023839824294921302,nan,7.6195353927584906,7.0860074671275282,0.80994373559951782,0.02734375,36,0,1,0,0,1,0,0,1,9.9999929999998738,7.0000001262116029e-06
66,1.1515297120000001,SIGN_PLUS_3_PROFILE,1,4.6970512749967295,0.90302122336567925,4.6477808952331543,0.15915107727050781,0.025142350582735694,nan,7.8102681554995366,7.3447387882305692,1.2026437520980835,0.01953125,36,0,1,0,0,1,0,0,1,10.001166000000117,0.0011660000001167958
67,1.161530634,SIGN_PLUS_3_PROFILE,1,4.7059157682199064,0.86987742126978107,4.6579437255859375,0.16931390762329102,0.026747853027486612,nan,8.1916740726624298,7.5482646438360588,0.63813751935958862,0.00390625,36,0,1,0,0,1,0,0,1,10.000921999999912,0.00092199999991215975
68,1.1715293280000001,SIGN_PLUS_3_PROFILE,1,4.7144488234221251,0.836733619173883,4.6661887168884277,0.17755889892578125,0.028050379315301004,nan,8.0529024456669891,7.6571500217957453,0.85903126001358032,0.0234375,36,0,1,0,0,1,0,0,1,9.9986940000000857,0.0013059999999143201
69,1.1815289019999999,SIGN_PLUS_3_PROFILE,1,4.7226504406033847,0.80358981707798482,4.6736669540405273,0.18503713607788086,0.02923177540412138,nan,7.8448854457373791,7.7471023723669514,0.7608562707901001,0.0234375,36,0,1,0,0,1,0,0,1,9.9995739999998445,0.00042600000015546868
70,1.1915291269999999,SIGN_PLUS_3_PROFILE,1,4.7305206197636851,0.77044601498208654,4.6824874877929688,0.19385766983032227,0.030625224670907027,nan,7.7063264446018103,7.7991825684180052,0.9817500114440918,0.01953125,36,0,1,0,0,1,0,0,1,10.000224999999974,0.00022499999997371845
71,1.20152912,SIGN_PLUS_3_PROFILE,1,4.7380593609030264,0.73730221288618847,4.6884312629699707,0.19980144500732422,0.031564209702287883,nan,6.9946375809134915,7.6808246646770826,0.36815625429153442,0.03515625,36,0,1,0,0,1,0,0,1,9.9999930000000958,6.999999904166998e-06
72,1.2115296,SIGN_PLUS_3_PROFILE,1,4.7452666640214085,0.7041584107902904,4.6932253837585449,0.20459556579589844,0.032321574764903459,nan,6.230761567024552,7.4678096123665023,0.29452499747276306,0.0390625,36,0,1,0,0,1,0,0,1,10.000479999999978,0.00047999999997827558
73,1.22152894,SIGN_PLUS_3_PROFILE,1,4.7521425291188324,0.67101460869439222,4.6995530128479004,0.21092319488525391,0.033321200225507067,nan,5.6580427780943685,7.1853718005681557,0.68722498416900635,0.0234375,36,0,1,0,0,1,0,0,1,9.9993400000000232,0.00065999999997679026
74,1.231528994,SIGN_PLUS_3_PROFILE,1,4.7586869561952962,0.63787080659849404,4.7079896926879883,0.2193598747253418,0.034654009063069965,nan,5.623348769789021,6.9045338735158364,0.85903126001358032,0.01953125,36,0,1,0,0,1,0,0,1,10.000054000000036,5.400000003596972e-05
75,1.241529135,SIGN_PLUS_3_PROFILE,1,4.7648999452508018,0.60472700450259587,4.7133588790893555,0.22472906112670898,0.03550222177493105,nan,5.8490463417814267,6.6126623993695803,0.34361249208450317,0.02734375,36,0,1,0,0,1,0,0,1,10.000140999999907,0.00014099999990691003
76,1.251528529,SIGN_PLUS_3_PROFILE,1,4.7707814962853483,0.57158320240669769,4.7183442115783691,0.22971439361572266,0.036289794057569387,nan,5.7969928784613387,6.2734767375102196,0.34361249208450317,0.0234375,36,0,1,0,0,1,0,0,1,9.9993940000000503,0.00060599999994970233
77,1.2615299550000001,SIGN_PLUS_3_PROFILE,1,4.7763316092989356,0.53843940031079951,4.7237129211425781,0.23508310317993164,0.03713793143970473,nan,5.3108012095361472,5.9136806384516749,0.51541876792907715,0.0234375,36,0,1,0,0,1,0,0,1,10.001426000000091,0.0014260000000909656
78,1.271529508,SIGN_PLUS_3_PROFILE,1,4.7815502842915647,0.50529559821490144,4.7290821075439453,0.24045228958129883,0.037986144151565822,nan,4.7554510796376652,5.6517240928202321,0.049087498337030411,0.0234375,36,0,1,0,0,1,0,0,1,9.9995529999998833,0.00044700000011665963
79,1.2815317690000001,SIGN_PLUS_3_PROFILE,1,4.7864375212632337,0.47215179611900338,4.7342591285705566,0.24562931060791016,0.038803998983952662,nan,4.7551987363348402,5.4244410416146289,0.7117687463760376,0.03515625,36,0,1,0,0,1,0,0,1,10.002261000000123,0.0022610000001233033
80,1.2915293619999999,SIGN_PLUS_3_PROFILE,1,4.7909933202139445,0.43900799402310514,4.7367520332336426,0.24812221527099609,0.039197822790134701,nan,4.2868220457668311,5.1089044412074873,-0.073631249368190765,0.0390625,36,0,1,0,0,1,0,0,1,9.9975929999998048,0.0024070000001952252
81,1.3015282990000001,SIGN_PLUS_3_PROFILE,1,4.7952176811436962,0.40586419192720696,4.738861083984375,0.25023126602172852,0.039531006167093985,nan,3.4366648266350635,4.7965438774747229,0.34361249208450317,0.04296875,36,0,1,0,0,1,0,0,1,9.9989370000002076,0.0010629999997924244
82,1.3115289320000001,SIGN_PLUS_3_PROFILE,1,4.7991106040524887,0.37272038983130878,4.7403950691223145,0.25176525115966797,0.039773341894807766,nan,2.4646595491235432,4.3768494313490391,0.31906875967979431,0.04296875,36,0,1,0,0,1,0,0,1,10.000632999999981,0.00063299999998100986
83,1.321528974,SIGN_PLUS_3_PROFILE,1,4.802672088940322,0.33957658773541061,4.7411623001098633,0.2525324821472168,0.039894547423527521,nan,1.5795032007884378,3.7978114160806586,0,0.04296875,36,0,1,0,0,1,0,0,1,10.000041999999931,4.1999999931263687e-05
84,1.331528732,SIGN_PLUS_3_PROFILE,1,4.8059021358071972,0.30643278563951243,4.7423129081726074,0.25368309020996094,0.040076318051744289,nan,1.2149792287091032,3.1840730155236017,0,0.04296875,36,0,1,0,0,1,0,0,1,9.9997579999999697,0.00024200000003027355
85,1.34152928,SIGN_PLUS_3_PROFILE,1,4.8088007446531122,0.27328898354361425,4.743079662322998,0.25444984436035156,0.040197448250738309,nan,0.93726303606498129,2.6665429481731584,-0.24543750286102295,0.04296875,36,0,1,0,0,1,0,0,1,10.000548000000054,0.00054800000005350569
86,1.3515289340000001,SIGN_PLUS_3_PROFILE,1,4.8113679154780691,0.24014518144771607,4.7438468933105469,0.25521707534790039,0.040318653779458064,nan,0.79842810229575367,2.1569245732598814,-0.12271875143051147,0.04296875,36,0,1,0,0,1,0,0,1,9.9996540000000245,0.00034599999997553255
87,1.361530047,SIGN_PLUS_3_PROFILE,1,4.8136036482820668,0.20700137935181789,4.7440385818481445,0.25540876388549805,0.040348936329206567,nan,0.65952112089242476,1.6504383837356975,-0.24543750286102295,0.04296875,36,0,1,0,0,1,0,0,1,10.00111299999995,0.0011129999999504037
88,1.37152948,SIGN_PLUS_3_PROFILE,1,4.8155079430651053,0.17385757725592008,4.7448053359985352,0.25617551803588867,0.040470066528200586,nan,0.53798527031494758,1.2291383205557727,0,0.04296875,36,0,1,0,0,1,0,0,1,9.9994329999999465,0.00056700000005349693
89,1.381528366,SIGN_PLUS_3_PROFILE,1,4.8170807998271847,0.14071377516002187,4.7453808784484863,0.25675106048583984,0.040560989507171845,nan,0.50334500498347767,0.92305167401519672,0,0.04296875,36,0,1,0,0,1,0,0,1,9.9988859999999846,0.0011140000000153805
90,1.3915288139999999,SIGN_PLUS_3_PROFILE,1,4.8183222185683059,0.10756997306412369,4.7459559440612793,0.25732612609863281,0.040651837156417354,nan,0.50330494856487606,0.76209994462611463,-0.073631249368190765,0.04296875,36,0,1,0,0,1,0,0,1,10.000447999999995,0.00044799999999511897
91,1.401529236,SIGN_PLUS_3_PROFILE,1,4.8192321992884679,0.074426170968225527,4.7465310096740723,0.25790119171142578,0.040742684805662864,nan,0.55536142479543404,0.65164274096392805,-0.22089375555515289,0.04296875,36,0,1,0,0,1,0,0,1,10.000422000000064,0.00042200000006431537
92,1.411529518,SIGN_PLUS_3_PROFILE,1,4.8198107419876699,0.041282368872327342,4.7474899291992188,0.25886011123657227,0.040894172884131129,nan,0.59008909221777472,0.60429996886131865,0.26998123526573181,0.04296875,36,0,1,0,0,1,0,0,1,10.000282000000027,0.00028200000002698289
93,1.42152933,SIGN_PLUS_3_PROFILE,1,4.8200578466659145,0.0081385667764291621,4.7482566833496094,0.25962686538696289,0.041015303083125149,nan,0.6594352009874519,0.59323517510918078,0.31906875967979431,0.03515625,36,0,1,0,0,1,0,0,1,9.9998119999999968,0.00018800000000318562
94,1.4315286540000001,SIGN_PLUS_3_PROFILE,1,4.820067838921628,0,4.7488322257995605,0.26020240783691406,0.0411062260620964,nan,0.67689216165264954,0.57904104941226175,0.19634999334812164,0.0390625,36,0,1,0,0,1,0,0,1,9.9993240000000316,0.00067599999996836857
95,1.441528871,SIGN_PLUS_3_HOLD,1,4.820067838921628,0,4.7495989799499512,0.26096916198730469,0.04122735626109042,nan,0.67690165983652439,0.59008823064646154,-0.36815625429153442,0.03515625,36,0,1,0,0,1,0,0,1,10.000216999999978,0.00021699999997792929
96,1.451528578,SIGN_PLUS_3_HOLD,1,4.820067838921628,0,4.7505578994750977,0.26192808151245117,0.041378844339558685,nan,0.67690631481708208,0.61848915851173847,-0.17180624604225159,0.02734375,36,0,1,0,0,1,0,0,1,9.9997069999999688,0.00029300000003118498
97,1.461528553,SIGN_PLUS_3_HOLD,1,4.820067838921628,0,4.7517085075378418,0.26307868957519531,0.041560614967775453,nan,0.78109357571643812,0.67057501908940109,-0.14726249873638153,0.03515625,36,0,1,0,0,1,0,0,1,9.9999749999999388,2.5000000061226046e-05
98,1.47152971,SIGN_PLUS_3_HOLD,1,4.820067838921628,0,4.7520918846130371,0.26346206665039062,0.041621180067272459,nan,0.78102069983523592,0.68319960704690164,0,0.02734375,36,0,1,0,0,1,0,0,1,10.001157000000038,0.0011570000000382663
99,1.4815299470000001,SIGN_PLUS_3_HOLD,1,4.820067838921628,0,4.7526669502258301,0.26403713226318359,0.041712027716517969,nan,0.69421494993064836,0.69107342923648363,0.049087498337030411,0.02734375,36,0,1,0,0,1,0,0,1,10.000237000000078,0.00023700000007842448
100,1.491528988,SIGN_PLUS_3_HOLD,1,4.820067838921628,0,4.7536258697509766,0.26499605178833008,0.041863515794986234,nan,0.64212916100912332,0.70213327964707628,0.46633124351501465,0.03515625,36,0,1,0,0,1,0,0,1,9.9990409999999308,0.00095900000006921005
101,1.5015285009999999,SIGN_PLUS_3_HOLD,1,4.820067838921628,0,4.754584789276123,0.26595497131347656,0.042015003873454498,nan,0.65954008575406353,0.71319332741432517,0.4908750057220459,0.0234375,36,0,1,0,0,1,0,0,1,9.9995129999999044,0.0004870000000956054
102,1.511528727,SIGN_PLUS_3_HOLD,1,4.820067838921628,0,4.7555432319641113,0.26691341400146484,0.042166416622197021,nan,0.7984143493223671,0.72107265292250866,-0.049087498337030411,0.02734375,36,0,1,0,0,1,0,0,1,10.000226000000056,0.00022600000005645882
103,1.5215286560000001,SIGN_PLUS_3_HOLD,1,4.820067838921628,0,4.7565021514892578,0.26787233352661133,0.042317904700665279,nan,0.86785794343298295,0.74158897466606866,-0.24543750286102295,0.02734375,36,0,1,0,0,1,0,0,1,9.9999290000001295,7.0999999870480224e-05
104,1.531528558,SIGN_PLUS_3_HOLD,1,4.820067838921628,0,4.757652759552002,0.26902294158935547,0.042499675328882047,nan,0.90254090286278388,0.77314312179819478,-0.24543750286102295,0.02734375,36,0,1,0,0,1,0,0,1,9.9999019999998939,9.8000000106068796e-05
105,1.541529428,SIGN_PLUS_3_HOLD,1,4.820067838921628,0,4.7588028907775879,0.27017307281494141,0.042681370627373073,nan,0.95452757367859942,0.80311566420357861,0.22089375555515289,0.02734375,36,0,1,0,0,1,0,0,1,10.000870000000051,0.00087000000005055256
106,1.5515292940000001,SIGN_PLUS_3_HOLD,1,4.820067838921628,0,4.7595701217651367,0.27094030380249023,0.042802576156092835,nan,0.93721827226965515,0.82046548703563937,-0.098174996674060822,0.02734375,36,0,1,0,0,1,0,0,1,9.9998660000000239,0.00013399999997609768
107,1.561529817,SIGN_PLUS_3_HOLD,1,4.820067838921628,0,4.760528564453125,0.27189874649047852,0.042953988904835358,nan,0.90242087749281996,0.84254312376558316,0,0.03515625,36,0,1,0,0,1,0,0,1,10.000522999999983,0.00052299999998339786
108,1.5715286690000001,SIGN_PLUS_3_HOLD,1,4.820067838921628,0,4.7612957954406738,0.27266597747802734,0.043075194433555113,nan,0.81569172985572247,0.87095543222712368,0.19634999334812164,0.02734375,36,0,1,0,0,1,0,0,1,9.998852000000058,0.0011479999999419732
109,1.581529231,SIGN_PLUS_3_HOLD,1,4.820067838921628,0,4.7612957954406738,0.27266597747802734,0.043075194433555113,nan,0.60749305133711595,0.83939750475262898,-0.24543750286102295,0.02734375,36,0,1,0,0,1,0,0,1,10.00056199999988,0.00056199999987960325
110,1.591528796,SIGN_PLUS_3_HOLD,1,4.820067838921628,0,4.7612957954406738,0.27266597747802734,0.043075194433555113,nan,0.38184864414945552,0.76049778060995832,-0.34361249208450317,0.0234375,36,0,1,0,0,1,0,0,1,9.999564999999988,0.0004350000000119536
111,1.6015290019999999,SIGN_PLUS_3_HOLD,1,4.820067838921628,0,4.7614874839782715,0.272857666015625,0.043105476983303616,nan,0.17359263524712321,0.66582728131992475,0.024543749168515205,0.02734375,36,0,1,0,0,1,0,0,1,10.000205999999956,0.00020599999995596363
112,1.6115292480000001,SIGN_PLUS_3_HOLD,1,4.820067838921628,0,4.7612957954406738,0.27266597747802734,0.043075194433555113,nan,0.017350322770036165,0.54592378849122047,0,0.02734375,36,0,1,0,0,1,0,0,1,10.000246000000157,0.000246000000156954
113,1.6215321009999999,SIGN_PLUS_3_HOLD,1,4.820067838921628,0,4.7614874839782715,0.272857666015625,0.043105476983303616,nan,0.034699987845393916,0.42599628740377488,-0.098174996674060822,0.0234375,36,0,1,0,0,1,0,0,1,10.002852999999812,0.0028529999998117006
114,1.6315291649999999,SIGN_PLUS_3_HOLD,1,4.820067838921628,0,4.7612957954406738,0.27266597747802734,0.043075194433555113,nan,3.085051000005654e-06,0.29662430704720744,-0.36815625429153442,0.02734375,36,0,1,0,0,1,0,0,1,9.997064,0.0029360000000000497
115,1.641529604,SIGN_PLUS_3_HOLD,1,4.820067838921628,0,4.7612957954406738,0.27266597747802734,0.043075194433555113,nan,-0.034697943194556199,0.18461202562771026,-0.24543750286102295,0.02734375,36,0,1,0,0,1,0,0,1,10.000439000000139,0.00043900000013863405
116,1.651528597,SIGN_PLUS_3_HOLD,1,4.820067838921628,0,4.7614874839782715,0.272857666015625,0.043105476983303616,nan,0.01735404426095654,0.10729319907544183,0,0.0234375,36,0,1,0,0,1,0,0,1,9.9989929999999561,0.001007000000043945
117,1.6616377920000001,SIGN_PLUS_3_HOLD,1,4.820067838921628,0,4.7616791725158691,0.27304935455322266,0.043135759533052119,nan,0.052058272988027676,0.053628282018296024,-0.41724374890327454,0.0234375,36,0,1,0,0,1,0,0,1,10.109195000000071,0.10919500000007076
118,1.671534718,SIGN_PLUS_3_HOLD,1,4.820067838921628,0,4.7614874839782715,0.272857666015625,0.043105476983303616,nan,0.069463409294766562,0.022089415891594886,-0.17180624604225159,0.02734375,36,0,1,0,0,1,0,0,1,9.8969259999999171,0.10307400000008293
119,1.681532518,SIGN_PLUS_3_HOLD,1,4.820067838921628,0,4.7614874839782715,0.272857666015625,0.043105476983303616,nan,0.034880306182252706,0.020515712967889416,-0.31906875967979431,0.0234375,36,0,1,0,0,1,0,0,1,9.9978000000000566,0.0021999999999433584
120,1.691534774,SIGN_PLUS_3_HOLD,1,4.820067838921628,0,4.7616791725158691,0.27304935455322266,0.043135759533052119,nan,0.017496119719902444,0.025246391806319771,0.098174996674060822,0.01953125,36,0,1,0,0,1,0,0,1,10.002255999999932,0.002255999999931646
121,1.701646046,SIGN_PLUS_3_HOLD,1,4.820067838921628,0,4.7614874839782715,0.272857666015625,0.043105476983303616,nan,-0.017313020248425601,0.018924290514147384,-0.26998123526573181,0.02734375,36,0,1,0,0,1,0,0,1,10.11127200000006,0.11127200000005999
122,1.711653745,SIGN_PLUS_3_HOLD,1,4.820067838921628,0,4.7616791725158691,0.27304935455322266,0.043135759533052119,nan,0.034506285116298191,0.028372333118292528,0,0.02734375,36,0,1,0,0,1,0,0,1,10.007698999999981,0.0076989999999810266
123,1.7216598439999999,SIGN_PLUS_3_HOLD,1,4.820067838921628,0,4.7616791725158691,0.27304935455322266,0.043135759533052119,nan,0.034498740994620532,0.026790565465450295,-0.098174996674060822,0.02734375,36,0,1,0,0,1,0,0,1,10.006098999999935,0.0060989999999350175
124,1.7316368099999999,SIGN_PLUS_3_HOLD,1,4.820067838921628,0,4.7618708610534668,0.27324104309082031,0.043166042082800629,nan,0.051809531663712043,0.039386774953279753,0.14726249873638153,0.0234375,36,0,1,0,0,1,0,0,1,9.976965999999976,0.02303400000002398
125,1.741644854,SIGN_PLUS_3_HOLD,1,4.820067838921628,0,4.7616791725158691,0.27304935455322266,0.043135759533052119,nan,0.052055940908458762,0.031513332636919744,-0.17180624604225159,0.0234375,36,0,1,0,0,1,0,0,1,10.008044000000105,0.0080440000001047451
126,1.751660915,SIGN_PLUS_3_HOLD,1,4.820067838921628,0,4.7618708610534668,0.27324104309082031,0.043166042082800629,nan,0.034693454199800348,0.028363581569314053,0.098174996674060822,0.02734375,36,0,1,0,0,1,0,0,1,10.016060999999965,0.01606099999996502
127,1.7615334439999999,SIGN_PLUS_3_HOLD,1,4.820067838921628,0,4.7616791725158691,0.27304935455322266,0.043135759533052119,nan,7.5608844795845852e-05,0.022091111202810387,-0.17180624604225159,0.02734375,36,0,1,0,0,1,0,0,1,9.8725289999999077,0.12747100000009226
128,1.771533217,SIGN_PLUS_3_HOLD,1,4.820067838921628,0,4.7616791725158691,0.27304935455322266,0.043135759533052119,nan,-0.034759027027206152,0.023673241755687007,-0.024543749168515205,0.02734375,36,0,1,0,0,1,0,0,1,9.9997730000001006,0.00022699999989939101
129,1.7816372599999999,SIGN_PLUS_3_HOLD,1,4.820067838921628,0,4.7618708610534668,0.27324104309082031,0.043166042082800629,nan,0.017564150292350731,0.023675779956648258,0.17180624604225159,0.03515625,36,0,1,0,0,1,0,0,1,10.104042999999896,0.10404299999989597
130,1.7915337389999999,SIGN_PLUS_3_HOLD,1,4.820067838921628,0,4.7616791725158691,0.27304935455322266,0.043135759533052119,nan,-0.01716127942236605,0.012644981481627269,-0.098174996674060822,0.02734375,36,0,1,0,0,1,0,0,1,9.8964790000000136,0.10352099999998643
131,1.801644483,SIGN_PLUS_3_HOLD,1,4.820067838921628,0,4.7618708610534668,0.27324104309082031,0.043166042082800629,nan,0.03476959430181769,0.017391333412877946,0.14726249873638153,0.02734375,36,0,1,0,0,1,0,0,1,10.110744000000116,0.11074400000011586
132,1.8116563450000001,SIGN_PLUS_3_HOLD,1,4.820067838921628,0,4.7616791725158691,0.27304935455322266,0.043135759533052119,nan,0.00013762869795736545,0.0031746823344563943,-0.12271875143051147,0.02734375,36,0,1,0,0,1,0,0,1,10.011862000000038,0.011862000000038009
133,1.8216674690000001,SIGN_PLUS_3_HOLD,1,4.820067838921628,0,4.7614874839782715,0.272857666015625,0.043105476983303616,nan,-0.069172057322426414,-0.011033282320815766,-0.68722498416900635,0.03515625,36,0,1,0,0,1,0,0,1,10.011124000000038,0.011124000000037881
134,1.8315343100000001,SIGN_PLUS_3_HOLD,1,4.820067838921628,0,4.7618708610534668,0.27324104309082031,0.043166042082800629,nan,-0.00016638758731847856,-0.0078871255896836943,0,0.02734375,36,0,1,0,0,1,0,0,1,9.8668410000000151,0.13315899999998493
135,1.8415324449999999,SIGN_PLUS_3_HOLD,1,4.820067838921628,0,4.7616791725158691,0.27304935455322266,0.043135759533052119,nan,-0.01763841834628178,-0.0047331006721727286,-0.36815625429153442,0.02734375,36,0,1,0,0,1,0,0,1,9.998134999999797,0.0018650000002029543
136,1.851654433,SIGN_PLUS_3_HOLD,1,4.820067838921628,0,4.7618708610534668,0.27324104309082031,0.043166042082800629,nan,0.05204318253747816,-0.0015661278127594588,0,0.03515625,36,0,1,0,0,1,0,0,1,10.121988000000082,0.1219880000000817
137,1.8616455970000001,SIGN_PLUS_3_HOLD,1,4.820067838921628,0,4.7618708610534668,0.27324104309082031,0.043166042082800629,nan,0.069214245085106124,0.0094601831299810698,0,0.02734375,36,0,1,0,0,1,0,0,1,9.9911640000001078,0.0088359999998921523
138,1.8715344570000001,SIGN_PLUS_3_HOLD,1,4.820067838921628,0,4.7616791725158691,0.27304935455322266,0.043135759533052119,nan,-0.017149041374692323,0.0031635017979789394,-0.31906875967979431,0.02734375,36,0,1,0,0,1,0,0,1,9.8888599999999993,0.11114000000000068
139,1.8815323079999999,SIGN_PLUS_3_HOLD,1,4.820067838921628,0,4.7618708610534668,0.27324104309082031,0.043166042082800629,nan,0.017553553788420394,0.0047365706850324499,0.19634999334812164,0.03515625,36,0,1,0,0,1,0,0,1,9.9978509999998355,0.0021490000001644916
140,1.8916386700000001,SIGN_PLUS_3_HOLD,1,4.820067838921628,0,4.7618708610534668,0.27324104309082031,0.043166042082800629,nan,0.00011595165500697877,0.014200481653130195,0.098174996674060822,0.02734375,36,0,1,0,0,1,0,0,1,10.106362000000146,0.10636200000014639
141,1.90163065,SIGN_PLUS_3_HOLD,1,4.820067838921628,0,4.7618708610534668,0.27324104309082031,0.043166042082800629,nan,0.017431844925980287,0.0142029977338155,0,0.0234375,36,0,1,0,0,1,0,0,1,9.9919799999999004,0.0080200000000996141
142,1.9115338310000001,SIGN_PLUS_3_HOLD,1,4.820067838921628,0,4.7618708610534668,0.27324104309082031,0.043166042082800629,nan,0.034702014843991713,0.022093304490643034,0,0.0234375,36,0,1,0,0,1,0,0,1,9.9031810000000942,0.096818999999905841
143,1.921668758,SIGN_PLUS_3_HOLD,1,4.820067838921628,0,4.7618708610534668,0.27324104309082031,0.043166042082800629,nan,0,0.020497614700214311,0.049087498337030411,0.02734375,36,0,1,0,0,1,0,0,1,10.13492699999996,0.13492699999996027
144,1.931531976,SIGN_PLUS_3_HOLD,1,4.820067838921628,0,4.7618708610534668,0.27324104309082031,0.043166042082800629,nan,0,0.0078994177548235133,0.024543749168515205,0.0234375,36,0,1,0,0,1,0,0,1,9.8632180000000069,0.13678199999999308
145,1.9415338289999999,SIGN_RETURN_PROFILE,1,4.820067838921628,-0,4.7618708610534668,0.27324104309082031,0.043166042082800629,nan,0,0.011063950147036664,0,0.02734375,36,0,1,0,0,1,0,0,1,10.001852999999894,0.0018529999998939672
146,1.9516425660000001,SIGN_RETURN_PROFILE,1,4.8199021199111485,-0.033143802095898151,4.7618708610534668,0.27324104309082031,0.043166042082800629,nan,0,0.0047445348380718922,0.049087498337030411,0.03515625,36,0,1,0,0,1,0,0,1,10.108737000000145,0.1087370000001453
147,1.9616338209999999,SIGN_RETURN_PROFILE,1,4.8194049628797098,-0.066287604191796301,4.7618708610534668,0.27324104309082031,0.043166042082800629,nan,0,0.0063162523203774577,0,0.02734375,36,0,1,0,0,1,0,0,1,9.9912549999998657,0.0087450000001343398
148,1.9715342890000001,SIGN_RETURN_PROFILE,1,4.8185763678273128,-0.099431406287694452,4.7618708610534668,0.27324104309082031,0.043166042082800629,nan,0,0.007891133838411583,0,0.0234375,36,0,1,0,0,1,0,0,1,9.9004680000001066,0.099531999999893372
149,1.981637892,SIGN_RETURN_PROFILE,1,4.8174163347539558,-0.1325752083835926,4.7616791725158691,0.27304935455322266,0.043135759533052119,nan,-0.034703345374820942,-0.0078908625755552721,0.024543749168515205,0.0234375,36,0,1,0,0,1,0,0,1,10.103602999999906,0.10360299999990552
150,1.991532361,SIGN_RETURN_PROFILE,1,4.8159248636596406,-0.16571901047949075,4.7616791725158691,0.27304935455322266,0.043135759533052119,nan,-0.052238827402612993,-0.01420545594446351,0.073631249368190765,0.0234375,36,0,1,0,0,1,0,0,1,9.8944690000000168,0.10553099999998317
151,2.0015314850000001,SIGN_RETURN_PROFILE,1,4.8141019545443662,-0.1988628125753889,4.7612957954406738,0.27266597747802734,0.043075194433555113,nan,-0.12177354824788338,-0.034708445974643821,-0.17180624604225159,0.0234375,36,0,1,0,0,1,0,0,1,9.9991240000001369,0.0008759999998630974
152,2.0115324609999998,SIGN_RETURN_PROFILE,1,4.8119476074081327,-0.23200661467128711,4.7612957954406738,0.27266597747802734,0.043075194433555113,nan,-0.13899261117261141,-0.050479961829766898,-0.024543749168515205,0.0234375,36,0,1,0,0,1,0,0,1,10.000975999999717,0.00097599999971720308
153,2.0216452820000002,SIGN_RETURN_PROFILE,1,4.8094618222509409,-0.2651504167671852,4.7611041069030762,0.27247428894042969,0.043044911883806609,nan,-0.1388179986793715,-0.069434698630774644,0.12271875143051147,0.01953125,36,0,1,0,0,1,0,0,1,10.112821000000327,0.11282100000032713
154,2.0315331620000001,SIGN_RETURN_PROFILE,1,4.8066445990727891,-0.29829421886308338,4.760528564453125,0.27189874649047852,0.042953988904835358,nan,-0.22520616003303134,-0.10568715254799414,0.049087498337030411,0.01171875,36,0,1,0,0,1,0,0,1,9.88787999999996,0.11212000000003997
155,2.041663893,SIGN_RETURN_PROFILE,1,4.803495937873679,-0.33143802095898151,4.759953498840332,0.27132368087768555,0.042863141255589841,nan,-0.31156166142081815,-0.15463548862696605,-0.098174996674060822,0.01953125,36,0,1,0,0,1,0,0,1,10.130730999999837,0.13073099999983739
156,2.0516707900000002,SIGN_RETURN_PROFILE,1,4.8000158386536098,-0.36458182305487968,4.7595701217651367,0.27094030380249023,0.042802576156092835,nan,-0.41524812229250274,-0.20356605306437997,-0.049087498337030411,0.0078125,36,0,1,0,0,1,0,0,1,10.006897000000237,0.0068970000002366305
157,2.0616577020000002,SIGN_RETURN_PROFILE,1,4.7962043014125815,-0.39772562515077781,4.7589945793151855,0.27036476135253906,0.042711653177121577,nan,-0.46785445166161632,-0.25705556464725926,-0.22089375555515289,0.00390625,36,0,1,0,0,1,0,0,1,9.9869120000000144,0.013087999999985556
158,2.0715342290000001,SIGN_RETURN_PROFILE,1,4.792061326150594,-0.43086942724667598,4.7580361366271973,0.26940631866455078,0.042560240428379061,nan,-0.53769382729260451,-0.32633670016008837,-0.24543750286102295,0.00390625,36,0,1,0,0,1,0,0,1,9.8765269999998573,0.12347300000014272
159,2.0815302309999999,SIGN_RETURN_PROFILE,1,4.7875869128676474,-0.46401322934257422,4.7570772171020508,0.2684473991394043,0.042408752349910796,nan,-0.66203047466105513,-0.40377867989602267,-0.14726249873638153,0.00390625,36,0,1,0,0,1,0,0,1,9.9960019999998373,0.0039980000001627047
160,2.091529698,SIGN_RETURN_PROFILE,1,4.7827810615637425,-0.49715703143847223,4.7561187744140625,0.26748895645141602,0.042257339601168273,nan,-0.8016399207737771,-0.490440172175376,-0.4908750057220459,0,36,0,1,0,0,1,0,0,1,9.9994670000000951,0.00053299999990485958
161,2.1015290360000001,SIGN_RETURN_PROFILE,1,4.7776437722388785,-0.53030083353437041,4.754584789276123,0.26595497131347656,0.042015003873454498,nan,-0.97452848664839264,-0.59482694341362774,0,0.00390625,36,0,1,0,0,1,0,0,1,9.9993380000000798,0.0006619999999202264
162,2.1115292760000002,SIGN_RETURN_PROFILE,1,4.7721750448930553,-0.56344463563026859,4.7520918846130371,0.26346206665039062,0.041621180067272459,nan,-1.3018470008477148,-0.76254924892646947,-0.53996247053146362,0,36,0,1,0,0,1,0,0,1,10.000240000000105,0.00024000000010460099
163,2.1215321519999999,SIGN_RETURN_PROFILE,1,4.766374879526273,-0.59658843772616676,4.7494072914123535,0.26077747344970703,0.041197073711341917,nan,-1.7529349984786164,-0.96527578435063188,-0.58904999494552612,0,36,0,1,0,0,1,0,0,1,10.002875999999716,0.0028759999997163277
164,2.1315294090000001,SIGN_RETURN_PROFILE,1,4.7602432761385316,-0.62973223982206483,4.7448053359985352,0.25617551803588867,0.040470066528200586,nan,-2.5166245343521814,-1.268489087000845,-0.90811872482299805,0.00390625,36,0,1,0,0,1,0,0,1,9.9972570000002037,0.002742999999796325
165,2.1415292020000001,SIGN_RETURN_PROFILE,1,4.7537802347298319,-0.66287604191796301,4.7392449378967285,0.25061511993408203,0.03959164659631674,nan,-3.4364466837035477,-1.696030891104219,-0.7117687463760376,0.00390625,36,0,1,0,0,1,0,0,1,9.9997929999999791,0.00020700000002094043
166,2.1515293440000001,SIGN_RETURN_PROFILE,1,4.7469857553001722,-0.69601984401386119,4.7342591285705566,0.24562931060791016,0.038803998983952662,nan,-4.1481871747609702,-2.1804667240601767,-0.63813751935958862,0,36,0,1,0,0,1,0,0,1,10.00014199999999,0.00014199999998965041
167,2.161529067,SIGN_RETURN_PROFILE,1,4.7398598378495542,-0.72916364610975937,4.7304244041442871,0.24179458618164062,0.038198197329531093,nan,-4.3913179886172502,-2.629087718455573,0.12271875143051147,-0.00390625,36,0,1,0,0,1,0,0,1,9.9997229999999604,0.00027700000003960668
168,2.1715304610000001,SIGN_RETURN_PROFILE,1,4.7324024823779771,-0.76230744820565743,4.7275481224060059,0.23891830444335938,0.03774380842385204,nan,-3.9223601447227181,-2.9837405934403622,-0.61359375715255737,-0.0078125,36,0,1,0,0,1,0,0,1,10.001394000000108,0.001394000000107809
169,2.1815294559999998,SIGN_RETURN_PROFILE,1,4.7246136888854409,-0.79545125030155561,4.7233295440673828,0.23469972610473633,0.037077366340207724,nan,-3.4885355538646996,-3.3023932404881324,-0.61359375715255737,-0.00390625,36,0,1,0,0,1,0,0,1,9.9989949999996774,0.0010050000003225534
170,2.191529075,SIGN_RETURN_PROFILE,1,4.7164934573719464,-0.82859505239745379,4.717193603515625,0.22856378555297852,0.036108023429352619,nan,-3.7315404983884259,-3.6353242391463922,-1.0553812980651855,-0.00390625,36,0,1,0,0,1,0,0,1,9.9996190000002372,0.00038099999976282106
171,2.201529351,SIGN_RETURN_PROFILE,1,4.7080417878374918,-0.86173885449335197,4.7104825973510742,0.22185277938842773,0.035047832869252005,nan,-4.5473133326132711,-3.963505086824842,-1.0308375358581543,0,36,0,1,0,0,1,0,0,1,10.000275999999975,0.00027599999997462987
172,2.2115373479999998,SIGN_RETURN_PROFILE,1,4.699258680282079,-0.89488265658925015,4.705113410949707,0.21648359298706055,0.034199620157390913,nan,-5.2234766966907147,-4.2126798587698575,-0.58904999494552612,-0.0078125,36,0,1,0,0,1,0,0,1,10.007996999999769,0.0079969999997686614
173,2.2215309169999999,SIGN_RETURN_PROFILE,1,4.6901441347057071,-0.92802645868514844,4.6995530128479004,0.21092319488525391,0.033321200225507067,nan,-5.3970787097000814,-4.4067506847707465,-0.85903126001358032,-0.01171875,36,0,1,0,0,1,0,0,1,9.9935690000001465,0.0064309999998535261
174,2.2315291820000001,SIGN_RETURN_PROFILE,1,4.6806981511083761,-0.96117026078104639,4.6920747756958008,0.2034449577331543,0.032139804136686691,nan,-5.5364046869637846,-4.6086842314038821,-1.0799249410629272,0,36,0,1,0,0,1,0,0,1,9.9982650000001172,0.0017349999998828025
175,2.241528985,SIGN_RETURN_PROFILE,1,4.6709207294900867,-0.99431406287694446,4.683445930480957,0.19481611251831055,0.030776637419649547,nan,-6.0751146743528253,-4.9211335686163,-0.61359375715255737,-0.00390625,36,0,1,0,0,1,0,0,1,9.9998029999999183,0.00019700000008171514
176,2.2515286080000001,SIGN_RETURN_PROFILE,1,4.6608118698508374,-1.0274578649728427,4.6765432357788086,0.18791341781616211,0.029686164309800426,nan,-6.6313032168911246,-5.2872280411762205,-0.73631250858306885,-0.01171875,36,0,1,0,0,1,0,0,1,9.9996230000001241,0.00037699999987594879
177,2.2615301799999998,SIGN_RETURN_PROFILE,1,4.6504187349898443,-1.0355964317492719,4.6681060791015625,0.17947626113891602,0.028353280142511789,nan,-7.0987984935746553,-5.7306337819119886,-1.251731276512146,-0.00390625,36,0,1,0,0,1,0,0,1,10.001571999999737,0.0015719999997365619
178,2.2715307930000002,SIGN_RETURN_PROFILE,1,4.6402284896828307,-1.0024526296533738,4.6585187911987305,0.16988897323608398,0.026838700676732125,nan,-7.4627772113200805,-6.2134758452146261,-1.3499062061309814,-0.01171875,36,0,1,0,0,1,0,0,1,10.000613000000325,0.00061300000032460389
179,2.2815303660000001,SIGN_RETURN_PROFILE,1,4.6303696823967764,-0.96930882755747549,4.6514239311218262,0.16279411315917969,0.025717869687408756,nan,-7.4280384762589282,-6.538513257969834,-1.2026437520980835,-0.01953125,36,0,1,0,0,1,0,0,1,9.9995729999999838,0.00042700000001616445
180,2.2915292140000001,SIGN_RETURN_PROFILE,1,4.6208423131316811,-0.93616502546157732,4.6433706283569336,0.15474081039428711,0.02444562594934287,nan,-7.5151024861898534,-6.776842950521301,-1.1780999898910522,0,36,0,1,0,0,1,0,0,1,9.9988479999999491,0.0011520000000508901
181,2.301529291,SIGN_RETURN_PROFILE,1,4.6116463818875451,-0.90302122336567925,4.6333999633789062,0.14477014541625977,0.022870481384066197,nan,-7.6542188655357526,-7.0704085417368585,-0.9817500114440918,-0.00390625,36,0,1,0,0,1,0,0,1,10.000076999999941,7.6999999940596808e-05
182,2.31152896,SIGN_RETURN_PROFILE,1,4.6027818886643681,-0.86987742126978107,4.6259217262268066,0.13729190826416016,0.021689085295245821,nan,-7.5328189709523832,-7.3134893158937233,-0.88357502222061157,-0.01171875,36,0,1,0,0,1,0,0,1,9.9996689999999333,0.00033100000006669461
183,2.3215305690000001,SIGN_RETURN_PROFILE,1,4.5942488334621494,-0.836733619173883,4.6172928810119629,0.12866306304931641,0.020325918578208677,nan,-7.7580897054682634,-7.4804489353201431,-1.0308375358581543,0,36,0,1,0,0,1,0,0,1,10.001609000000133,0.0016090000001334204
184,2.331529008,SIGN_RETURN_PROFILE,1,4.5860472162808898,-0.80358981707798482,4.6082806587219238,0.11965084075927734,0.018902186761674527,nan,-7.810170559871449,-7.5703585470291443,-0.95720624923706055,-0.0078125,36,0,1,0,0,1,0,0,1,9.9984389999998591,0.0015610000001409219
185,2.341529446,SIGN_RETURN_PROFILE,1,4.5781770371205894,-0.77044601498208654,4.602144718170166,0.11351490020751953,0.017932843850819422,nan,-7.2548639829811856,-7.5309334140730595,-0.6626812219619751,-0.01953125,36,0,1,0,0,1,0,0,1,10.000438000000056,0.00043800000005589368
186,2.351529228,SIGN_RETURN_PROFILE,1,4.5706382959812482,-0.73730221288618847,4.5954337120056152,0.10680389404296875,0.016872653290718805,nan,-6.8903966062980828,-7.4536580290405681,-0.95720624923706055,-0.0078125,36,0,1,0,0,1,0,0,1,9.9997819999999571,0.00021800000004290609
187,2.3615299969999999,SIGN_RETURN_PROFILE,1,4.563430992862866,-0.7041584107902904,4.5873804092407227,0.098750591278076172,0.015600409552652917,nan,-6.577923424916885,-7.324286058845674,-0.95720624923706055,0,36,0,1,0,0,1,0,0,1,10.000768999999909,0.00076899999990942547
188,2.3715303429999999,SIGN_RETURN_PROFILE,1,4.5565551277654421,-0.67101460869439222,4.5808606147766113,0.092230796813964844,0.014570426212575063,nan,-6.3000175233831373,-7.1459643405782201,-0.73631250858306885,-0.01171875,36,0,1,0,0,1,0,0,1,10.000345999999993,0.00034599999999329611
189,2.381529692,SIGN_RETURN_PROFILE,1,4.5500107006889783,-0.63787080659849404,4.5753002166748047,0.086670398712158203,0.013692006280691213,nan,-6.1786292461687813,-6.9518483897667238,-0.68722498416900635,0,36,0,1,0,0,1,0,0,1,9.9993490000001017,0.00065099999989826074
190,2.3915299540000001,SIGN_RETURN_PROFILE,1,4.5437977116334727,-0.60472700450259587,4.5689725875854492,0.080342769622802734,0.012692380820087605,nan,-5.8836153252911787,-6.683587292520218,-0.68722498416900635,0,36,0,1,0,0,1,0,0,1,10.000262000000149,0.00026200000014853231
191,2.4015291009999999,SIGN_RETURN_PROFILE,1,4.5379161605989262,-0.57158320240669769,4.5614943504333496,0.072864532470703125,0.011510984731267229,nan,-5.7622999603943921,-6.4422127968588203,-1.0799249410629272,0,36,0,1,0,0,1,0,0,1,9.9991469999998195,0.00085300000018051492
192,2.411529539,SIGN_RETURN_PROFILE,1,4.5323660475853389,-0.53843940031079951,4.5561251640319824,0.067495346069335938,0.010662772019406143,nan,-5.7275985621985939,-6.2402646866749434,-0.31906875967979431,-0.0078125,36,0,1,0,0,1,0,0,1,10.000438000000056,0.00043800000005589368
193,2.4215296720000001,SIGN_RETURN_PROFILE,1,4.5271473725927098,-0.50529559821490144,4.5530571937561035,0.064427375793457031,0.01017810056397859,nan,-5.1895332565439931,-5.8978965729313488,-0.22089375555515289,-0.01171875,36,0,1,0,0,1,0,0,1,10.000133000000133,0.00013300000013316549
194,2.4315286999999999,SIGN_RETURN_PROFILE,1,4.5222601356210408,-0.47215179611900338,4.5501813888549805,0.061551570892333984,0.0097237869880252847,nan,-4.1655251297388993,-5.5002794812404776,-0.34361249208450317,-0.01953125,36,0,1,0,0,1,0,0,1,9.9990279999997433,0.00097200000025665645
195,2.441528929,SIGN_RETURN_PROFILE,1,4.51770433667033,-0.43900799402310514,4.5471134185791016,0.058483600616455078,0.0092391155325977341,nan,-3.1414137156367881,-5.1216261323151473,-0.51541876792907715,-0.01953125,36,0,1,0,0,1,0,0,1,10.000229000000083,0.00022900000008263532
196,2.4515285069999999,SIGN_RETURN_PROFILE,1,4.5134799757405784,-0.40586419192720696,4.5432782173156738,0.054648399353027344,0.0086332385484504219,nan,-2.8637536166602344,-4.700377454932573,-0.61359375715255737,-0.01171875,36,0,1,0,0,1,0,0,1,9.9995779999999534,0.0004220000000465518
197,2.4615299390000001,SIGN_RETURN_PROFILE,1,4.5095870528317858,-0.37272038983130878,4.5400185585021973,0.051388740539550781,0.0081182845432743664,nan,-2.9852059275448877,-4.2601467306812912,-0.34361249208450317,-0.01171875,36,0,1,0,0,1,0,0,1,10.001432000000143,0.0014320000001433186
198,2.4715326040000001,SIGN_RETURN_PROFILE,1,4.5060255679439525,-0.33957658773541061,4.5367588996887207,0.048129081726074219,0.00760333053809831,nan,-3.0717791567157691,-3.8955841083228964,-0.41724374890327454,-0.01171875,36,0,1,0,0,1,0,0,1,10.002665000000022,0.0026650000000216778
199,2.481529863,SIGN_RETURN_PROFILE,1,4.5027955210770774,-0.30643278563951243,4.5340743064880371,0.045444488525390625,0.0071792241821677667,nan,-2.950385383373801,-3.5468930097755229,-0.29452499747276306,-0.01171875,36,0,1,0,0,1,0,0,1,9.9972589999999251,0.0027410000000749335
200,2.4915289139999999,SIGN_RETURN_PROFILE,1,4.4998969122311623,-0.27328898354361425,4.5321569442749023,0.043527126312255859,0.0068763233549569824,nan,-2.5513213359010551,-3.1666549652919356,-0.39269998669624329,-0.01953125,36,0,1,0,0,1,0,0,1,9.99905099999987,0.00094900000012998476
201,2.501529305,SIGN_RETURN_PROFILE,1,4.4973297414062055,-0.24014518144771607,4.5310063362121582,0.042376518249511719,0.0066945527267402143,nan,-2.04812997418678,-2.7911389468127914,-0.24543750286102295,-0.02734375,36,0,1,0,0,1,0,0,1,10.000391000000164,0.00039100000016389913
202,2.511528905,SIGN_RETURN_PROFILE,1,4.4950940086022078,-0.20700137935181789,4.5302395820617676,0.041609764099121094,0.0065734225277461981,nan,-1.4579810261434005,-2.5039847129482444,-0.14726249873638153,-0.0234375,36,0,1,0,0,1,0,0,1,9.9995999999999974,0.00040000000000262048
203,2.521530415,SIGN_RETURN_PROFILE,1,4.4931897138191692,-0.17385757725592008,4.5300474166870117,0.041417598724365234,0.0065430646482719512,nan,-0.90251414407134045,-2.2326107497727601,0.073631249368190765,-0.02734375,36,0,1,0,0,1,0,0,1,10.001509999999936,0.0015099999999357294
204,2.5315296819999999,SIGN_RETURN_PROFILE,1,4.4916168570570898,-0.14071377516002187,4.5298557281494141,0.041225910186767578,0.0065127820985234472,nan,-0.50336991222390759,-1.9060237546081715,-0.24543750286102295,-0.01953125,36,0,1,0,0,1,0,0,1,9.9992669999999784,0.00073300000002163301
205,2.5415298750000002,SIGN_RETURN_PROFILE,1,4.4903754383159686,-0.10756997306412369,4.5298557281494141,0.041225910186767578,0.0065127820985234472,nan,-0.24303352683931803,-1.530507772778152,-0.36815625429153442,-0.02734375,36,0,1,0,0,1,0,0,1,10.000193000000213,0.00019300000021260644
206,2.5515291960000002,SIGN_RETURN_PROFILE,1,4.4894654575958066,-0.074426170968225527,4.5300474166870117,0.041417598724365234,0.0065430646482719512,nan,-0.052139949457852483,-1.1313247864095188,0.098174996674060822,-0.02734375,36,0,1,0,0,1,0,0,1,9.9993210000000055,0.00067899999999454508
207,2.5615291949999999,SIGN_RETURN_PROFILE,1,4.4888869148966037,-0.041282368872327342,4.5300474166870117,0.041417598724365234,0.0065430646482719512,nan,0.017351270826842478,-0.78105499253338384,-0.44178751111030579,-0.02734375,36,0,1,0,0,1,0,0,1,9.9999989999997041,1.0000002959031917e-06
208,2.5715301410000002,SIGN_RETURN_PROFILE,1,4.48863981021836,-0.0081385667764291621,4.5300474166870117,0.041417598724365234,0.0065430646482719512,nan,0.052051063355972683,-0.48284067433895911,-0.46633124351501465,-0.0234375,36,0,1,0,0,1,0,0,1,10.000946000000344,0.00094600000034361642
209,2.5815293380000002,SIGN_RETURN_PROFILE,1,4.4886298179626465,-0,4.5304312705993652,0.04180145263671875,0.0066037050774947021,nan,0.10418902910833523,-0.24773043645338524,0.024543749168515205,-0.01953125,36,0,1,0,0,1,0,0,1,9.9991969999999597,0.00080300000004029926
210,2.5915289000000001,SIGN_RETURN_HOLD,1,4.4886298179626465,0,4.5304312705993652,0.04180145263671875,0.0066037050774947021,nan,0.1042325227993993,-0.093095099693251193,0.17180624604225159,-0.01171875,36,0,1,0,0,1,0,0,1,9.9995619999999619,0.00043800000003813011
211,2.6015290109999998,SIGN_RETURN_HOLD,1,4.4886298179626465,0,4.5304312705993652,0.04180145263671875,0.0066037050774947021,nan,0.10423413496662595,-0.0031435670714653084,0,-0.01953125,36,0,1,0,0,1,0,0,1,10.000110999999645,0.00011099999964514495
212,2.6115292060000002,SIGN_RETURN_HOLD,1,4.4886298179626465,0,4.5304312705993652,0.04180145263671875,0.0066037050774947021,nan,0.069489011231669146,0.044200458639064751,-0.098174996674060822,-0.01171875,36,0,1,0,0,1,0,0,1,10.000195000000378,0.00019500000037808718
213,2.6215303259999998,SIGN_RETURN_HOLD,1,4.4886298179626465,0,4.5304312705993652,0.04180145263671875,0.0066037050774947021,nan,0,0.058420209160342122,0.24543750286102295,-0.01953125,36,0,1,0,0,1,0,0,1,10.001119999999641,0.0011199999996414078
214,2.631529515,SIGN_RETURN_HOLD,1,4.4886298179626465,0,4.5304312705993652,0.04180145263671875,0.0066037050774947021,nan,0,0.061574475096861987,0.098174996674060822,-0.01953125,36,0,1,0,0,1,0,0,1,9.999189000000186,0.0008109999998140438
215,2.641529588,SIGN_RETURN_HOLD,1,4.4886298179626465,0,4.5302395820617676,0.041609764099121094,0.0065734225277461981,nan,-0.034700332524517069,0.044219838917330896,-0.29452499747276306,-0.01953125,36,0,1,0,0,1,0,0,1,10.000073000000054,7.3000000053724534e-05
216,2.6515291539999999,SIGN_RETURN_HOLD,1,4.4886298179626465,0,4.5304312705993652,0.04180145263671875,0.0066037050774947021,nan,-0.017350967508753163,0.031593452726435288,-0.098174996674060822,-0.01953125,36,0,1,0,0,1,0,0,1,9.9995659999998487,0.00043400000015125784
217,2.66152992,SIGN_RETURN_HOLD,1,4.4886298179626465,0,4.5306229591369629,0.041993141174316406,0.0066339876272432062,nan,0.034702636006959497,0.031581664244586326,0.14726249873638153,-0.01953125,36,0,1,0,0,1,0,0,1,10.000766000000105,0.00076600000010529357
218,2.6715326460000002,SIGN_RETURN_HOLD,1,4.4886298179626465,0,4.5302395820617676,0.041609764099121094,0.0065734225277461981,nan,-3.7288511032874573e-06,0.011060073975662318,-0.53996247053146362,-0.0234375,36,0,1,0,0,1,0,0,1,10.002726000000184,0.0027260000001838591
219,2.681529958,SIGN_RETURN_HOLD,1,4.4886298179626465,0,4.5302395820617676,0.041609764099121094,0.0065734225277461981,nan,-0.017352217537703159,-0.011041332900250389,-0.24543750286102295,-0.0234375,36,0,1,0,0,1,0,0,1,9.9973119999998694,0.0026880000001305859
220,2.6915296039999999,SIGN_RETURN_HOLD,1,4.4886298179626465,0,4.5304312705993652,0.04180145263671875,0.0066037050774947021,nan,-0.034704806582601236,-0.007886831480575689,0.098174996674060822,-0.01953125,36,0,1,0,0,1,0,0,1,9.9996459999998066,0.0003540000001933663
221,2.7015288649999998,SIGN_RETURN_HOLD,1,4.4886298179626465,0,4.5302395820617676,0.041609764099121094,0.0065734225277461981,nan,-0.052059231002570837,-0.012618763397250359,-0.24543750286102295,-0.01953125,36,0,1,0,0,1,0,0,1,9.999260999999926,0.00073900000007398603
222,2.711529246,SIGN_RETURN_HOLD,1,4.4886298179626465,0,4.5306229591369629,0.041993141174316406,0.0066339876272432062,nan,0.06940981249841098,-3.5482814705974479e-07,0.22089375555515289,-0.01171875,36,0,1,0,0,1,0,0,1,10.000381000000225,0.00038100000022467384
223,2.7215289060000001,SIGN_RETURN_HOLD,1,4.4886298179626465,0,4.5302395820617676,0.041609764099121094,0.0065734225277461981,nan,0.01735173514941566,-0.0047322924580381386,-0.4908750057220459,-0.01953125,36,0,1,0,0,1,0,0,1,9.9996600000000768,0.00033999999992317953
224,2.7315288350000002,SIGN_RETURN_HOLD,1,4.4886298179626465,0,4.5302395820617676,0.041609764099121094,0.0065734225277461981,nan,-0.034700857882938974,-0.0078869623672837338,-0.44178751111030579,-0.01171875,36,0,1,0,0,1,0,0,1,9.9999290000001295,7.0999999870480224e-05
225,2.7415287720000001,SIGN_RETURN_HOLD,1,4.4886298179626465,0,4.5304312705993652,0.04180145263671875,0.0066037050774947021,nan,8.4949664177820355e-07,-0.0015775764906543301,-0.024543749168515205,-0.02734375,36,0,1,0,0,1,0,0,1,9.9999369999999033,6.3000000096735675e-05
226,2.7515295910000002,SIGN_RETURN_HOLD,1,4.4886298179626465,0,4.5302395820617676,0.041609764099121094,0.0065734225277461981,nan,-0.052051196277222607,-0.012619209589157365,-0.36815625429153442,-0.0234375,36,0,1,0,0,1,0,0,1,10.00081900000005,0.00081900000004964113
227,2.7615295450000001,SIGN_RETURN_HOLD,1,4.4886298179626465,0,4.5304312705993652,0.04180145263671875,0.0066037050774947021,nan,0.034699933846392583,-0.0063097153980665047,0.098174996674060822,-0.01171875,36,0,1,0,0,1,0,0,1,9.9999539999999776,4.6000000022416998e-05
228,2.771529149,SIGN_RETURN_HOLD,1,4.4886298179626465,0,4.5304312705993652,0.04180145263671875,0.0066037050774947021,nan,0.034700153484649471,0.0094640364723955952,0.12271875143051147,-0.01171875,36,0,1,0,0,1,0,0,1,9.9996039999998843,0.00039600000011574821
229,2.781529387,SIGN_RETURN_HOLD,1,4.4886298179626465,0,4.5302395820617676,0.041609764099121094,0.0065734225277461981,nan,-0.017351044193464202,4.8753999749279349e-10,-0.29452499747276306,-0.02734375,36,0,1,0,0,1,0,0,1,10.000237999999939,0.00023799999993912024
230,2.791529353,SIGN_RETURN_HOLD,1,4.4886298179626465,0,4.5302395820617676,0.041609764099121094,0.0065734225277461981,nan,-0.01735104421117907,-0.0094638792806299495,-0.19634999334812164,-0.01953125,36,0,1,0,0,1,0,0,1,9.9999660000000823,3.3999999917710966e-05
231,2.8015287710000001,SIGN_RETURN_HOLD,1,4.4886298179626465,0,4.5304312705993652,0.04180145263671875,0.0066037050774947021,nan,-0.017351536984057173,-0.0015773285058190644,-0.049087498337030411,-0.02734375,36,0,1,0,0,1,0,0,1,9.9994180000000377,0.00058199999996233487
232,2.8115293929999998,SIGN_RETURN_HOLD,1,4.4886298179626465,0,4.5304312705993652,0.04180145263671875,0.0066037050774947021,nan,0.017350114208387956,-0.0031546627186827465,-0.073631249368190765,-0.02734375,36,0,1,0,0,1,0,0,1,10.000621999999737,0.0006219999997369996
233,2.8217138739999998,SIGN_RETURN_HOLD,1,4.4886298179626465,0,4.5304312705993652,0.04180145263671875,0.0066037050774947021,nan,0.051795838833274335,0.012610565535484992,-0.19634999334812164,-0.01171875,36,0,1,0,0,1,0,0,1,10.184481000000023,0.18448100000002299
234,2.831707921,SIGN_RETURN_HOLD,1,4.4886298179626465,0,4.5304312705993652,0.04180145263671875,0.0066037050774947021,nan,0.034452063234987299,0.011029271803925485,-0.24543750286102295,-0.01953125,36,0,1,0,0,1,0,0,1,9.9940470000001724,0.0059529999998275684
235,2.84171175,SIGN_RETURN_HOLD,1,4.4886298179626465,0,4.5306229591369629,0.041993141174316406,0.0066339876272432062,nan,0.034452068725232168,0.015755058365378081,0.098174996674060822,-0.01171875,36,0,1,0,0,1,0,0,1,10.003828999999964,0.0038289999999641111
236,2.8516509289999998,SIGN_RETURN_HOLD,1,4.4886298179626465,0,4.5304312705993652,0.04180145263671875,0.0066037050774947021,nan,0.017351550536055423,0.018898677383256731,-0.29452499747276306,-0.01953125,36,0,1,0,0,1,0,0,1,9.9391789999998537,0.060821000000146341
237,2.861678956,SIGN_RETURN_HOLD,1,4.4886298179626465,0,4.5304312705993652,0.04180145263671875,0.0066037050774947021,nan,3.3161244340164268e-05,0.012605761946787261,-0.17180624604225159,-0.01953125,36,0,1,0,0,1,0,0,1,10.028027000000161,0.028027000000161451
238,2.8715361380000002,SIGN_RETURN_HOLD,1,4.4886298179626465,0,4.5306229591369629,0.041993141174316406,0.0066339876272432062,nan,0.017365788842618801,0.022050456880749653,0.24543750286102295,-0.0078125,36,0,1,0,0,1,0,0,1,9.8571820000001864,0.14281799999981359
239,2.881715169,SIGN_RETURN_HOLD,1,4.4886298179626465,0,4.5306229591369629,0.041993141174316406,0.0066339876272432062,nan,0.017365693713098054,0.029924084548390108,0.24543750286102295,-0.01953125,36,0,1,0,0,1,0,0,1,10.179030999999839,0.17903099999983851
240,2.8916410290000001,SIGN_RETURN_HOLD,1,4.4886298179626465,0,4.5302395820617676,0.041609764099121094,0.0065734225277461981,nan,-0.017403877553632201,0.011042664215988058,-0.39269998669624329,-0.01953125,36,0,1,0,0,1,0,0,1,9.9258600000000641,0.074139999999935924
241,2.9016571710000001,SIGN_RETURN_HOLD,1,4.4886298179626465,0,4.5304312705993652,0.04180145263671875,0.0066037050774947021,nan,-0.034719483692091477,5.7297729820755479e-06,-0.14726249873638153,-0.01171875,36,0,1,0,0,1,0,0,1,10.016142000000006,0.016142000000005652
242,2.9116511759999999,SIGN_RETURN_HOLD,1,4.4886298179626465,0,4.5300474166870117,0.041417598724365234,0.0065430646482719512,nan,-0.12121164374261569,-0.018941860314085627,-0.61359375715255737,-0.01953125,36,0,1,0,0,1,0,0,1,9.994004999999806,0.0059950000001940396
243,2.9215325889999999,SIGN_RETURN_HOLD,1,4.4886298179626465,0,4.5304312705993652,0.04180145263671875,0.0066037050774947021,nan,-0.052378190503604677,-0.018984675790255506,-0.049087498337030411,-0.01953125,36,0,1,0,0,1,0,0,1,9.8814130000000056,0.11858699999999445
244,2.931644403,SIGN_RETURN_HOLD,1,4.4886298179626465,0,4.5306229591369629,0.041993141174316406,0.0066339876272432062,nan,0.069481337908326932,-0.011070058581127971,0.22089375555515289,-0.01953125,36,0,1,0,0,1,0,0,1,10.111814000000052,0.11181400000005226
245,2.9416695449999999,SIGN_RETURN_HOLD,1,4.4886298179626465,0,4.5304312705993652,0.04180145263671875,0.0066037050774947021,nan,0.052028792232854802,-0.012634927906918026,-0.098174996674060822,-0.01171875,36,0,1,0,0,1,0,0,1,10.025141999999931,0.025141999999931386
246,2.9516682429999999,SIGN_RETURN_HOLD,1,4.4886298179626465,0,4.5304312705993652,0.04180145263671875,0.0066037050774947021,nan,0.069208055151722042,-0.0047432602414824365,-0.073631249368190765,-0.02734375,36,0,1,0,0,1,0,0,1,9.9986979999999726,0.0013020000000274479
247,2.9616607089999998,SIGN_RETURN_HOLD,1,4.4886298179626465,0,4.5302395820617676,0.041609764099121094,0.0065734225277461981,nan,-0.051789356461367446,-0.01262498210291468,-0.26998123526573181,-0.02734375,36,0,1,0,0,1,0,0,1,9.9924659999999221,0.0075340000000778673
248,2.9715325159999999,SIGN_RETURN_HOLD,1,4.4886298179626465,0,4.5306229591369629,0.041993141174316406,0.0066339876272432062,nan,-0.017638695061329729,-0.0031792599884177992,0.22089375555515289,-0.01171875,36,0,1,0,0,1,0,0,1,9.8718070000001212,0.12819299999987877
249,2.981637783,SIGN_RETURN_HOLD,1,4.4886298179626465,0,4.5304312705993652,0.04180145263671875,0.0066037050774947021,nan,0.017196496972080907,0.0063126963930116506,-0.24543750286102295,-0.01953125,36,0,1,0,0,1,0,0,1,10.10526700000014,0.10526700000013989
250,2.991698381,SIGN_RETURN_HOLD,1,4.4886298179626465,0,4.5306229591369629,0.041993141174316406,0.0066339876272432062,nan,0.051891958860585806,0.025228182633648524,0,-0.01953125,36,0,1,0,0,1,0,0,1,10.060597999999921,0.06059799999992066
251,3.0017031099999998,SIGN_RETURN_HOLD,1,4.4886298179626465,0,4.5302395820617676,0.041609764099121094,0.0065734225277461981,nan,-0.00022947312516527498,0.0094474513999581143,-0.7608562707901001,-0.01953125,36,0,1,0,0,1,0,0,1,10.004728999999823,0.0047289999998234578
252,3.0116677790000002,SIGN_RETURN_HOLD,1,4.4886298179626465,0,4.5304312705993652,0.04180145263671875,0.0066037050774947021,nan,-0.051910602202542684,0.011022880007746256,-0.34361249208450317,-0.02734375,36,0,1,0,0,1,0,0,1,9.9646690000003701,0.035330999999629853
253,3.0216928040000002,SIGN_RETURN_HOLD,1,4.4886298179626465,0,4.5306229591369629,0.041993141174316406,0.0066339876272432062,nan,0.017337086574698322,0.0015605054961534456,0.19634999334812164,-0.01171875,36,0,1,0,0,1,0,0,1,10.025025000000021,0.025025000000020725
254,3.0317087900000002,SIGN_RETURN_HOLD,1,4.4886298179626465,0,4.5304312705993652,0.04180145263671875,0.0066037050774947021,nan,-1.0577828289080543e-05,-0.0015943425304120026,-0.26998123526573181,-0.01953125,36,0,1,0,0,1,0,0,1,10.015985999999977,0.015985999999976741
255,3.0416956549999998,SIGN_RETURN_HOLD,1,4.4886298179626465,0,4.5306229591369629,0.041993141174316406,0.0066339876272432062,nan,0.06935185594755694,0.012589686277218837,-0.098174996674060822,-0.01953125,36,0,1,0,0,1,0,0,1,9.9868649999996784,0.013135000000321639
256,3.0516770869999998,SIGN_RETURN_HOLD,1,4.4886298179626465,0,4.5306229591369629,0.041993141174316406,0.0066339876272432062,nan,0.034686797943525451,0.017314605699693793,0.12271875143051147,-0.01171875,36,0,1,0,0,1,0,0,1,9.9814320000000123,0.018567999999987705
257,3.0616823590000002,SIGN_RETURN_HOLD,1,4.4886298179626465,0,4.5304312705993652,0.04180145263671875,0.0066037050774947021,nan,-0.017383595168094127,0.012587036579265366,-0.26998123526573181,-0.01953125,36,0,1,0,0,1,0,0,1,10.005272000000343,0.0052720000003425582
258,3.0716745670000001,SIGN_RETURN_HOLD,1,4.4886298179626465,0,4.5302395820617676,0.041609764099121094,0.0065734225277461981,nan,-0.052118842594663088,-0.0094637420348323009,-0.63813751935958862,-0.01953125,36,0,1,0,0,1,0,0,1,9.9922079999998914,0.0077920000001086009
259,3.0817073320000001,SIGN_RETURN_HOLD,1,4.4886298179626465,0,4.5306229591369629,0.041993141174316406,0.0066339876272432062,nan,-0.034633509834202762,0.0031590691072820275,0,-0.01953125,36,0,1,0,0,1,0,0,1,10.032765000000055,0.032765000000054556
260,3.085427771,FINAL_BRAKE,0,0,0,4.5308146476745605,0.042184829711914062,0.0066642701769917103,nan,-0.034633509834202762,0.0031590691072820275,0.24543750286102295,-0.01953125,36,0,1,0,0,1,0,0,1,nan,nan
260,3.0983892329999998,FINAL_BRAKE,0,0,0,4.5311980247497559,0.042568206787109375,0.0067248352764887184,nan,-0.034633509834202762,0.0031590691072820275,0.098174996674060822,0,36,0,1,0,0,1,0,0,1,nan,nan
260,3.1114228580000001,FINAL_BRAKE,0,0,0,4.5311980247497559,0.042568206787109375,0.0067248352764887184,nan,-0.034633509834202762,0.0031590691072820275,-0.17180624604225159,0,36,0,1,0,0,1,0,0,1,nan,nan
260,3.124429723,FINAL_BRAKE,0,0,0,4.5313897132873535,0.042759895324707031,0.0067551178262372233,nan,-0.034633509834202762,0.0031590691072820275,0.12271875143051147,0,36,0,1,0,0,1,0,0,1,nan,nan
260,3.1374328650000001,FINAL_BRAKE,0,0,0,4.5311980247497559,0.042568206787109375,0.0067248352764887184,nan,-0.034633509834202762,0.0031590691072820275,-0.31906875967979431,0,36,0,1,0,0,1,0,0,1,nan,nan
