tick,timestamp_s,phase,physical_label,motor_id,motor_mode,q_cmd_motor_rad,dq_cmd_motor_rad_s,q_feedback_motor_rad,q_relative_motor_rad,q_relative_output_protocol_rad,q_relative_ros_rad,qdot_fast_deg_s,qdot_slow_deg_s,sdk_dq_rad_s,tau_feedback,temperature_c,merror,data_correct,other_motor_isolated,tx_period_ms,tx_jitter_ms
0,1.4109999999999999e-06,SIGN_START_CAPTURE,J2A,0,0,0,0,0.34725570678710938,nan,nan,nan,0,0,-0.6626812219619751,0,34,0,1,YES,nan,nan
0,0.010235839,SIGN_START_CAPTURE,J2A,0,0,0,0,0.34763920307159424,nan,nan,nan,0,0,0,0,34,0,1,YES,nan,nan
0,0.02018644,SIGN_START_CAPTURE,J2A,0,0,0,0,0.34744745492935181,nan,nan,nan,0,0,0,0,34,0,1,YES,nan,nan
0,0.030228529000000001,SIGN_START_CAPTURE,J2A,0,0,0,0,0.34744745492935181,nan,nan,nan,0,0,-0.36815625429153442,0,34,0,1,YES,nan,nan
0,0.040054205000000002,SIGN_START_CAPTURE,J2A,0,0,0,0,0.34744745492935181,nan,nan,nan,0,0,-0.29452499747276306,0,34,0,1,YES,nan,nan
0,0.050074704999999997,SIGN_START_CAPTURE,J2A,0,0,0,0,0.34763920307159424,nan,nan,nan,0,0,-0.024543749168515205,0,34,0,1,YES,nan,nan
0,0.060068706999999999,SIGN_START_CAPTURE,J2A,0,0,0,0,0.34763920307159424,nan,nan,nan,0,0,0.024543749168515205,0,34,0,1,YES,nan,nan
0,0.070067857999999997,SIGN_START_CAPTURE,J2A,0,0,0,0,0.34763920307159424,nan,nan,nan,0,0,-0.073631249368190765,0,34,0,1,YES,nan,nan
0,0.080077265999999994,SIGN_START_CAPTURE,J2A,0,0,0,0,0.34744745492935181,nan,nan,nan,0,0,-0.31906875967979431,0,34,0,1,YES,nan,nan
0,0.090071718999999995,SIGN_START_CAPTURE,J2A,0,0,0,0,0.34763920307159424,nan,nan,nan,0,0,0.098174996674060822,0,34,0,1,YES,nan,nan
0,0.100069006,SIGN_START_CAPTURE,J2A,0,0,0,0,0.34763920307159424,nan,nan,nan,0,0,0,0,34,0,1,YES,nan,nan
0,0.11007106999999999,SIGN_START_CAPTURE,J2A,0,0,0,0,0.34763920307159424,nan,nan,nan,0,0,0,0,34,0,1,YES,nan,nan
0,0.12007134899999999,SIGN_START_CAPTURE,J2A,0,0,0,0,0.34763920307159424,nan,nan,nan,0,0,0,0,34,0,1,YES,nan,nan
0,0.130095407,SIGN_START_CAPTURE,J2A,0,0,0,0,0.34744745492935181,nan,nan,nan,0,0,-0.39269998669624329,0,34,0,1,YES,nan,nan
0,0.14017755400000001,SIGN_START_CAPTURE,J2A,0,0,0,0,0.34744745492935181,nan,nan,nan,0,0,0,0,34,0,1,YES,nan,nan
0,0.15019795499999999,SIGN_START_CAPTURE,J2A,0,0,0,0,0.34763920307159424,nan,nan,nan,0,0,0,0,34,0,1,YES,nan,nan
0,0.16016865799999999,SIGN_START_CAPTURE,J2A,0,0,0,0,0.34763920307159424,nan,nan,nan,0,0,0,0,34,0,1,YES,nan,nan
0,0.17020471000000001,SIGN_START_CAPTURE,J2A,0,0,0,0,0.34744745492935181,nan,nan,nan,0,0,0.024543749168515205,0,34,0,1,YES,nan,nan
0,0.18017002600000001,SIGN_START_CAPTURE,J2A,0,0,0,0,0.34744745492935181,nan,nan,nan,0,0,-0.34361249208450317,0,34,0,1,YES,nan,nan
0,0.19011386699999999,SIGN_START_CAPTURE,J2A,0,0,0,0,0.34783095121383667,nan,nan,nan,0,0,0.34361249208450317,0,34,0,1,YES,nan,nan
0,0.20010402299999999,SIGN_START_CAPTURE,J2A,0,0,0,0,0.34763920307159424,nan,nan,nan,0,0,-0.024543749168515205,0,34,0,1,YES,nan,nan
0,0.21025068299999999,SIGN_START_CAPTURE,J2A,0,0,0,0,0.34744745492935181,nan,nan,nan,0,0,-0.34361249208450317,0,34,0,1,YES,nan,nan
0,0.22011419900000001,SIGN_START_CAPTURE,J2A,0,0,0,0,0.34763920307159424,nan,nan,nan,0,0,-0.024543749168515205,0,34,0,1,YES,nan,nan
0,0.23011130599999999,SIGN_START_CAPTURE,J2A,0,0,0,0,0.34763920307159424,nan,nan,nan,0,0,0.024543749168515205,0,34,0,1,YES,nan,nan
0,0.24019896099999999,SIGN_START_CAPTURE,J2A,0,0,0,0,0.34763920307159424,nan,nan,nan,0,0,0,0,34,0,1,YES,nan,nan
0,0.25020515100000001,SIGN_START_CAPTURE,J2A,0,0,0,0,0.34744745492935181,nan,nan,nan,0,0,-0.39269998669624329,0,34,0,1,YES,nan,nan
0,0.26018888899999998,SIGN_START_CAPTURE,J2A,0,0,0,0,0.34763920307159424,nan,nan,nan,0,0,-0.024543749168515205,0,34,0,1,YES,nan,nan
0,0.27020828899999999,SIGN_START_CAPTURE,J2A,0,0,0,0,0.34783095121383667,nan,nan,nan,0,0,0.29452499747276306,0,34,0,1,YES,nan,nan
0,0.28027255299999998,SIGN_START_CAPTURE,J2A,0,0,0,0,0.34763920307159424,nan,nan,nan,0,0,0.024543749168515205,0,34,0,1,YES,nan,nan
0,0.29020036700000001,SIGN_START_CAPTURE,J2A,0,0,0,0,0.34744745492935181,nan,nan,nan,0,0,-0.24543750286102295,0,34,0,1,YES,nan,nan
0,0.30019057500000002,SIGN_START_CAPTURE,J2A,0,0,0,0,0.34763920307159424,nan,nan,nan,0,0,0,0,34,0,1,YES,nan,nan
0,0.31020120899999998,SIGN_START_CAPTURE,J2A,0,0,0,0,0.34783095121383667,nan,nan,nan,0,0,0.24543750286102295,0,34,0,1,YES,nan,nan
0,0.32011287199999999,SIGN_START_CAPTURE,J2A,0,0,0,0,0.34763920307159424,nan,nan,nan,0,0,-0.024543749168515205,0,34,0,1,YES,nan,nan
0,0.33019142499999998,SIGN_START_CAPTURE,J2A,0,0,0,0,0.34763920307159424,nan,nan,nan,0,0,-0.36815625429153442,0,34,0,1,YES,nan,nan
0,0.34019062799999999,SIGN_START_CAPTURE,J2A,0,0,0,0,0.34763920307159424,nan,nan,nan,0,0,0,0,34,0,1,YES,nan,nan
0,0.35017429799999999,SIGN_START_CAPTURE,J2A,0,0,0,0,0.34744745492935181,nan,nan,nan,0,0,-0.51541876792907715,0,34,0,1,YES,nan,nan
0,0.36024237100000001,SIGN_START_CAPTURE,J2A,0,0,0,0,0.34744745492935181,nan,nan,nan,0,0,-0.44178751111030579,0,34,0,1,YES,nan,nan
0,0.37009393899999998,SIGN_START_CAPTURE,J2A,0,0,0,0,0.34763920307159424,nan,nan,nan,0,0,0,0,34,0,1,YES,nan,nan
0,0.38018686800000001,SIGN_START_CAPTURE,J2A,0,0,0,0,0.34763920307159424,nan,nan,nan,0,0,-0.12271875143051147,0,34,0,1,YES,nan,nan
0,0.39019958700000001,SIGN_START_CAPTURE,J2A,0,0,0,0,0.34763920307159424,nan,nan,nan,0,0,-0.39269998669624329,0,34,0,1,YES,nan,nan
0,0.4001786,SIGN_START_CAPTURE,J2A,0,0,0,0,0.34763920307159424,nan,nan,nan,0,0,0.19634999334812164,0,34,0,1,YES,nan,nan
0,0.41019471200000002,SIGN_START_CAPTURE,J2A,0,0,0,0,0.34763920307159424,nan,nan,nan,0,0,0.073631249368190765,0,34,0,1,YES,nan,nan
0,0.42008673800000002,SIGN_START_CAPTURE,J2A,0,0,0,0,0.34744745492935181,nan,nan,nan,0,0,-0.34361249208450317,0,34,0,1,YES,nan,nan
0,0.43019692799999998,SIGN_START_CAPTURE,J2A,0,0,0,0,0.34763920307159424,nan,nan,nan,0,0,-0.024543749168515205,0,34,0,1,YES,nan,nan
0,0.44020548100000001,SIGN_START_CAPTURE,J2A,0,0,0,0,0.34744745492935181,nan,nan,nan,0,0,0.024543749168515205,0,34,0,1,YES,nan,nan
0,0.45019101700000003,SIGN_START_CAPTURE,J2A,0,0,0,0,0.34763920307159424,nan,nan,nan,0,0,0.049087498337030411,0,34,0,1,YES,nan,nan
0,0.46019384099999999,SIGN_START_CAPTURE,J2A,0,0,0,0,0.34744745492935181,nan,nan,nan,0,0,-0.36815625429153442,0,34,0,1,YES,nan,nan
0,0.47025645399999999,SIGN_START_CAPTURE,J2A,0,0,0,0,0.34744745492935181,nan,nan,nan,0,0,-0.36815625429153442,0,34,0,1,YES,nan,nan
0,0.48019257199999998,SIGN_START_CAPTURE,J2A,0,0,0,0,0.34744745492935181,nan,nan,nan,0,0,0,0,34,0,1,YES,nan,nan
0,0.49019404100000002,SIGN_START_CAPTURE,J2A,0,0,0,0,0.34783095121383667,nan,nan,nan,0,0,0.34361249208450317,0,34,0,1,YES,nan,nan
0,0.49059073199999997,SIGN_PRE_HOLD,J2A,0,1,0.34763920307159424,0,0.34763920307159424,0,0,nan,0,0,-0.049087498337030411,0,34,0,1,YES,nan,nan
1,0.50074792700000004,SIGN_PRE_HOLD,J2A,0,1,0.34763920307159424,0,0.34763920307159424,0,0,nan,0,0,-0.19634999334812164,0,34,0,1,YES,10.157195000000064,0.1571950000000637
2,0.51074722100000003,SIGN_PRE_HOLD,J2A,0,1,0.34763920307159424,0,0.34763920307159424,0,0,nan,0,0,-0.098174996674060822,0.00390625,34,0,1,YES,9.9992939999999919,0.00070600000000808905
3,0.52074898400000003,SIGN_PRE_HOLD,J2A,0,1,0.34763920307159424,0,0.34763920307159424,0,0,nan,0,0,-0.24543750286102295,-0.00390625,34,0,1,YES,10.001762999999997,0.0017629999999968504
4,0.53066907900000004,SIGN_PRE_HOLD,J2A,0,1,0.34763920307159424,0,0.34783095121383667,0.00019174814224243164,3.0291965964221997e-05,nan,0.03454731865328093,0,-0.36815625429153442,-0.00390625,34,0,1,YES,9.9200950000000176,0.079904999999982351
5,0.54075641500000005,SIGN_PRE_HOLD,J2A,0,1,0.34763920307159424,0,0.34763920307159424,0,0,nan,0.017264499172846774,0,-0.24543750286102295,0,34,0,1,YES,10.087336000000002,0.087336000000002301
6,0.55074753499999995,SIGN_PRE_HOLD,J2A,0,1,0.34763920307159424,0,0.34783095121383667,0.00019174814224243164,3.0291965964221997e-05,nan,0.034617619086147494,0,0.049087498337030411,0.00390625,34,0,1,YES,9.9911199999999099,0.0088800000000901491
7,0.56074940200000001,SIGN_PRE_HOLD,J2A,0,1,0.34763920307159424,0,0.34783095121383667,0.00019174814224243164,3.0291965964221997e-05,nan,0.034593064094264582,0,0.073631249368190765,-0.00390625,34,0,1,YES,10.001867000000054,0.0018670000000540199
8,0.57079473000000003,SIGN_PRE_HOLD,J2A,0,1,0.34763920307159424,0,0.34763920307159424,0,0,nan,-0.017382510750055969,0,-0.14726249873638153,0.00390625,34,0,1,YES,10.045328000000019,0.045328000000019131
9,0.58074736500000002,SIGN_PRE_HOLD,J2A,0,1,0.34763920307159424,0,0.34763920307159424,0,0,nan,-0.017382741771758171,0,-0.24543750286102295,0,34,0,1,YES,9.9526349999999866,0.047365000000013424
10,0.59074914000000001,SIGN_PRE_HOLD,J2A,0,1,0.34763920307159424,0,0.34744745492935181,-0.00019174814224243164,-3.0291965964221997e-05,nan,-0.086794978155706332,-0.004732078524920919,-0.56450623273849487,0.00390625,34,0,1,YES,10.001774999999991,0.0017749999999914223
11,0.60064707100000003,SIGN_PRE_HOLD,J2A,0,1,0.34763920307159424,0,0.34783095121383667,0.00019174814224243164,3.0291965964221997e-05,nan,-0.017600467116695644,-2.3121388659893041e-05,0.098174996674060822,0.0078125,34,0,1,YES,9.8979310000000265,0.10206899999997354
12,0.61075412500000004,SIGN_PRE_HOLD,J2A,0,1,0.34763920307159424,0,0.34763920307159424,0,0,nan,0.017241247843775825,-0.0047577276092804315,-0.29452499747276306,-0.00390625,34,0,1,YES,10.107054000000005,0.10705400000000509
13,0.620749997,SIGN_PRE_HOLD,J2A,0,1,0.34763920307159424,0,0.34783095121383667,0.00019174814224243164,3.0291965964221997e-05,nan,0.051915324616956658,-0.0015993080372033158,0.14726249873638153,0,34,0,1,YES,9.9958719999999612,0.0041280000000387673
14,0.63064704900000002,SIGN_PRE_HOLD,J2A,0,1,0.34763920307159424,0,0.34783095121383667,0.00019174814224243164,3.0291965964221997e-05,nan,0.069348436854840961,-2.8543303497956985e-05,-0.024543749168515205,0,34,0,1,YES,9.8970520000000164,0.10294799999998361
15,0.640757091,SIGN_PRE_HOLD,J2A,0,1,0.34763920307159424,0,0.34783095121383667,0.00019174814224243164,3.0291965964221997e-05,nan,0.017242095173219309,0.0094558930013969276,0.14726249873638153,0.00390625,34,0,1,YES,10.110041999999986,0.11004199999998576
16,0.65079351200000002,SIGN_PRE_HOLD,J2A,0,1,0.34763920307159424,0,0.34763920307159424,0,0,nan,-0.0001159587707031835,0.0015546927025271947,-0.24543750286102295,-0.00390625,34,0,1,YES,10.036421000000018,0.036421000000018466
17,0.66064685099999998,SIGN_PRE_HOLD,J2A,0,1,0.34763920307159424,0,0.34744745492935181,-0.00019174814224243164,-3.0291965964221997e-05,nan,-0.08676171570855834,-0.004744387702511902,-0.7117687463760376,-0.00390625,34,0,1,YES,9.853338999999961,0.14666100000003901
18,0.67076694999999997,SIGN_PRE_HOLD,J2A,0,1,0.34763920307159424,0,0.34744745492935181,-0.00019174814224243164,-3.0291965964221997e-05,nan,-0.10388165428186205,-0.0079081318831895099,-0.61359375715255737,0,34,0,1,YES,10.120098999999993,0.12009899999999263
19,0.68070856899999999,SIGN_PRE_HOLD,J2A,0,1,0.34763920307159424,0,0.34783095121383667,0.00019174814224243164,3.0291965964221997e-05,nan,-0.017308568369863157,-0.0015939930305640185,0,0,34,0,1,YES,9.9416190000000135,0.058380999999986471
20,0.69064689099999999,SIGN_PRE_HOLD,J2A,0,1,0.34763920307159424,0,0.34783095121383667,0.00019174814224243164,3.0291965964221997e-05,nan,0.06964403612502669,0.003133298180683434,0.024543749168515205,-0.00390625,34,0,1,YES,9.9383219999999994,0.061678000000000566
21,0.700749277,SIGN_PRE_HOLD,J2A,0,1,0.34763920307159424,0,0.34763920307159424,0,0,nan,0.069204584832780289,-0.011061566421505464,-0.36815625429153442,0.00390625,34,0,1,YES,10.102386000000019,0.10238600000001874
22,0.71075150399999998,SIGN_PRE_HOLD,J2A,0,1,0.34763920307159424,0,0.34763920307159424,0,0,nan,0.017116232152261161,-0.0079034510834389785,-0.26998123526573181,0,34,0,1,YES,10.002226999999975,0.0022269999999746659
23,0.72074893100000004,SIGN_PRE_HOLD,J2A,0,1,0.34763920307159424,0,0.34783095121383667,0.00019174814224243164,3.0291965964221997e-05,nan,-0.017393304695668795,-0.0047403299001463539,0.049087498337030411,0,34,0,1,YES,9.9974270000000587,0.0025729999999413167
24,0.73064830300000005,SIGN_PRE_HOLD,J2A,0,1,0.34763920307159424,0,0.34763920307159424,0,0,nan,-0.017393364385069211,-0.0015859386397487623,-0.26998123526573181,-0.00390625,34,0,1,YES,9.8993720000000174,0.10062799999998262
25,0.74064679099999997,SIGN_PRE_HOLD,J2A,0,1,0.34763920307159424,0,0.34763920307159424,0,0,nan,6.9800994666045711e-05,0.0031631239793572857,-0.24543750286102295,0,34,0,1,YES,9.9984879999999166,0.0015120000000834466
26,0.75064710499999998,SIGN_PRE_HOLD,J2A,0,1,0.34763920307159424,0,0.34763920307159424,0,0,nan,-0.017358911000609635,0.0094801827793511151,-0.24543750286102295,0,34,0,1,YES,10.00031400000001,0.0003140000000101395
27,0.76064716600000004,SIGN_PRE_HOLD,J2A,0,1,0.34763920307159424,0,0.34783095121383667,0.00019174814224243164,3.0291965964221997e-05,nan,0.00010592026998130034,0.015789933488685563,0.049087498337030411,0,34,0,1,YES,10.000061000000059,6.1000000059152626e-05
28,0.77074578500000002,SIGN_PRE_HOLD,J2A,0,1,0.34763920307159424,0,0.34763920307159424,0,0,nan,0.017254000658268442,0.0031408749319521484,-0.24543750286102295,0,34,0,1,YES,10.098618999999974,0.098618999999974477
29,0.78064672700000004,SIGN_PRE_HOLD,J2A,0,1,0.34763920307159424,0,0.34783095121383667,0.00019174814224243164,3.0291965964221997e-05,nan,0.034574997348250841,-0.0031666372839735391,0,0,34,0,1,YES,9.9009420000000237,0.099057999999976332
30,0.79074929599999999,SIGN_PLUS_3_PROFILE,J2A,0,1,0.34763920307159424,0,0.34763920307159424,0,0,nan,-0.00013921341775733172,-0.0015914202368143939,-0.31906875967979431,0,34,0,1,YES,10.102568999999949,0.10256899999994928
31,0.80074526700000004,SIGN_PLUS_3_PROFILE,J2A,0,1,0.34780492208207375,0.033143802095898151,0.3480226993560791,0.00038349628448486328,6.0583931928443994e-05,nan,0.034499252583037682,0.017363786417595239,0.41724374890327454,0,34,0,1,YES,9.995971000000047,0.0040289999999529869
32,0.81064678199999995,SIGN_PLUS_3_PROFILE,J2A,0,1,0.34830207911351219,0.066287604191796301,0.34783095121383667,0.00019174814224243164,3.0291965964221997e-05,nan,0.052096359593790234,0.017363727588394967,0,0,34,0,1,YES,9.9015149999999164,0.098485000000083645
33,0.82076742300000005,SIGN_PLUS_3_PROFILE,J2A,0,1,0.34913067416590965,0.099431406287694452,0.34783095121383667,0.00019174814224243164,3.0291965964221997e-05,nan,0.017300727897683933,0.015774926610842753,0,0.00390625,34,0,1,YES,10.120641000000097,0.12064100000009681
34,0.83075254200000004,SIGN_PLUS_3_PROFILE,J2A,0,1,0.35029070723926609,0.1325752083835926,0.34783095121383667,0.00019174814224243164,3.0291965964221997e-05,nan,0.017338927554121409,0.022054976502751095,0.024543749168515205,0.00390625,34,0,1,YES,9.9851189999999868,0.014881000000013245
35,0.84064652200000001,SIGN_PLUS_3_PROFILE,J2A,0,1,0.3517821783335815,0.16571901047949075,0.34783095121383667,0.00019174814224243164,3.0291965964221997e-05,nan,-0.034716982766661152,0.018916698863318794,0,0,34,0,1,YES,9.8939799999999689,0.10602000000003109
36,0.85074670900000005,SIGN_PLUS_3_PROFILE,J2A,0,1,0.35360508744885588,0.1988628125753889,0.34763920307159424,0,0,nan,-0.034716962494698349,0.0062986601378765099,-0.36815625429153442,0.01171875,34,0,1,YES,10.100187000000037,0.10018700000003733
37,0.86074406400000003,SIGN_PLUS_3_PROFILE,J2A,0,1,0.3557594345850893,0.23200661467128711,0.34783095121383667,0.00019174814224243164,3.0291965964221997e-05,nan,-0.01740062392425951,0.0015650843603568518,-0.049087498337030411,0.01171875,34,0,1,YES,9.9973549999999847,0.0026450000000153295
38,0.87075633699999999,SIGN_PLUS_3_PROFILE,J2A,0,1,0.35824521974228163,0.2651504167671852,0.3480226993560791,0.00038349628448486328,6.0583931928443994e-05,nan,0.03465557864914285,0.012611883247746737,-0.12271875143051147,0.0078125,34,0,1,YES,10.012272999999961,0.012272999999961343
39,0.88075671200000005,SIGN_PLUS_3_PROFILE,J2A,0,1,0.36106244292043299,0.29829421886308338,0.3480226993560791,0.00038349628448486328,6.0583931928443994e-05,nan,0.069168227237930854,0.012613669761157921,-0.36815625429153442,0.01953125,34,0,1,YES,10.000375000000062,0.0003750000000621867
40,0.89064647699999999,SIGN_PLUS_3_PROFILE,J2A,0,1,0.36421110411954333,0.33143802095898151,0.34840619564056396,0.00076699256896972656,0.00012116786385688799,nan,0.15641810140925866,0.034693768125219689,0.024543749168515205,0.01171875,34,0,1,YES,9.8897649999999402,0.11023500000005981
41,0.90075861199999996,SIGN_PLUS_3_PROFILE,J2A,0,1,0.36769120333961264,0.36458182305487968,0.3485979437828064,0.0009587407112121582,0.00015145982982110997,nan,0.17365675745005138,0.050472148191764245,-0.049087498337030411,0.0234375,34,0,1,YES,10.112134999999967,0.11213499999996657
42,0.91074992600000004,SIGN_PLUS_3_PROFILE,J2A,0,1,0.37150274058064092,0.39772562515077781,0.3485979437828064,0.0009587407112121582,0.00015145982982110997,nan,0.15614942238552895,0.077264679607889228,-0.24543750286102295,0.0234375,34,0,1,YES,9.9913140000000844,0.0086859999999155946
43,0.92075697499999998,SIGN_PLUS_3_PROFILE,J2A,0,1,0.37564571584262818,0.43086942724667598,0.34917318820953369,0.0015339851379394531,0.00024233572771377597,nan,0.2253103707199651,0.11359748775752795,0.024543749168515205,0.02734375,34,0,1,YES,10.007048999999935,0.0070489999999345798
44,0.93064884400000003,SIGN_PLUS_3_PROFILE,J2A,0,1,0.38012012912557441,0.46401322934257422,0.34936493635177612,0.0017257332801818848,0.00027262769367799797,nan,0.22551883375762988,0.14672619878239676,-0.098174996674060822,0.03515625,34,0,1,YES,9.8918690000000531,0.10813099999994691
45,0.94074707199999996,SIGN_PLUS_3_PROFILE,J2A,0,1,0.38492598042947967,0.49715703143847223,0.35013192892074585,0.0024927258491516113,0.00039379555753488594,nan,0.34773538121640879,0.19875124133078928,-0.26998123526573181,0.03515625,34,0,1,YES,10.098227999999931,0.09822799999993137
46,0.95075059200000001,SIGN_PLUS_3_PROFILE,J2A,0,1,0.39006326975434386,0.53030083353437041,0.35051542520523071,0.0028762221336364746,0.00045437948946332993,nan,0.43411309827721156,0.24777900259145544,-0.58904999494552612,0.0390625,34,0,1,YES,10.003520000000044,0.0035200000000443765
47,0.96075622299999996,SIGN_PLUS_3_PROFILE,J2A,0,1,0.39553199710016707,0.56344463563026859,0.35089892148971558,0.0032597184181213379,0.00051496342139177391,nan,0.41629914771992638,0.28087416412019189,-0.26998123526573181,0.04296875,34,0,1,YES,10.005630999999958,0.0056309999999584193
48,0.97074970199999999,SIGN_PLUS_3_PROFILE,J2A,0,1,0.40133216246694925,0.59658843772616676,0.35147416591644287,0.0038349628448486328,0.00060583931928443987,nan,0.45040190867925994,0.3202770534242485,0.049087498337030411,0.04296875,34,0,1,YES,9.9934790000000273,0.0065209999999726875
49,0.98064684000000002,SIGN_PLUS_3_PROFILE,J2A,0,1,0.40746376585469041,0.62973223982206483,0.35204941034317017,0.0044102072715759277,0.00069671521717710593,nan,0.43469335288511085,0.36293312026722702,-0.049087498337030411,0.05859375,34,0,1,YES,9.8971380000000266,0.10286199999997336
50,0.99075057,SIGN_PLUS_3_PROFILE,J2A,0,1,0.41392680726339054,0.66287604191796301,0.35300815105438232,0.0053689479827880859,0.00084817504699821592,nan,0.55613808127367714,0.41173406517976407,0.098174996674060822,0.05859375,34,0,1,YES,10.103729999999977,0.10372999999997745
51,1.0007514529999999,SIGN_PLUS_3_PROFILE,J2A,0,1,0.42072128669304965,0.69601984401386119,0.35396689176559448,0.0063276886940002441,0.00099963487681932581,nan,0.69452023086685766,0.47819266336961896,-0.22089375555515289,0.06640625,34,0,1,YES,10.000882999999906,0.00088299999990582023
52,1.0107495870000001,SIGN_PLUS_3_PROFILE,J2A,0,1,0.42784720414366778,0.72916364610975937,0.35550087690353394,0.0078616738319396973,0.0012419706045331018,nan,0.90170218163348914,0.57118053778608902,0.049087498337030411,0.06640625,34,0,1,YES,9.9981340000001584,0.0018659999998416055
53,1.020744001,SIGN_PLUS_3_PROFILE,J2A,0,1,0.43530455961524483,0.76230744820565743,0.35799360275268555,0.010354399681091309,0.0016357661620679878,nan,1.298752266752379,0.70990569652719016,0.22089375555515289,0.06640625,34,0,1,YES,9.994413999999896,0.0055860000001040078
54,1.0306492840000001,SIGN_PLUS_3_PROFILE,J2A,0,1,0.44309335310778092,0.79545125030155561,0.36278730630874634,0.0151481032371521,0.0023930653111735377,nan,2.1380375789495232,0.99686998722267894,0.56450623273849487,0.05078125,34,0,1,YES,9.9052830000001535,0.094716999999846507
55,1.0407521580000001,SIGN_PLUS_3_PROFILE,J2A,0,1,0.45121358462127598,0.82859505239745379,0.37160772085189819,0.023968517780303955,0.0037864957455277493,nan,3.8587170178574257,1.5452416336654564,1.006293773651123,0.0390625,34,0,1,YES,10.102873999999984,0.10287399999998392
56,1.050747836,SIGN_PLUS_3_PROFILE,J2A,0,1,0.45966525415573001,0.86173885449335197,0.37716841697692871,0.029529213905334473,0.0046649627584901873,nan,5.1565516392774811,2.1763942176562132,-0.049087498337030411,0.0703125,34,0,1,YES,9.9956779999998968,0.0043220000001031877
57,1.0606467719999999,SIGN_PLUS_3_PROFILE,J2A,0,1,0.46844836171114301,0.89488265658925015,0.38004463911056519,0.032405436038970947,0.0051193422479535169,nan,5.301271686950475,2.7227915441168022,0.19634999334812164,0.0703125,34,0,1,YES,9.8989359999999138,0.1010640000000862
58,1.0707481029999999,SIGN_PLUS_3_PROFILE,J2A,0,1,0.47756290728751505,0.92802645868514844,0.38349610567092896,0.035856902599334717,0.0056645976353095128,nan,4.5103912862734941,3.1858950411382914,0.19634999334812164,0.07421875,34,0,1,YES,10.101330999999991,0.10133099999999118
59,1.080688071,SIGN_PLUS_3_PROFILE,J2A,0,1,0.48700889088484595,0.96117026078104639,0.38905680179595947,0.041417598724365234,0.0065430646482719512,nan,3.736196717383399,3.6385610404491033,0.63813751935958862,0.0546875,34,0,1,YES,9.9399680000000767,0.060031999999923258
60,1.0906426440000001,SIGN_PLUS_3_PROFILE,J2A,0,1,0.49678631250313587,0.99431406287694446,0.39730194211006165,0.049662739038467407,0.0078456144766256373,nan,4.4671664466645176,4.1531096537999703,0.73631250858306885,0.05859375,34,0,1,YES,9.9545730000001331,0.045426999999866879
61,1.100741405,SIGN_PLUS_3_PROFILE,J2A,0,1,0.50689517214238489,1.0274578649728427,0.40113690495491028,0.05349770188331604,0.0084514537959100786,nan,5.061925032228153,4.4960462543115645,0.14726249873638153,0.08984375,34,0,1,YES,10.098760999999845,0.098760999999845112
62,1.110646976,SIGN_PLUS_3_PROFILE,J2A,0,1,0.51728830700337824,1.0355964317492719,0.40190389752388,0.054264694452285767,0.0085726216597669658,nan,4.4322322339436511,4.5234155690235651,-0.098174996674060822,0.1015625,34,0,1,YES,9.9055710000000019,0.094428999999998098
63,1.120748131,SIGN_PLUS_3_PROFILE,J2A,0,1,0.52747855231039154,1.0024526296533738,0.40343788266181946,0.05579867959022522,0.0088149573874807419,nan,3.0155729352589811,4.2923223354356992,0.19634999334812164,0.10546875,34,0,1,YES,10.101155000000084,0.10115500000008382
64,1.130648323,SIGN_PLUS_3_PROFILE,J2A,0,1,0.53733735959644569,0.96930882755747549,0.40458837151527405,0.05694916844367981,0.0089967091832660745,nan,1.5281221996095666,3.839900124240248,-0.12271875143051147,0.109375,34,0,1,YES,9.9001919999999188,0.099808000000081165
65,1.1407446489999999,SIGN_PLUS_3_PROFILE,J2A,0,1,0.54686472886154103,0.93616502546157732,0.40650585293769836,0.058866649866104126,0.0092996288429082943,nan,1.2152722068542774,3.3186550698533472,-0.098174996674060822,0.109375,34,0,1,YES,10.096325999999989,0.096325999999988809
66,1.150752912,SIGN_PLUS_3_PROFILE,J2A,0,1,0.55606066010567723,0.90302122336567925,0.40995731949806213,0.062318116426467896,0.0098448842302642902,nan,1.7322382991429355,3.0141928589111608,0.22089375555515289,0.10546875,34,0,1,YES,10.008263000000017,0.0082630000000172288
67,1.1607546129999999,SIGN_PLUS_3_PROFILE,J2A,0,1,0.56492515332885462,0.86987742126978107,0.41475102305412292,0.067111819982528687,0.01060218337936984,nan,2.5314892690068866,2.8663020522727467,0.31906875967979431,0.08984375,34,0,1,YES,10.001700999999974,0.0017009999999739733
68,1.170751259,SIGN_PLUS_3_PROFILE,J2A,0,1,0.57345820853107288,0.836733619173883,0.42376318573951721,0.076123982667922974,0.012025905779688274,nan,4.2065234430226983,2.9233383410139138,0.85903126001358032,0.07421875,34,0,1,YES,9.9966460000000534,0.0033539999999465664
69,1.1807604110000001,SIGN_PLUS_3_PROFILE,J2A,0,1,0.58165982571233221,0.80358981707798482,0.42970737814903259,0.082068175077438354,0.012964956724579155,nan,5.4480453740669317,3.0343786062576514,0.049087498337030411,0.09375,34,0,1,YES,10.009152000000077,0.0091520000000766544
70,1.1907522239999999,SIGN_PLUS_3_PROFILE,J2A,0,1,0.58953000487263263,0.77044601498208654,0.43373408913612366,0.086094886064529419,0.013601088009827818,nan,5.6578495347281548,3.2061108017811608,0.68722498416900635,0.09375,34,0,1,YES,9.9918129999998495,0.0081870000001504906
71,1.200752271,SIGN_PLUS_3_PROFILE,J2A,0,1,0.59706874601197402,0.73730221288618847,0.43852779269218445,0.09088858962059021,0.014358387158933367,nan,5.2070654856920404,3.6155286154051649,-0.098174996674060822,0.0859375,34,0,1,YES,10.000047000000123,4.7000000122920937e-05
72,1.2107514829999999,SIGN_PLUS_3_PROFILE,J2A,0,1,0.60427604913035626,0.7041584107902904,0.44811519980430603,0.10047599673271179,0.015872985457144467,nan,5.2072392749403882,4.2672940041576837,0.83448749780654907,0.06640625,34,0,1,YES,9.9992119999998685,0.00078800000013146132
73,1.220742515,SIGN_PLUS_3_PROFILE,J2A,0,1,0.6111519142277797,0.67101460869439222,0.45444285869598389,0.10680365562438965,0.016872615625855934,nan,5.7817032672324693,4.8340160445438727,0.29452499747276306,0.08984375,34,0,1,YES,9.9910320000000663,0.0089679999999336957
74,1.230741759,SIGN_PLUS_3_PROFILE,J2A,0,1,0.61769634130424422,0.63787080659849404,0.45808607339859009,0.11044687032699585,0.017448162979176153,nan,5.8507656439252447,5.1916837082306451,0.049087498337030411,0.08984375,34,0,1,YES,9.9992440000000737,0.0007559999999262601
75,1.240746629,SIGN_PLUS_3_PROFILE,J2A,0,1,0.6239093303597496,0.60472700450259587,0.46441376209259033,0.11677455902099609,0.018447797855995478,nan,5.5897500231297315,5.4201777083055527,0.85903126001358032,0.06640625,34,0,1,YES,10.004869999999944,0.0048699999999435306
76,1.2507596080000001,SIGN_PLUS_3_PROFILE,J2A,0,1,0.62979088139429606,0.57158320240669769,0.47841137647628784,0.1307721734046936,0.020659111371383685,nan,6.3862833568126609,5.8241325438831568,1.7916938066482544,0.02734375,34,0,1,YES,10.012979000000088,0.012979000000088448
77,1.260748151,SIGN_PLUS_3_PROFILE,J2A,0,1,0.63534099440788361,0.53843940031079951,0.49835318326950073,0.15071398019790649,0.02380947583166277,nan,9.7855390886162592,6.627341060722391,2.3316562175750732,-0.01953125,34,0,1,YES,9.9885429999999609,0.01145700000003913
78,1.2707493969999999,SIGN_PLUS_3_PROFILE,J2A,0,1,0.64055966940051201,0.50529559821490144,0.51350128650665283,0.16586208343505859,0.026202541142836308,nan,13.100974972713667,7.5629770773753835,0.88357502222061157,0.03515625,34,0,1,YES,10.001245999999853,0.0012459999998526428
79,1.280748628,SIGN_PLUS_3_PROFILE,J2A,0,1,0.64544690637218161,0.47215179611900338,0.52040421962738037,0.17276501655578613,0.0272930519175483,nan,13.312736285412853,8.4151087084968843,0.7117687463760376,0.0390625,34,0,1,YES,9.9992310000001083,0.0007689999998916619
80,1.290750485,SIGN_PLUS_3_PROFILE,J2A,0,1,0.65000270532289206,0.43900799402310514,0.52769064903259277,0.18005144596099854,0.028444146624188735,nan,10.918323715290425,9.0646201570087008,0.19634999334812164,0.0546875,34,0,1,YES,10.001857000000003,0.0018570000000028841
81,1.3007535079999999,SIGN_PLUS_3_PROFILE,J2A,0,1,0.65422706625264371,0.40586419192720696,0.53075861930847168,0.18311941623687744,0.028928818079616288,nan,7.1497626207989295,9.2330901119321069,-0.024543749168515205,0.08203125,34,0,1,YES,10.003022999999889,0.0030229999998887536
82,1.3107486639999999,SIGN_PLUS_3_PROFILE,J2A,0,1,0.65811998916143633,0.37272038983130878,0.53325134515762329,0.18561214208602905,0.029322613637151173,nan,4.5124704680835279,8.9426867094419471,0.14726249873638153,0.0703125,34,0,1,YES,9.995156000000005,0.0048439999999949634
83,1.320744001,SIGN_PLUS_3_PROFILE,J2A,0,1,0.66168147404926991,0.33957658773541061,0.53670281171798706,0.18906360864639282,0.029867869024507169,nan,3.4543322198860946,8.4884529075871029,0.14726249873638153,0.06640625,34,0,1,YES,9.9953370000001041,0.0046629999998959448
84,1.3306476549999999,SIGN_PLUS_3_PROFILE,J2A,0,1,0.66491152091614447,0.30643278563951243,0.54322218894958496,0.19558298587799072,0.030897786451075,nan,3.3556127217775589,7.8904382006127687,0.6626812219619751,0.0390625,34,0,1,YES,9.9036539999999285,0.096346000000071541
85,1.340647479,SIGN_PLUS_3_PROFILE,J2A,0,1,0.66781012976206022,0.27328898354361425,0.55108386278152466,0.20344465970993042,0.032139757055608099,nan,4.5955049127350254,7.0631064060937083,0.58904999494552612,0.0390625,34,0,1,YES,9.9998240000001015,0.00017599999989847959
86,1.3507482980000001,SIGN_PLUS_3_PROFILE,J2A,0,1,0.67037730058701683,0.24014518144771607,0.55223435163497925,0.20459514856338501,0.032321508851393434,nan,4.740530077122016,5.8247984754618596,-0.049087498337030411,0.05859375,34,0,1,YES,10.100819000000039,0.10081900000003863
87,1.3607537300000001,SIGN_PLUS_3_PROFILE,J2A,0,1,0.67261303339101453,0.20700137935181789,0.55242609977722168,0.20478689670562744,0.032351800817357654,nan,3.6539119525895378,4.5632137669469444,-0.29452499747276306,0.07421875,34,0,1,YES,10.005432000000036,0.0054320000000362967
88,1.3707495890000001,SIGN_PLUS_3_PROFILE,J2A,0,1,0.67451732817405319,0.17385757725592008,0.55261784791946411,0.20497864484786987,0.032382092783321881,nan,1.8169828122720317,3.6862034109940809,-0.24543750286102295,0.0703125,34,0,1,YES,9.9958589999999958,0.0041410000000041691
89,1.380748928,SIGN_PLUS_3_PROFILE,J2A,0,1,0.67609018493613293,0.14071377516002187,0.55261784791946411,0.20497864484786987,0.032382092783321881,nan,0.31216441812953866,3.1110234994804205,-0.36815625429153442,0.07421875,34,0,1,YES,9.9993389999999405,0.00066100000005953063
90,1.390646869,SIGN_PLUS_3_PROFILE,J2A,0,1,0.67733160367725365,0.10756997306412369,0.55300134420394897,0.20536214113235474,0.032442676715250321,nan,0.15645846373967115,2.572516571169484,0.34361249208450317,0.0703125,34,0,1,YES,9.8979409999999657,0.10205900000003432
91,1.4007497449999999,SIGN_PLUS_3_PROFILE,J2A,0,1,0.67824158439741533,0.074426170968225527,0.55261784791946411,0.20497864484786987,0.032382092783321881,nan,0.069247421061980563,2.1076784387551957,-0.36815625429153442,0.07421875,34,0,1,YES,10.102875999999927,0.10287599999992736
92,1.410647596,SIGN_PLUS_3_PROFILE,J2A,0,1,0.6788201270966181,0.041282368872327342,0.55280959606170654,0.2051703929901123,0.032412384749286101,nan,0.034532044908198847,1.5986673750720013,0,0.07421875,34,0,1,YES,9.8978510000000686,0.10214899999993143
93,1.4206470179999999,SIGN_PLUS_3_PROFILE,J2A,0,1,0.67906723177486183,0.0081385667764291621,0.55280959606170654,0.2051703929901123,0.032412384749286101,nan,0.017141183999641457,1.0309340646811498,-0.049087498337030411,0.06640625,34,0,1,YES,9.9994219999999245,0.00057800000007546259
94,1.430762211,SIGN_PLUS_3_PROFILE,J2A,0,1,0.6790772240305758,0,0.55280959606170654,0.2051703929901123,0.032412384749286101,nan,-0.017489561683511356,0.47209353922099867,0,0.0546875,34,0,1,YES,10.115193000000078,0.11519300000007782
95,1.440757034,SIGN_PLUS_3_HOLD,J2A,0,1,0.6790772240305758,0,0.55280959606170654,0.2051703929901123,0.032412384749286101,nan,0.034557988161773398,0.10258244247373849,0.049087498337030411,0.06640625,34,0,1,YES,9.994822999999986,0.005177000000013976
96,1.450647163,SIGN_PLUS_3_HOLD,J2A,0,1,0.6790772240305758,0,0.55280959606170654,0.2051703929901123,0.032412384749286101,nan,0,0.042596250172970258,0,0.06640625,34,0,1,YES,9.8901289999999697,0.10987100000003025
97,1.4607567299999999,SIGN_PLUS_3_HOLD,J2A,0,1,0.6790772240305758,0,0.55300134420394897,0.20536214113235474,0.032442676715250321,nan,0.034713160590635686,0.033116114381659068,0.29452499747276306,0.05078125,34,0,1,YES,10.109566999999986,0.10956699999998598
98,1.47075114,SIGN_PLUS_3_HOLD,J2A,0,1,0.6790772240305758,0,0.55261784791946411,0.20497864484786987,0.032382092783321881,nan,-0.017353938665488722,0.011015135533856531,-0.24543750286102295,0.0703125,34,0,1,YES,9.9944100000000091,0.00558999999999088
99,1.480647528,SIGN_PLUS_3_HOLD,J2A,0,1,0.6790772240305758,0,0.55261784791946411,0.20497864484786987,0.032382092783321881,nan,-0.052065657578458269,-0.0031684123346871831,-0.39269998669624329,0.06640625,34,0,1,YES,9.8963880000000337,0.10361199999996629
100,1.490746302,SIGN_PLUS_3_HOLD,J2A,0,1,0.6790772240305758,0,0.55261784791946411,0.20497864484786987,0.032382092783321881,nan,-0.0692454732512955,-0.017352763587426091,-0.39269998669624329,0.06640625,34,0,1,YES,10.098774000000033,0.098774000000032558
101,1.500647598,SIGN_PLUS_3_HOLD,J2A,0,1,0.6790772240305758,0,0.55261784791946411,0.20497864484786987,0.032382092783321881,nan,-0.069570899778351639,-0.012619941451323695,-0.36815625429153442,0.06640625,34,0,1,YES,9.9012960000000039,0.098703999999996128
102,1.5107560980000001,SIGN_PLUS_3_HOLD,J2A,0,1,0.6790772240305758,0,0.55280959606170654,0.2051703929901123,0.032412384749286101,nan,0.034785109773561078,-0.015754227175535141,0.073631249368190765,0.0703125,34,0,1,YES,10.108500000000076,0.10850000000007576
103,1.520748781,SIGN_PLUS_3_HOLD,J2A,0,1,0.6790772240305758,0,0.55280959606170654,0.2051703929901123,0.032412384749286101,nan,0.051996492396942713,-0.011022461076315137,-0.024543749168515205,0.0546875,34,0,1,YES,9.9926829999998912,0.0073170000001088198
104,1.5306475150000001,SIGN_PLUS_3_HOLD,J2A,0,1,0.6790772240305758,0,0.55261784791946411,0.20497864484786987,0.032382092783321881,nan,0.017539496526356665,-0.014185258900789772,-0.36815625429153442,0.06640625,34,0,1,YES,9.8987340000000756,0.10126599999992436
105,1.540750227,SIGN_PLUS_3_HOLD,J2A,0,1,0.6790772240305758,0,0.55280959606170654,0.2051703929901123,0.032412384749286101,nan,0.017538784127422113,-0.0078623815775089815,0.024543749168515205,0.06640625,34,0,1,YES,10.102711999999903,0.10271199999990266
106,1.550763973,SIGN_PLUS_3_HOLD,J2A,0,1,0.6790772240305758,0,0.55300134420394897,0.20536214113235474,0.032442676715250321,nan,0.034901831148457636,0.0063414801698334841,0.29452499747276306,0.0703125,34,0,1,YES,10.013746000000046,0.013746000000045555
107,1.560745598,SIGN_PLUS_3_HOLD,J2A,0,1,0.6790772240305758,0,0.55261784791946411,0.20497864484786987,0.032382092783321881,nan,0.00017677733076116594,0.0031907366384672699,-0.24543750286102295,0.06640625,34,0,1,YES,9.981624999999994,0.018375000000006025
108,1.570745491,SIGN_PLUS_3_HOLD,J2A,0,1,0.6790772240305758,0,0.55261784791946411,0.20497864484786987,0.032382092783321881,nan,-0.017140166955140729,0.011061096211235587,-0.24543750286102295,0.0703125,34,0,1,YES,9.9998930000000374,0.00010699999996255372
109,1.5807667430000001,SIGN_PLUS_3_HOLD,J2A,0,1,0.6790772240305758,0,0.55280959606170654,0.2051703929901123,0.032412384749286101,nan,-0.034654571815918592,0.011058847810982137,0,0.06640625,34,0,1,YES,10.021252000000036,0.02125200000003602
110,1.590745029,SIGN_PLUS_3_HOLD,J2A,0,1,0.6790772240305758,0,0.55300134420394897,0.20536214113235474,0.032442676715250321,nan,0.017392923652275828,0.017366376083739823,0.14726249873638153,0.05859375,34,0,1,YES,9.9782859999999474,0.021714000000052636
111,1.600754454,SIGN_PLUS_3_HOLD,J2A,0,1,0.6790772240305758,0,0.55280959606170654,0.2051703929901123,0.032412384749286101,nan,0.069409478739632463,0.012635679623303916,0,0.05859375,34,0,1,YES,10.009425000000016,0.009425000000016226
112,1.610752178,SIGN_PLUS_3_HOLD,J2A,0,1,0.6790772240305758,0,0.55300134420394897,0.20536214113235474,0.032442676715250321,nan,0.069420699128990848,0.014211689984316102,0.22089375555515289,0.05859375,34,0,1,YES,9.9977239999999856,0.0022760000000143776
113,1.6207444790000001,SIGN_PLUS_3_HOLD,J2A,0,1,0.6790772240305758,0,0.55300134420394897,0.20536214113235474,0.032442676715250321,nan,0.034710127660094382,0.022093362633337225,0.24543750286102295,0.0703125,34,0,1,YES,9.9923010000000367,0.007698999999963263
114,1.6307481530000001,SIGN_PLUS_3_HOLD,J2A,0,1,0.6790772240305758,0,0.55261784791946411,0.20497864484786987,0.032382092783321881,nan,-0.052079194182319398,0.012630695955862845,-0.39269998669624329,0.05859375,34,0,1,YES,10.003674000000018,0.0036740000000179407
115,1.6407459630000001,SIGN_PLUS_3_HOLD,J2A,0,1,0.6790772240305758,0,0.55261784791946411,0.20497864484786987,0.032382092783321881,nan,-0.069448835309235984,-0.0047309791851428704,-0.4908750057220459,0.0546875,34,0,1,YES,9.9978099999999959,0.0021900000000041331
116,1.6507465969999999,SIGN_PLUS_3_HOLD,J2A,0,1,0.6790772240305758,0,0.55300134420394897,0.20536214113235474,0.032442676715250321,nan,-0.034715866418230788,0.0031588650314927544,0.14726249873638153,0.05859375,34,0,1,YES,10.000633999999842,0.00063399999984170563
117,1.6607674020000001,SIGN_PLUS_3_HOLD,J2A,0,1,0.6790772240305758,0,0.55280959606170654,0.2051703929901123,0.032412384749286101,nan,-5.2715580201192904e-06,0.011044272321525541,-0.14726249873638153,0.0546875,34,0,1,YES,10.020805000000133,0.020805000000132523
118,1.6707470950000001,SIGN_PLUS_3_HOLD,J2A,0,1,0.6790772240305758,0,0.55280959606170654,0.2051703929901123,0.032412384749286101,nan,0.052054034261258854,0.0015774321657260357,-0.14726249873638153,0.05859375,34,0,1,YES,9.9796930000000117,0.020306999999988307
119,1.680646783,SIGN_PLUS_3_HOLD,J2A,0,1,0.6790772240305758,0,0.55261784791946411,0.20497864484786987,0.032382092783321881,nan,-0.017277365846905958,-0.01735716224594485,-0.12271875143051147,0.06640625,34,0,1,YES,9.8996879999999621,0.10031200000003793
120,1.6907610790000001,SIGN_PLUS_3_HOLD,J2A,0,1,0.6790772240305758,0,0.55261784791946411,0.20497864484786987,0.032382092783321881,nan,-0.086812500012979812,-0.026824969292668584,-0.098174996674060822,0.06640625,34,0,1,YES,10.114296000000023,0.1142960000000226
121,1.700753754,SIGN_PLUS_3_HOLD,J2A,0,1,0.6790772240305758,0,0.55280959606170654,0.2051703929901123,0.032412384749286101,nan,-0.017251818947911689,-0.017350400217786281,-0.049087498337030411,0.0703125,34,0,1,YES,9.9926749999998954,0.0073250000001046089
122,1.7107468379999999,SIGN_PLUS_3_HOLD,J2A,0,1,0.6790772240305758,0,0.55261784791946411,0.20497864484786987,0.032382092783321881,nan,-0.017252084971511355,-0.02366134338190341,-0.41724374890327454,0.05859375,34,0,1,YES,9.9930839999999854,0.0069160000000145772
123,1.7206478220000001,SIGN_PLUS_3_HOLD,J2A,0,1,0.6790772240305758,0,0.55261784791946411,0.20497864484786987,0.032382092783321881,nan,7.3777927770402233e-05,-0.018933428979870465,-0.073631249368190765,0.06640625,34,0,1,YES,9.9009840000001681,0.099015999999831905
124,1.730650179,SIGN_PLUS_3_HOLD,J2A,0,1,0.6790772240305758,0,0.55261784791946411,0.20497864484786987,0.032382092783321881,nan,-0.017397236985657434,-0.01104019560266197,-0.44178751111030579,0.05859375,34,0,1,YES,10.002356999999851,0.0023569999998507285
125,1.740760042,SIGN_PLUS_3_HOLD,J2A,0,1,0.6790772240305758,0,0.55280959606170654,0.2051703929901123,0.032412384749286101,nan,0.00015705978519966983,-0.011028913013590073,0,0.0703125,34,0,1,YES,10.109863000000052,0.10986300000005222
126,1.7506469730000001,SIGN_PLUS_3_HOLD,J2A,0,1,0.6790772240305758,0,0.55300134420394897,0.20536214113235474,0.032442676715250321,nan,0.086901303380548037,-0.0047266236354430594,0.19634999334812164,0.07421875,34,0,1,YES,9.8869310000000432,0.11306899999995679
127,1.7607607240000001,SIGN_PLUS_3_HOLD,J2A,0,1,0.6790772240305758,0,0.55261784791946411,0.20497864484786987,0.032382092783321881,nan,0.034513680784942387,0.0015820766582173987,-0.19634999334812164,0.06640625,34,0,1,YES,10.113751000000004,0.11375100000000415
128,1.770647565,SIGN_PLUS_3_HOLD,J2A,0,1,0.6790772240305758,0,0.55300134420394897,0.20536214113235474,0.032442676715250321,nan,0.05187002369376565,0.017355938013750197,0.12271875143051147,0.06640625,34,0,1,YES,9.8868409999999241,0.11315900000007595
129,1.7807528640000001,SIGN_PLUS_3_HOLD,J2A,0,1,0.6790772240305758,0,0.55300134420394897,0.20536214113235474,0.032442676715250321,nan,0.034477012555156145,0.031548539343479128,0.24543750286102295,0.06640625,34,0,1,YES,10.105299000000123,0.10529900000012304
130,1.790769077,SIGN_PLUS_3_HOLD,J2A,0,1,0.6790772240305758,0,0.55261784791946411,0.20497864484786987,0.032382092783321881,nan,-0.03488993840033093,0.018913879269064546,-0.51541876792907715,0.0546875,34,0,1,YES,10.016212999999885,0.016212999999885014
131,1.80077073,SIGN_PLUS_3_HOLD,J2A,0,1,0.6790772240305758,0,0.55280959606170654,0.2051703929901123,0.032412384749286101,nan,-0.00022390207910361683,0.014173703875127066,-0.12271875143051147,0.0703125,34,0,1,YES,10.001652999999999,0.0016529999999992384
132,1.8107616259999999,SIGN_PLUS_3_HOLD,J2A,0,1,0.6790772240305758,0,0.55300134420394897,0.20536214113235474,0.032442676715250321,nan,-0.017422440953924177,0.025196146782402826,0.17180624604225159,0.05859375,34,0,1,YES,9.9908959999999158,0.0091040000000841559
133,1.820745238,SIGN_PLUS_3_HOLD,J2A,0,1,0.6790772240305758,0,0.55280959606170654,0.2051703929901123,0.032412384749286101,nan,-2.5167228160324416e-05,0.017315186017592465,-0.073631249368190765,0.05859375,34,0,1,YES,9.9836120000000861,0.016387999999913916
134,1.83074976,SIGN_PLUS_3_HOLD,J2A,0,1,0.6790772240305758,0,0.55261784791946411,0.20497864484786987,0.032382092783321881,nan,3.6063441930151659e-06,-1.9014181802467193e-05,-0.34361249208450317,0.0703125,34,0,1,YES,10.004522000000016,0.0045220000000156801
135,1.8407513230000001,SIGN_PLUS_3_HOLD,J2A,0,1,0.6790772240305758,0,0.55261784791946411,0.20497864484786987,0.032382092783321881,nan,-0.069466200720116694,-0.017373077608120475,-0.51541876792907715,0.06640625,34,0,1,YES,10.001563000000102,0.0015630000001021216
136,1.8507521870000001,SIGN_PLUS_3_HOLD,J2A,0,1,0.6790772240305758,0,0.55319309234619141,0.20555388927459717,0.032472968681214541,nan,0.017382835354402885,-0.0016058048860275031,0.41724374890327454,0.06640625,34,0,1,YES,10.000863999999998,0.00086399999999819954
137,1.8607452090000001,SIGN_PLUS_3_HOLD,J2A,0,1,0.6790772240305758,0,0.55261784791946411,0.20497864484786987,0.032382092783321881,nan,0.017367040585388599,-0.003171370019156679,-0.073631249368190765,0.0703125,34,0,1,YES,9.9930219999999625,0.0069780000000374542
138,1.870762464,SIGN_PLUS_3_HOLD,J2A,0,1,0.6790772240305758,0,0.55280959606170654,0.2051703929901123,0.032412384749286101,nan,0.034716459754985544,-0.01262739462990857,-0.073631249368190765,0.06640625,34,0,1,YES,10.017254999999947,0.017254999999947174
139,1.880646898,SIGN_PLUS_3_HOLD,J2A,0,1,0.6790772240305758,0,0.55300134420394897,0.20536214113235474,0.032442676715250321,nan,0.034716166667613207,0.0031442224869205524,0.17180624604225159,0.06640625,34,0,1,YES,9.884433999999942,0.11556600000005801
140,1.890753423,SIGN_PLUS_3_HOLD,J2A,0,1,0.6790772240305758,0,0.55280959606170654,0.2051703929901123,0.032412384749286101,nan,-0.034879251845118579,0.011039974643638841,-0.049087498337030411,0.07421875,34,0,1,YES,10.106525000000088,0.10652500000008835
141,1.900768733,SIGN_PLUS_3_HOLD,J2A,0,1,0.6790772240305758,0,0.55280959606170654,0.2051703929901123,0.032412384749286101,nan,0.034514822709410829,0.0015661754287359161,-0.14726249873638153,0.06640625,34,0,1,YES,10.015309999999999,0.015309999999999491
142,1.9107813849999999,SIGN_PLUS_3_HOLD,J2A,0,1,0.6790772240305758,0,0.55280959606170654,0.2051703929901123,0.032412384749286101,nan,-0.017466099126447903,-1.2702463053411463e-05,0,0.0703125,34,0,1,YES,10.0126519999999,0.012651999999899743
143,1.920753398,SIGN_PLUS_3_HOLD,J2A,0,1,0.6790772240305758,0,0.55280959606170654,0.2051703929901123,0.032412384749286101,nan,-0.034707291867418957,0.0078723276061102906,-0.098174996674060822,0.05078125,34,0,1,YES,9.9720130000000573,0.027986999999942697
144,1.9306495079999999,SIGN_PLUS_3_HOLD,J2A,0,1,0.6790772240305758,0,0.55280959606170654,0.2051703929901123,0.032412384749286101,nan,0,0.0078793547270026472,-0.073631249368190765,0.0703125,34,0,1,YES,9.8961099999999025,0.10389000000009752
145,1.9408059769999999,SIGN_RETURN_PROFILE,J2A,0,1,0.6790772240305758,-0,0.55300134420394897,0.20536214113235474,0.032442676715250321,nan,0.03484555297053387,0.0063068107906169403,0.22089375555515289,0.0546875,34,0,1,YES,10.156469000000001,0.1564690000000013
146,1.950647244,SIGN_RETURN_PROFILE,J2A,0,1,0.67891150502009623,-0.033143802095898151,0.55280959606170654,0.2051703929901123,0.032412384749286101,nan,0.017567615435886513,-0.0063137073690720941,-0.22089375555515289,0.0703125,34,0,1,YES,9.8412670000000979,0.15873299999990209
147,1.9606467590000001,SIGN_RETURN_PROFILE,J2A,0,1,0.67841434798865774,-0.066287604191796301,0.55261784791946411,0.20497864484786987,0.032382092783321881,nan,-0.034584013733225505,9.6222230317639053e-06,-0.39269998669624329,0.06640625,34,0,1,YES,9.9995150000000699,0.00048499999993012466
148,1.9706481920000001,SIGN_RETURN_PROFILE,J2A,0,1,0.67758575293626033,-0.099431406287694452,0.55300134420394897,0.20536214113235474,0.032442676715250321,nan,0.00022265462742828321,-0.0015766661474054583,-0.24543750286102295,0.06640625,34,0,1,YES,10.001433000000004,0.0014330000000040144
149,1.980648162,SIGN_RETURN_PROFILE,J2A,0,1,0.67642571986290401,-0.1325752083835926,0.55280959606170654,0.2051703929901123,0.032412384749286101,nan,-0.017241779959044624,-0.0047348730881611248,-0.049087498337030411,0.05078125,34,0,1,YES,9.9999699999999692,3.0000000030838692e-05
150,1.990779319,SIGN_RETURN_PROFILE,J2A,0,1,0.67493424876858854,-0.16571901047949075,0.55261784791946411,0.20497864484786987,0.032382092783321881,nan,-0.017443549307264238,-0.0063179398388595815,-0.31906875967979431,0.0546875,34,0,1,YES,10.131157000000002,0.13115700000000174
151,2.0006474230000002,SIGN_RETURN_PROFILE,J2A,0,1,0.67311133965331416,-0.1988628125753889,0.55261784791946411,0.20497864484786987,0.032382092783321881,nan,-0.034753765982276023,-0.014214729800946773,-0.36815625429153442,0.05859375,34,0,1,YES,9.8681040000001552,0.1318959999998448
152,2.0107874039999998,SIGN_RETURN_PROFILE,J2A,0,1,0.67095699251708063,-0.23200661467128711,0.55280959606170654,0.2051703929901123,0.032412384749286101,nan,-0.051911296717730718,-0.012615732109440088,0,0.04296875,34,0,1,YES,10.139980999999576,0.13998099999957603
153,2.0206611200000002,SIGN_RETURN_PROFILE,J2A,0,1,0.66847120735988841,-0.2651504167671852,0.55261784791946411,0.20497864484786987,0.032382092783321881,nan,-0.017298431470695413,-0.018919752992765573,-0.31906875967979431,0.05859375,34,0,1,YES,9.8737160000004209,0.12628399999957907
154,2.0307727139999998,SIGN_RETURN_PROFILE,J2A,0,1,0.66565398418173705,-0.29829421886308338,0.55300134420394897,0.20536214113235474,0.032442676715250321,nan,0.069672064777947365,-0.0078504030657446881,0.46633124351501465,0.04296875,34,0,1,YES,10.111593999999613,0.11159399999961295
155,2.040752066,SIGN_RETURN_PROFILE,J2A,0,1,0.66250532298262677,-0.33143802095898151,0.55242609977722168,0.20478689670562744,0.032351800817357654,nan,-0.017059409987280668,-0.022049156267254538,-0.41724374890327454,0.05078125,34,0,1,YES,9.9793520000002189,0.020647999999781064
156,2.0507687360000002,SIGN_RETURN_PROFILE,J2A,0,1,0.65902522376255734,-0.36458182305487968,0.55280959606170654,0.2051703929901123,0.032412384749286101,nan,-0.017156463521165222,-0.007867946027820932,-0.098174996674060822,0.04296875,34,0,1,YES,10.016670000000172,0.016670000000171825
157,2.060764485,SIGN_RETURN_PROFILE,J2A,0,1,0.65521368652152912,-0.39772562515077781,0.55261784791946411,0.20497864484786987,0.032382092783321881,nan,-0.01715707971381724,-0.0094434787370813664,-0.073631249368190765,0.03515625,34,0,1,YES,9.9957489999997762,0.0042510000002238257
158,2.0707645449999998,SIGN_RETURN_PROFILE,J2A,0,1,0.65107071125954175,-0.43086942724667598,0.55242609977722168,0.20478689670562744,0.032351800817357654,nan,-0.086729516309034554,-0.026780377579545784,-0.22089375555515289,0.0390625,34,0,1,YES,10.000059999999866,5.9999999866278131e-05
159,2.0807736920000002,SIGN_RETURN_PROFILE,J2A,0,1,0.64659629797659557,-0.46401322934257422,0.55261784791946411,0.20497864484786987,0.032382092783321881,nan,2.9187022245412191e-05,-0.015747339872410431,0.14726249873638153,0.03515625,34,0,1,YES,10.009147000000329,0.0091470000003290863
160,2.0907654579999999,SIGN_RETURN_PROFILE,J2A,0,1,0.64179044667269025,-0.49715703143847223,0.55223435163497925,0.20459514856338501,0.032321508851393434,nan,-0.10411662480883509,-0.026786596814480319,0.12271875143051147,0.02734375,34,0,1,YES,9.9917659999997355,0.0082340000002645297
161,2.1007463020000001,SIGN_RETURN_PROFILE,J2A,0,1,0.63665315734782613,-0.53030083353437041,0.55204260349273682,0.20440340042114258,0.032291216885429214,nan,-0.12150357981446827,-0.050413972233209217,-0.098174996674060822,0.0234375,34,0,1,YES,9.9808440000002108,0.019155999999789231
162,2.110764804,SIGN_RETURN_PROFILE,J2A,0,1,0.63118443000200286,-0.56344463563026859,0.55165910720825195,0.20401990413665771,0.032230632953500767,nan,-0.19095943571612642,-0.08515746407889517,-0.26998123526573181,0.0234375,34,0,1,YES,10.018501999999874,0.018501999999873675
163,2.1207484440000002,SIGN_RETURN_PROFILE,J2A,0,1,0.62538426463522079,-0.59658843772616676,0.55165910720825195,0.20401990413665771,0.032230632953500767,nan,-0.22575485284240371,-0.10248503607370091,0,0.0078125,34,0,1,YES,9.9836400000001824,0.016359999999817632
164,2.1307858510000002,SIGN_RETURN_PROFILE,J2A,0,1,0.61925266124747957,-0.62973223982206483,0.55108386278152466,0.20344465970993042,0.032139757055608099,nan,-0.24293669887588612,-0.14358231016358305,-0.34361249208450317,0.01171875,34,0,1,YES,10.037406999999998,0.037406999999998192
165,2.1407454170000002,SIGN_RETURN_PROFILE,J2A,0,1,0.61278961983877944,-0.66287604191796301,0.55089211463928223,0.20325291156768799,0.032109465089643879,nan,-0.26033643060054235,-0.16093978738636386,0.024543749168515205,0.00390625,34,0,1,YES,9.9595660000000308,0.040433999999969217
166,2.1507766820000001,SIGN_RETURN_PROFILE,J2A,0,1,0.60599514040912039,-0.69601984401386119,0.55050861835479736,0.20286941528320312,0.032048881157715439,nan,-0.27769224488143984,-0.20512814339839566,0.12271875143051147,0,34,0,1,YES,10.031264999999845,0.031264999999844889
167,2.1607479239999998,SIGN_RETURN_PROFILE,J2A,0,1,0.5988692229585022,-0.72916364610975937,0.54954987764358521,0.20191067457199097,0.031897421327894325,nan,-0.43392898439431726,-0.25404482781887355,-0.22089375555515289,0,34,0,1,YES,9.9712419999997692,0.028758000000230766
168,2.1706468289999998,SIGN_RETURN_PROFILE,J2A,0,1,0.59141186748692509,-0.76230744820565743,0.54897463321685791,0.20133543014526367,0.031806545430001658,nan,-0.50460918245474651,-0.30937989420059681,-0.24543750286102295,0,34,0,1,YES,9.8989050000000134,0.10109499999998661
169,2.180743568,SIGN_RETURN_PROFILE,J2A,0,1,0.58362307399438906,-0.79545125030155561,0.54839938879013062,0.20076018571853638,0.031715669532108998,nan,-0.5908035369826965,-0.36780147714226424,-0.44178751111030579,-0.01171875,34,0,1,YES,10.096739000000188,0.096739000000187758
170,2.190764009,SIGN_RETURN_PROFILE,J2A,0,1,0.57550284248089401,-0.82859505239745379,0.54820764064788818,0.20056843757629395,0.031685377566144771,nan,-0.52058981406325988,-0.39140948457237629,-0.24543750286102295,-0.01953125,34,0,1,YES,10.020440999999991,0.02044099999999105
171,2.2007549879999999,SIGN_RETURN_PROFILE,J2A,0,1,0.56705117294644003,-0.86173885449335197,0.54763239622116089,0.19999319314956665,0.031594501668252103,nan,-0.41593735641742174,-0.42135014178167363,-0.073631249368190765,-0.0234375,34,0,1,YES,9.9909789999998999,0.0090210000001000878
172,2.2107629740000001,SIGN_RETURN_PROFILE,J2A,0,1,0.55826806539102702,-0.89488265658925015,0.54705715179443359,0.19941794872283936,0.031503625770359443,nan,-0.41551133317773103,-0.44658071724511467,0,-0.0234375,34,0,1,YES,10.007986000000191,0.0079860000001907849
173,2.2207461789999998,SIGN_RETURN_PROFILE,J2A,0,1,0.54915351981465499,-0.92802645868514844,0.5464819073677063,0.19884270429611206,0.031412749872466776,nan,-0.45120292320058042,-0.47337092624062643,-0.024543749168515205,-0.03515625,34,0,1,YES,9.9832049999997174,0.016795000000282556
174,2.2306498019999998,SIGN_RETURN_PROFILE,J2A,0,1,0.53970753621732404,-0.96117026078104639,0.54552316665649414,0.1978839635848999,0.031261290042645662,nan,-0.59137182781101838,-0.49723613565543634,-0.31906875967979431,-0.0390625,34,0,1,YES,9.903623000000028,0.096376999999971957
175,2.2407731950000001,SIGN_RETURN_PROFILE,J2A,0,1,0.52993011459903405,-0.99431406287694446,0.54456442594528198,0.19692522287368774,0.031109830212824555,nan,-0.69484495586865003,-0.53807414133861553,0.024543749168515205,-0.04296875,34,0,1,YES,10.123393000000203,0.12339300000020259
176,2.250776745,SIGN_RETURN_PROFILE,J2A,0,1,0.51982125495978515,-1.0274578649728427,0.54322218894958496,0.19558298587799072,0.030897786451075,nan,-0.86751304468897006,-0.59004705112340572,-0.58904999494552612,-0.05078125,34,0,1,YES,10.003549999999972,0.0035499999999721865
177,2.2607516759999999,SIGN_RETURN_PROFILE,J2A,0,1,0.50942812009879179,-1.0355964317492719,0.54111295938491821,0.19347375631332397,0.030564574825468559,nan,-1.1784405618009448,-0.68452564594846077,-0.26998123526573181,-0.05078125,34,0,1,YES,9.9749309999999092,0.025069000000090824
178,2.2707744719999998,SIGN_RETURN_PROFILE,J2A,0,1,0.4992378747917785,-1.0024526296533738,0.53670281171798706,0.18906360864639282,0.029867869024507169,nan,-1.9039522878600803,-0.93037075837282512,-1.1290124654769897,-0.0390625,34,0,1,YES,10.022795999999889,0.02279599999988946
179,2.2807448020000001,SIGN_RETURN_PROFILE,J2A,0,1,0.48937906750572424,-0.96930882755747549,0.53018337488174438,0.18254417181015015,0.028837942181723624,nan,-3.1952349299634815,-1.3678950041763953,-0.61359375715255737,-0.0234375,34,0,1,YES,9.9703300000002493,0.029669999999750729
180,2.290647221,SIGN_RETURN_PROFILE,J2A,0,1,0.47985169824062901,-0.93616502546157732,0.52270519733428955,0.17506599426269531,0.027656555509118965,nan,-4.7144672365344604,-1.9866714281609594,-0.36815625429153442,-0.03515625,34,0,1,YES,9.9024189999998846,0.097581000000115381
181,2.3007556650000001,SIGN_RETURN_PROFILE,J2A,0,1,0.47065576699649275,-0.90302122336567925,0.52002072334289551,0.17238152027130127,0.027232467985619856,nan,-5.0893724567795182,-2.513522073659213,-0.41724374890327454,-0.0546875,34,0,1,YES,10.108444000000105,0.10844400000010523
182,2.3107807199999999,SIGN_RETURN_PROFILE,J2A,0,1,0.46179127377331541,-0.86987742126978107,0.51887023448944092,0.17123103141784668,0.027050716189834526,nan,-4.1432835660346452,-2.8836391933563097,-0.049087498337030411,-0.0546875,34,0,1,YES,10.025054999999838,0.025054999999838401
183,2.3207715090000001,SIGN_RETURN_PROFILE,J2A,0,1,0.45325821857109716,-0.836733619173883,0.51791149377822876,0.17027229070663452,0.026899256360013415,nan,-2.561920832080506,-3.0846611168477986,-0.19634999334812164,-0.06640625,34,0,1,YES,9.9907890000001665,0.0092109999998335468
184,2.3306484369999998,SIGN_RETURN_PROFILE,J2A,0,1,0.44505660138983782,-0.80358981707798482,0.51656925678253174,0.1689300537109375,0.02668721259826386,nan,-1.3023243884616602,-3.1319117927384221,-0.7117687463760376,-0.06640625,34,0,1,YES,9.8769279999997295,0.12307200000027052
185,2.3407832750000002,SIGN_RETURN_PROFILE,J2A,0,1,0.43718642222953741,-0.77044601498208654,0.51503527164459229,0.16739606857299805,0.026444876870550086,nan,-1.1117636738024901,-3.0426926224103221,0.024543749168515205,-0.06640625,34,0,1,YES,10.134838000000368,0.13483800000036794
186,2.3507949799999999,SIGN_RETURN_PROFILE,J2A,0,1,0.42964768109019602,-0.73730221288618847,0.51196730136871338,0.16432809829711914,0.025960205415122534,nan,-1.5100387224154734,-2.8741629738135233,-0.88357502222061157,-0.06640625,34,0,1,YES,10.011704999999704,0.011704999999704313
187,2.3606475690000002,SIGN_RETURN_PROFILE,J2A,0,1,0.42244037797181366,-0.7041584107902904,0.50870758295059204,0.1610683798789978,0.025445241993730758,nan,-2.0840729774765019,-2.6400904537962502,-0.29452499747276306,-0.05859375,34,0,1,YES,9.8525890000003002,0.14741099999969975
188,2.3706465300000001,SIGN_RETURN_PROFILE,J2A,0,1,0.41556451287439022,-0.67101460869439222,0.50487262010574341,0.15723341703414917,0.024839402674446318,nan,-2.6923842278523318,-2.3835916368573229,-0.19634999334812164,-0.05859375,34,0,1,YES,9.9989609999999729,0.0010390000000271016
189,2.3807500720000001,SIGN_RETURN_PROFILE,J2A,0,1,0.40902008579792581,-0.63787080659849404,0.50333863496780396,0.15569943189620972,0.024597066946732544,nan,-2.7645183869450705,-2.1082440013068577,0.049087498337030411,-0.08203125,34,0,1,YES,10.103541999999965,0.10354199999996538
190,2.3907839179999999,SIGN_RETURN_PROFILE,J2A,0,1,0.40280709674242032,-0.60472700450259587,0.50295513868331909,0.15531593561172485,0.0245364830148041,nan,-2.1135302544767098,-1.8960516691138023,0.073631249368190765,-0.0703125,34,0,1,YES,10.033845999999791,0.033845999999790877
191,2.4007493549999999,SIGN_RETURN_PROFILE,J2A,0,1,0.39692554570787386,-0.57158320240669769,0.50218814611434937,0.15454894304275513,0.02441531515094721,nan,-1.3493938674111023,-1.8620213441000775,-0.024543749168515205,-0.07421875,34,0,1,YES,9.9654369999999659,0.034563000000034094
192,2.4107863300000001,SIGN_RETURN_PROFILE,J2A,0,1,0.39137543269428637,-0.53843940031079951,0.50199639797210693,0.1543571949005127,0.024385023184982989,nan,-0.62340262779035305,-1.7981856825030422,0,-0.08203125,34,0,1,YES,10.036975000000226,0.036975000000225577
193,2.420756533,SIGN_RETURN_PROFILE,J2A,0,1,0.38615675770165792,-0.50529559821490144,0.50199639797210693,0.1543571949005127,0.024385023184982989,nan,-0.32971257810985105,-1.6430715843845616,-0.34361249208450317,-0.08203125,34,0,1,YES,9.9702029999999553,0.029797000000044704
194,2.4306477499999999,SIGN_RETURN_PROFILE,J2A,0,1,0.38126952072998838,-0.47215179611900338,0.50199639797210693,0.1543571949005127,0.024385023184982989,nan,-0.19158212111245781,-1.3977504510700907,-0.24543750286102295,-0.08203125,34,0,1,YES,9.8912169999998412,0.10878300000015884
195,2.440753827,SIGN_RETURN_PROFILE,J2A,0,1,0.37671372177927787,-0.43900799402310514,0.5018046498298645,0.15416544675827026,0.024354731219018766,nan,-0.069611537242264751,-1.0949301458433283,-0.17180624604225159,-0.0859375,34,0,1,YES,10.106077000000102,0.10607700000010212
196,2.45076574,SIGN_RETURN_PROFILE,J2A,0,1,0.37248936084952627,-0.40586419192720696,0.5018046498298645,0.15416544675827026,0.024354731219018766,nan,-0.052174840447759517,-0.74604901773511345,-0.12271875143051147,-0.08203125,34,0,1,YES,10.011913000000039,0.01191300000003892
197,2.4607538349999998,SIGN_RETURN_PROFILE,J2A,0,1,0.36859643794073371,-0.37272038983130878,0.50161290168762207,0.15397369861602783,0.024324439253054546,nan,-0.0867316177638882,-0.44809668526226454,-0.26998123526573181,-0.0859375,34,0,1,YES,9.9880949999997526,0.011905000000247412
198,2.4707844680000002,SIGN_RETURN_PROFILE,J2A,0,1,0.36503495305290007,-0.33957658773541061,0.50161290168762207,0.15397369861602783,0.024324439253054546,nan,-0.086565027863849994,-0.22562489182965326,-0.24543750286102295,-0.08984375,34,0,1,YES,10.0306330000004,0.030633000000399591
199,2.4807875990000001,SIGN_RETURN_PROFILE,J2A,0,1,0.36180490618602545,-0.30643278563951243,0.5018046498298645,0.15416544675827026,0.024354731219018766,nan,-0.017326304522680289,-0.12618918540112092,0.12271875143051147,-0.08203125,34,0,1,YES,10.003130999999943,0.0031309999999429294
200,2.490789038,SIGN_RETURN_PROFILE,J2A,0,1,0.35890629734010981,-0.27328898354361425,0.50161290168762207,0.15397369861602783,0.024324439253054546,nan,-0.017326302455388787,-0.085160030316884905,-0.12271875143051147,-0.08203125,34,0,1,YES,10.001438999999834,0.0014389999998343228
201,2.500646986,SIGN_RETURN_PROFILE,J2A,0,1,0.35633912651515315,-0.24014518144771607,0.50142115354537964,0.1537819504737854,0.024294147287090322,nan,-0.034612246052484918,-0.056804522578525918,-0.56450623273849487,-0.08203125,34,0,1,YES,9.8579480000000608,0.14205199999993923
202,2.510744834,SIGN_RETURN_PROFILE,J2A,0,1,0.35410339371115551,-0.20700137935181789,0.50161290168762207,0.15397369861602783,0.024324439253054546,nan,-0.034619721184541007,-0.045757612390319655,-0.17180624604225159,-0.09375,34,0,1,YES,10.09784800000002,0.097848000000020363
203,2.520781757,SIGN_RETURN_PROFILE,J2A,0,1,0.35219909892811685,-0.17385757725592008,0.50161290168762207,0.15397369861602783,0.024324439253054546,nan,-0.034506054107669042,-0.039427430307081138,-0.024543749168515205,-0.08203125,34,0,1,YES,10.03692299999992,0.036922999999919881
204,2.5306474190000001,SIGN_RETURN_PROFILE,J2A,0,1,0.35062624216603716,-0.14071377516002187,0.50161290168762207,0.15397369861602783,0.024324439253054546,nan,0.017537953584641261,-0.02998587450738472,-0.024543749168515205,-0.09375,34,0,1,YES,9.8656620000001638,0.1343379999998362
205,2.5406453280000001,SIGN_RETURN_PROFILE,J2A,0,1,0.34938482342491639,-0.10756997306412369,0.5018046498298645,0.15416544675827026,0.024354731219018766,nan,0.069560147020487767,-0.0094715479941991886,0.31906875967979431,-0.08984375,34,0,1,YES,9.9979089999999715,0.0020910000000284867
206,2.5507837329999998,SIGN_RETURN_PROFILE,J2A,0,1,0.34847484270475465,-0.074426170968225527,0.50142115354537964,0.1537819504737854,0.024294147287090322,nan,-0.017616550908011196,-0.012636608596781106,-0.34361249208450317,-0.08203125,34,0,1,YES,10.138404999999739,0.13840499999973943
207,2.5607456599999998,SIGN_RETURN_PROFILE,J2A,0,1,0.34789630000555188,-0.041282368872327342,0.50142115354537964,0.1537819504737854,0.024294147287090322,nan,-0.052283391649917084,-0.012637707352698932,-0.36815625429153442,-0.08203125,34,0,1,YES,9.9619269999999815,0.038073000000018453
208,2.5707568909999998,SIGN_RETURN_PROFILE,J2A,0,1,0.34764919532730815,-0.0081385667764291621,0.50161290168762207,0.15397369861602783,0.024324439253054546,nan,-0.034781383492080625,-0.011054110802634208,0.024543749168515205,-0.07421875,34,0,1,YES,10.011231000000009,0.011231000000009317
209,2.5807617889999999,SIGN_RETURN_PROFILE,J2A,0,1,0.34763920307159424,-0,0.50161290168762207,0.15397369861602783,0.024324439253054546,nan,-0.017535867870618102,-0.0094684842869217929,0,-0.0703125,34,0,1,YES,10.00489800000004,0.0048980000000398149
210,2.5907871830000002,SIGN_RETURN_HOLD,J2A,0,1,0.34763920307159424,0,0.50161290168762207,0.15397369861602783,0.024324439253054546,nan,0.0520521873194916,0.0015667758201551062,-0.098174996674060822,-0.08203125,34,0,1,YES,10.025394000000354,0.025394000000353856
211,2.6006470629999998,SIGN_RETURN_HOLD,J2A,0,1,0.34763920307159424,0,0.50161290168762207,0.15397369861602783,0.024324439253054546,nan,0.034817538252881274,0.0047162186178980933,-0.073631249368190765,-0.08203125,34,0,1,YES,9.859879999999599,0.14012000000040103
212,2.610646461,SIGN_RETURN_HOLD,J2A,0,1,0.34763920307159424,0,0.50161290168762207,0.15397369861602783,0.024324439253054546,nan,0,-0.0016044796851408959,-0.17180624604225159,-0.08203125,34,0,1,YES,9.9993980000001592,0.00060199999984078545
213,2.6207491759999999,SIGN_RETURN_HOLD,J2A,0,1,0.34763920307159424,0,0.50161290168762207,0.15397369861602783,0.024324439253054546,nan,0,-2.5427214823918507e-05,-0.024543749168515205,-0.0703125,34,0,1,YES,10.102714999999929,0.10271499999992884
214,2.6307613399999998,SIGN_RETURN_HOLD,J2A,0,1,0.34763920307159424,0,0.50142115354537964,0.1537819504737854,0.024294147287090322,nan,-0.03475116648030082,-0.0063386397124905363,-0.34361249208450317,-0.07421875,34,0,1,YES,10.012163999999935,0.01216399999993456
215,2.6407623509999998,SIGN_RETURN_HOLD,J2A,0,1,0.34763920307159424,0,0.50161290168762207,0.15397369861602783,0.024324439253054546,nan,-0.017319514623437993,-0.0031834102256698173,-0.049087498337030411,-0.08203125,34,0,1,YES,10.001010999999949,0.0010109999999485808
216,2.6507750159999999,SIGN_RETURN_HOLD,J2A,0,1,0.34763920307159424,0,0.50161290168762207,0.15397369861602783,0.024324439253054546,nan,-3.8790936043136461e-05,0.0094595411091567775,-0.073631249368190765,-0.07421875,34,0,1,YES,10.012665000000087,0.01266500000008719
217,2.6607480589999999,SIGN_RETURN_HOLD,J2A,0,1,0.34763920307159424,0,0.50161290168762207,0.15397369861602783,0.024324439253054546,nan,0.017348305234267416,0.0047280436060047164,-0.024543749168515205,-0.07421875,34,0,1,YES,9.9730430000000148,0.026956999999985243
218,2.670818482,SIGN_RETURN_HOLD,J2A,0,1,0.34763920307159424,0,0.50161290168762207,0.15397369861602783,0.024324439253054546,nan,0.034662936882983164,-0.0015785111662699777,0,-0.07421875,34,0,1,YES,10.070423000000162,0.070423000000161551
219,2.680645545,SIGN_RETURN_HOLD,J2A,0,1,0.34763920307159424,0,0.50161290168762207,0.15397369861602783,0.024324439253054546,nan,0,-3.9046170002254155e-06,0.17180624604225159,-0.0703125,34,0,1,YES,9.8270629999999137,0.17293700000008627
220,2.6906465989999999,SIGN_RETURN_HOLD,J2A,0,1,0.34763920307159424,0,0.5018046498298645,0.15416544675827026,0.024354731219018766,nan,0.034822366513227426,0.0094518962771486716,0.34361249208450317,-0.07421875,34,0,1,YES,10.001053999999954,0.0010539999999537031
221,2.7006709720000002,SIGN_RETURN_HOLD,J2A,0,1,0.34763920307159424,0,0.50161290168762207,0.15397369861602783,0.024324439253054546,nan,0.017365889518126083,0.00945033926092456,0,-0.0703125,34,0,1,YES,10.024373000000253,0.024373000000252887
222,2.710789369,SIGN_RETURN_HOLD,J2A,0,1,0.34763920307159424,0,0.50161290168762207,0.15397369861602783,0.024324439253054546,nan,-0.00011739071942665913,0.0094510592922544007,0,-0.0703125,34,0,1,YES,10.118396999999835,0.11839699999983466
223,2.7207603549999999,SIGN_RETURN_HOLD,J2A,0,1,0.34763920307159424,0,0.50142115354537964,0.1537819504737854,0.024294147287090322,nan,-0.051878163917941401,0.0015576348979744064,-0.41724374890327454,-0.07421875,34,0,1,YES,9.970985999999904,0.029014000000096019
224,2.7306481460000001,SIGN_RETURN_HOLD,J2A,0,1,0.34763920307159424,0,0.50161290168762207,0.15397369861602783,0.024324439253054546,nan,-0.052168065084036805,0.0031375690435361393,-0.049087498337030411,-0.07421875,34,0,1,YES,9.8877910000001457,0.11220899999985434
225,2.7406476510000002,SIGN_RETURN_HOLD,J2A,0,1,0.34763920307159424,0,0.50161290168762207,0.15397369861602783,0.024324439253054546,nan,-9.9398888175509281e-05,-0.004760709820647701,0,-0.08203125,34,0,1,YES,9.9995050000001307,0.00049499999986934995
226,2.7508080580000001,SIGN_RETURN_HOLD,J2A,0,1,0.34763920307159424,0,0.50142115354537964,0.1537819504737854,0.024294147287090322,nan,-0.017567739347968864,-0.012662427833334926,-0.39269998669624329,-0.08203125,34,0,1,YES,10.160406999999871,0.1604069999998714
227,2.7606465600000001,SIGN_RETURN_HOLD,J2A,0,1,0.34763920307159424,0,0.50161290168762207,0.15397369861602783,0.024324439253054546,nan,0.017093931662791193,-0.011086900825414556,-0.073631249368190765,-0.07421875,34,0,1,YES,9.8385020000000267,0.16149799999997327
228,2.7707813469999998,SIGN_RETURN_HOLD,J2A,0,1,0.34763920307159424,0,0.50161290168762207,0.15397369861602783,0.024324439253054546,nan,-0.000175584103428995,-0.0094975450861043802,-0.14726249873638153,-0.07421875,34,0,1,YES,10.134786999999701,0.1347869999997009
229,2.7807455430000001,SIGN_RETURN_HOLD,J2A,0,1,0.34763920307159424,0,0.50161290168762207,0.15397369861602783,0.024324439253054546,nan,0.017154909269474449,-0.0079099653065428793,-0.14726249873638153,-0.08203125,34,0,1,YES,9.9641960000003138,0.035803999999686198
230,2.790864961,SIGN_RETURN_HOLD,J2A,0,1,0.34763920307159424,0,0.50161290168762207,0.15397369861602783,0.024324439253054546,nan,0.034497033375817859,-0.006326865884857133,-0.12271875143051147,-0.07421875,34,0,1,YES,10.119417999999936,0.11941799999993563
231,2.8007593530000001,SIGN_RETURN_HOLD,J2A,0,1,0.34763920307159424,0,0.5018046498298645,0.15416544675827026,0.024354731219018766,nan,0.034497509785529443,0.012589252982000802,0.024543749168515205,-0.07421875,34,0,1,YES,9.8943920000000851,0.10560799999991488
232,2.8106463310000001,SIGN_RETURN_HOLD,J2A,0,1,0.34763920307159424,0,0.5018046498298645,0.15416544675827026,0.024354731219018766,nan,0.052137249896619088,0.02205965874046744,0.26998123526573181,-0.08203125,34,0,1,YES,9.8869779999999352,0.11302200000006479
233,2.8207556239999998,SIGN_RETURN_HOLD,J2A,0,1,0.34763920307159424,0,0.50161290168762207,0.15397369861602783,0.024324439253054546,nan,0.017245218704182493,0.022042968046916817,-0.049087498337030411,-0.07421875,34,0,1,YES,10.109292999999742,0.10929299999974162
234,2.8306477120000002,SIGN_RETURN_HOLD,J2A,0,1,0.34763920307159424,0,0.50161290168762207,0.15397369861602783,0.024324439253054546,nan,-0.01762078730996389,0.012596918431158264,-0.19634999334812164,-0.07421875,34,0,1,YES,9.8920880000004097,0.10791199999959034
235,2.8407916320000002,SIGN_RETURN_HOLD,J2A,0,1,0.34763920307159424,0,0.50161290168762207,0.15397369861602783,0.024324439253054546,nan,-0.052058443646011483,0.011019868471646254,0,-0.08203125,34,0,1,YES,10.143919999999973,0.14391999999997296
236,2.8506476269999999,SIGN_RETURN_HOLD,J2A,0,1,0.34763920307159424,0,0.50161290168762207,0.15397369861602783,0.024324439253054546,nan,-0.034773805352662647,0.0094591767717707078,0.024543749168515205,-0.0703125,34,0,1,YES,9.8559949999996732,0.14400500000032679
237,2.8606473810000002,SIGN_RETURN_HOLD,J2A,0,1,0.34763920307159424,0,0.50161290168762207,0.15397369861602783,0.024324439253054546,nan,0,-0.001586024867005033,0,-0.07421875,34,0,1,YES,9.9997540000003049,0.00024599999969510122
238,2.870790425,SIGN_RETURN_HOLD,J2A,0,1,0.34763920307159424,0,0.50161290168762207,0.15397369861602783,0.024324439253054546,nan,0,-0.0047514429446933884,-0.073631249368190765,-0.0859375,34,0,1,YES,10.143043999999879,0.14304399999987893
239,2.8806469200000002,SIGN_RETURN_HOLD,J2A,0,1,0.34763920307159424,0,0.50161290168762207,0.15397369861602783,0.024324439253054546,nan,0,-0.0079108013519832137,0,-0.07421875,34,0,1,YES,9.8564950000001872,0.14350499999981281
240,2.8908706450000001,SIGN_RETURN_HOLD,J2A,0,1,0.34763920307159424,0,0.50161290168762207,0.15397369861602783,0.024324439253054546,nan,0,-0.011058468822617776,-0.098174996674060822,-0.07421875,34,0,1,YES,10.223724999999906,0.2237249999999058
241,2.9006449719999998,SIGN_RETURN_HOLD,J2A,0,1,0.34763920307159424,0,0.5018046498298645,0.15416544675827026,0.024354731219018766,nan,0.034528112808624112,-0.0063238071662336985,0.26998123526573181,-0.08203125,34,0,1,YES,9.774326999999694,0.22567300000030599
242,2.9107920269999998,SIGN_RETURN_HOLD,J2A,0,1,0.34763920307159424,0,0.50161290168762207,0.15397369861602783,0.024324439253054546,nan,0.017174359018091754,-0.0015978133902626139,0,-0.08203125,34,0,1,YES,10.147055000000016,0.14705500000001592
243,2.920743087,SIGN_RETURN_HOLD,J2A,0,1,0.34763920307159424,0,0.50142115354537964,0.1537819504737854,0.024294147287090322,nan,-0.034801869751468206,-0.0031681050831559288,-0.41724374890327454,-0.07421875,34,0,1,YES,9.9510600000001226,0.048939999999877415
244,2.9306471630000002,SIGN_RETURN_HOLD,J2A,0,1,0.34763920307159424,0,0.50161290168762207,0.15397369861602783,0.024324439253054546,nan,-0.035126083752262539,-0.0031693041713458368,0.073631249368190765,-0.07421875,34,0,1,YES,9.9040760000002059,0.095923999999794063
245,2.940765871,SIGN_RETURN_HOLD,J2A,0,1,0.34763920307159424,0,0.50161290168762207,0.15397369861602783,0.024324439253054546,nan,-0.034814178311586529,-0.0031701920620620266,0,-0.0703125,34,0,1,YES,10.11870799999981,0.11870799999980974
246,2.9507696989999999,SIGN_RETURN_HOLD,J2A,0,1,0.34763920307159424,0,0.50161290168762207,0.15397369861602783,0.024324439253054546,nan,0.017364228435438722,-0.0031666785656190382,-0.073631249368190765,-0.08203125,34,0,1,YES,10.003827999999881,0.0038279999998813707
247,2.960859938,SIGN_RETURN_HOLD,J2A,0,1,0.34763920307159424,0,0.50161290168762207,0.15397369861602783,0.024324439253054546,nan,0.03448991771331384,-0.0031654138350167265,-0.098174996674060822,-0.07421875,34,0,1,YES,10.090239000000167,0.09023900000016738
248,2.9707910119999998,SIGN_RETURN_HOLD,J2A,0,1,0.34763920307159424,0,0.50142115354537964,0.1537819504737854,0.024294147287090322,nan,-0.034490013502246765,-0.011052552617676993,-0.36815625429153442,-0.08203125,34,0,1,YES,9.9310739999998177,0.068926000000182341
249,2.9807471379999999,SIGN_RETURN_HOLD,J2A,0,1,0.34763920307159424,0,0.50142115354537964,0.1537819504737854,0.024294147287090322,nan,-0.052023171999582923,-0.017351187856780893,-0.36815625429153442,-0.07421875,34,0,1,YES,9.9561260000000651,0.04387399999993491
250,2.9907902150000001,SIGN_RETURN_HOLD,J2A,0,1,0.34763920307159424,0,0.50161290168762207,0.15397369861602783,0.024324439253054546,nan,-0.017302539805324257,-0.014207592719925452,-0.073631249368190765,-0.08203125,34,0,1,YES,10.043077000000178,0.04307700000017789
251,3.000761791,SIGN_RETURN_HOLD,J2A,0,1,0.34763920307159424,0,0.50161290168762207,0.15397369861602783,0.024324439253054546,nan,0.017497558776029012,-0.01104490013904706,-0.073631249368190765,-0.07421875,34,0,1,YES,9.971575999999871,0.028424000000129013
252,3.0108399760000002,SIGN_RETURN_HOLD,J2A,0,1,0.34763920307159424,0,0.50161290168762207,0.15397369861602783,0.024324439253054546,nan,0.05200952737140966,0.0015818927286630909,0.024543749168515205,-0.07421875,34,0,1,YES,10.078185000000239,0.078185000000239313
253,3.020753037,SIGN_RETURN_HOLD,J2A,0,1,0.34763920307159424,0,0.50161290168762207,0.15397369861602783,0.024324439253054546,nan,0.034723395833384282,0.0063073021641078678,-0.098174996674060822,-0.07421875,34,0,1,YES,9.9130609999997787,0.086939000000221256
254,3.0307451259999998,SIGN_RETURN_HOLD,J2A,0,1,0.34763920307159424,0,0.50161290168762207,0.15397369861602783,0.024324439253054546,nan,0,0.0015768385639969914,-0.073631249368190765,-0.0703125,34,0,1,YES,9.9920889999998153,0.0079110000001847425
255,3.0408471779999999,SIGN_RETURN_HOLD,J2A,0,1,0.34763920307159424,0,0.50161290168762207,0.15397369861602783,0.024324439253054546,nan,0,0.0047386468173561029,-0.049087498337030411,-0.08203125,34,0,1,YES,10.102052000000139,0.10205200000013903
256,3.0508528020000001,SIGN_RETURN_HOLD,J2A,0,1,0.34763920307159424,0,0.50142115354537964,0.1537819504737854,0.024294147287090322,nan,-0.034706894117248623,-3.8329459220539434e-07,-0.41724374890327454,-0.07421875,34,0,1,YES,10.005624000000157,0.005624000000157281
257,3.0607477639999998,SIGN_RETURN_HOLD,J2A,0,1,0.34763920307159424,0,0.50161290168762207,0.15397369861602783,0.024324439253054546,nan,-0.017432358251994625,0.0047330908372168381,-0.14726249873638153,-0.08203125,34,0,1,YES,9.8949619999997296,0.10503800000027042
258,3.0708434410000001,SIGN_RETURN_HOLD,J2A,0,1,0.34763920307159424,0,0.50142115354537964,0.1537819504737854,0.024294147287090322,nan,-0.034785801733911201,0.0015662659138070618,-0.36815625429153442,-0.07421875,34,0,1,YES,10.095677000000247,0.095677000000247148
259,3.0807569570000002,SIGN_RETURN_HOLD,J2A,0,1,0.34763920307159424,0,0.5018046498298645,0.15416544675827026,0.024354731219018766,nan,0.034618032777386537,0.0062904586374104487,0.12271875143051147,-0.07421875,34,0,1,YES,9.9135160000001221,0.086483999999877881
260,3.0824579490000001,FINAL_BRAKE,J2A,0,0,0,0,0.50161290168762207,0.15397369861602783,0.024324439253054546,nan,0.034618032777386537,0.0062904586374104487,-0.098174996674060822,-0.0703125,34,0,1,YES,nan,nan
260,3.0934577330000002,FINAL_BRAKE,J2A,0,0,0,0,0.50353038311004639,0.15589118003845215,0.024627358912696764,nan,0.034618032777386537,0.0062904586374104487,0,0,34,0,1,YES,nan,nan
260,3.1044736589999999,FINAL_BRAKE,J2A,0,0,0,0,0.50391387939453125,0.15627467632293701,0.024687942844625207,nan,0.034618032777386537,0.0062904586374104487,-0.34361249208450317,0,34,0,1,YES,nan,nan
260,3.1155263620000002,FINAL_BRAKE,J2A,0,0,0,0,0.50410562753677368,0.15646642446517944,0.024718234810589431,nan,0.034618032777386537,0.0062904586374104487,-0.22089375555515289,0,34,0,1,YES,nan,nan
260,3.1264482619999998,FINAL_BRAKE,J2A,0,0,0,0,0.50410562753677368,0.15646642446517944,0.024718234810589431,nan,0.034618032777386537,0.0062904586374104487,-0.24543750286102295,0,34,0,1,YES,nan,nan
