sequence,event_monotonic_s,event_kind,sdk_timestamp,dir,channel,can_id_hex,can_id_dec,dlc,data_length,extended,canfd,rtr,brs,ack,esi,payload_hex,classification,tx_label,state,state_name,position_rad,velocity_rad_s,torque_protocol,mos_temperature_c,coil_temperature_c
0,1811347.344465936,TX_REQUEST,0,1,0,0x7FF,2047,8,8,0,0,0,0,0,0,0100330700000000,UNKNOWN,READ_RID_7,,,,,,,
1,1811347.443504555,RX_CALLBACK,22403272197264,0,0,0x0,0,8,8,0,0,0,0,0,0,0100330700000000,PARAM_RESPONSE,,,,,,,,
2,1811347.443565073,SENT_CALLBACK,22205735524248,1,0,0x7FF,2047,8,8,0,0,0,0,1,0,0100330700000000,UNKNOWN,,,,,,,,
3,1811347.444212097,TX_REQUEST,0,1,0,0x7FF,2047,8,8,0,0,0,0,0,0,0100330800000000,UNKNOWN,READ_RID_8,,,,,,,
4,1811347.543904900,RX_CALLBACK,22403368378512,0,0,0x0,0,8,8,0,0,0,0,0,0,0100330801000000,PARAM_RESPONSE,,,,,,,,
5,1811347.543948113,SENT_CALLBACK,22403272076544,1,0,0x7FF,2047,8,8,0,0,0,0,1,0,0100330800000000,UNKNOWN,,,,,,,,
6,1811347.544355519,TX_REQUEST,0,1,0,0x7FF,2047,8,8,0,0,0,0,0,0,0100330A00000000,UNKNOWN,READ_RID_10,,,,,,,
7,1811347.644238665,RX_CALLBACK,22403464911096,0,0,0x0,0,8,8,0,0,0,0,0,0,0100330A01000000,PARAM_RESPONSE,,,,,,,,
8,1811347.644282775,SENT_CALLBACK,22403368257792,1,0,0x7FF,2047,8,8,0,0,0,0,1,0,0100330A00000000,UNKNOWN,,,,,,,,
9,1811347.644855816,TX_REQUEST,0,1,0,0x7FF,2047,8,8,0,0,0,0,0,0,0100331500000000,UNKNOWN,READ_RID_21,,,,,,,
10,1811347.744423890,RX_CALLBACK,22406856796920,0,0,0x0,0,8,8,0,0,0,0,0,0,0100331500004841,PARAM_RESPONSE,,,,,,,,
11,1811347.744470486,SENT_CALLBACK,22403464790400,1,0,0x7FF,2047,8,8,0,0,0,0,1,0,0100331500000000,UNKNOWN,,,,,,,,
12,1811347.744643268,TX_REQUEST,0,1,0,0x7FF,2047,8,8,0,0,0,0,0,0,0100CC0000000000,UNKNOWN,SESSION_000,,,,,,,
13,1811347.754969386,TX_REQUEST,0,1,0,0x7FF,2047,8,8,0,0,0,0,0,0,0100CC0000000000,UNKNOWN,SESSION_001,,,,,,,
14,1811347.764798333,TX_REQUEST,0,1,0,0x7FF,2047,8,8,0,0,0,0,0,0,0100CC0000000000,UNKNOWN,SESSION_002,,,,,,,
15,1811347.774699473,TX_REQUEST,0,1,0,0x7FF,2047,8,8,0,0,0,0,0,0,0100CC0000000000,UNKNOWN,SESSION_003,,,,,,,
16,1811347.784728643,TX_REQUEST,0,1,0,0x7FF,2047,8,8,0,0,0,0,0,0,0100CC0000000000,UNKNOWN,SESSION_004,,,,,,,
17,1811347.794745198,TX_REQUEST,0,1,0,0x7FF,2047,8,8,0,0,0,0,0,0,0100CC0000000000,UNKNOWN,SESSION_005,,,,,,,
18,1811347.804735496,TX_REQUEST,0,1,0,0x7FF,2047,8,8,0,0,0,0,0,0,0100CC0000000000,UNKNOWN,SESSION_006,,,,,,,
19,1811347.814737059,TX_REQUEST,0,1,0,0x7FF,2047,8,8,0,0,0,0,0,0,0100CC0000000000,UNKNOWN,SESSION_007,,,,,,,
20,1811347.824742852,TX_REQUEST,0,1,0,0x7FF,2047,8,8,0,0,0,0,0,0,0100CC0000000000,UNKNOWN,SESSION_008,,,,,,,
21,1811347.834734051,TX_REQUEST,0,1,0,0x7FF,2047,8,8,0,0,0,0,0,0,0100CC0000000000,UNKNOWN,SESSION_009,,,,,,,
22,1811347.844583497,RX_CALLBACK,22406953001184,0,0,0x0,0,8,8,0,0,0,0,0,0,018B147FE7FE2926,NORMAL_FEEDBACK,,0,DISABLED,1.08205539024948,-0.0329670329670364,-0.0073260073260073,41,38
23,1811347.844627847,SENT_CALLBACK,22406856678120,1,0,0x7FF,2047,8,8,0,0,0,0,1,0,0100CC0000000000,UNKNOWN,,,,,,,,
24,1811347.844645006,RX_CALLBACK,22406962961880,0,0,0x0,0,8,8,0,0,0,0,0,0,018B158007FE2926,NORMAL_FEEDBACK,,0,DISABLED,1.0824368657969,0.0109890109890074,-0.0073260073260073,41,38
25,1811347.844660427,SENT_CALLBACK,22406952885288,1,0,0x7FF,2047,8,8,0,0,0,0,1,0,0100CC0000000000,UNKNOWN,,,,,,,,
26,1811347.844675224,RX_CALLBACK,22406972448336,0,0,0x0,0,8,8,0,0,0,0,0,0,018B157FF7FE2926,NORMAL_FEEDBACK,,0,DISABLED,1.0824368657969,-0.0109890109890074,-0.0073260073260073,41,38
27,1811347.844689051,SENT_CALLBACK,22406962846032,1,0,0x7FF,2047,8,8,0,0,0,0,1,0,0100CC0000000000,UNKNOWN,,,,,,,,
28,1811347.844708865,RX_CALLBACK,22406981991456,0,0,0x0,0,8,8,0,0,0,0,0,0,018B168007FF2926,NORMAL_FEEDBACK,,0,DISABLED,1.08281834134432,0.0109890109890074,-0.00244200244200243,41,38
29,1811347.844727015,SENT_CALLBACK,22406972332488,1,0,0x7FF,2047,8,8,0,0,0,0,1,0,0100CC0000000000,UNKNOWN,,,,,,,,
30,1811347.844742458,RX_CALLBACK,22406991653616,0,0,0x0,0,8,8,0,0,0,0,0,0,018B167FF7FF2926,NORMAL_FEEDBACK,,0,DISABLED,1.08281834134432,-0.0109890109890074,-0.00244200244200243,41,38
31,1811347.844756649,SENT_CALLBACK,22406981875584,1,0,0x7FF,2047,8,8,0,0,0,0,1,0,0100CC0000000000,UNKNOWN,,,,,,,,
32,1811347.844770647,RX_CALLBACK,22407001310016,0,0,0x0,0,8,8,0,0,0,0,0,0,018B167FE7FF2926,NORMAL_FEEDBACK,,0,DISABLED,1.08281834134432,-0.0329670329670364,-0.00244200244200243,41,38
33,1811347.844785195,SENT_CALLBACK,22406991537744,1,0,0x7FF,2047,8,8,0,0,0,0,1,0,0100CC0000000000,UNKNOWN,,,,,,,,
34,1811347.844799408,RX_CALLBACK,22407010955856,0,0,0x0,0,8,8,0,0,0,0,0,0,018B157FF7FF2926,NORMAL_FEEDBACK,,0,DISABLED,1.0824368657969,-0.0109890109890074,-0.00244200244200243,41,38
35,1811347.844813219,SENT_CALLBACK,22407001193184,1,0,0x7FF,2047,8,8,0,0,0,0,1,0,0100CC0000000000,UNKNOWN,,,,,,,,
36,1811347.844830608,RX_CALLBACK,22407020598816,0,0,0x0,0,8,8,0,0,0,0,0,0,018B167FF7FF2926,NORMAL_FEEDBACK,,0,DISABLED,1.08281834134432,-0.0109890109890074,-0.00244200244200243,41,38
37,1811347.844844377,SENT_CALLBACK,22407010839024,1,0,0x7FF,2047,8,8,0,0,0,0,1,0,0100CC0000000000,UNKNOWN,,,,,,,,
38,1811347.844858498,RX_CALLBACK,22407030264816,0,0,0x0,0,8,8,0,0,0,0,0,0,018B158007FF2926,NORMAL_FEEDBACK,,0,DISABLED,1.0824368657969,0.0109890109890074,-0.00244200244200243,41,38
39,1811347.844872187,SENT_CALLBACK,22407020482944,1,0,0x7FF,2047,8,8,0,0,0,0,1,0,0100CC0000000000,UNKNOWN,,,,,,,,
40,1811347.844886335,RX_CALLBACK,22407039881880,0,0,0x0,0,8,8,0,0,0,0,0,0,018B157FF7FF2926,NORMAL_FEEDBACK,,0,DISABLED,1.0824368657969,-0.0109890109890074,-0.00244200244200243,41,38
41,1811347.844900907,SENT_CALLBACK,22407030148944,1,0,0x7FF,2047,8,8,0,0,0,0,1,0,0100CC0000000000,UNKNOWN,,,,,,,,
42,1811347.844968013,TX_REQUEST,0,1,0,0x7FF,2047,8,8,0,0,0,0,0,0,0100CC0000000000,UNKNOWN,SESSION_010,,,,,,,
43,1811347.854780014,TX_REQUEST,0,1,0,0x7FF,2047,8,8,0,0,0,0,0,0,0100CC0000000000,UNKNOWN,SESSION_011,,,,,,,
44,1811347.864830287,TX_REQUEST,0,1,0,0x7FF,2047,8,8,0,0,0,0,0,0,0100CC0000000000,UNKNOWN,SESSION_012,,,,,,,
45,1811347.874738228,TX_REQUEST,0,1,0,0x7FF,2047,8,8,0,0,0,0,0,0,0100CC0000000000,UNKNOWN,SESSION_013,,,,,,,
46,1811347.884710912,TX_REQUEST,0,1,0,0x7FF,2047,8,8,0,0,0,0,0,0,0100CC0000000000,UNKNOWN,SESSION_014,,,,,,,
47,1811347.894740905,TX_REQUEST,0,1,0,0x7FF,2047,8,8,0,0,0,0,0,0,0100CC0000000000,UNKNOWN,SESSION_015,,,,,,,
48,1811347.904723781,TX_REQUEST,0,1,0,0x7FF,2047,8,8,0,0,0,0,0,0,0100CC0000000000,UNKNOWN,SESSION_016,,,,,,,
49,1811347.914714132,TX_REQUEST,0,1,0,0x7FF,2047,8,8,0,0,0,0,0,0,0100CC0000000000,UNKNOWN,SESSION_017,,,,,,,
50,1811347.924712981,TX_REQUEST,0,1,0,0x7FF,2047,8,8,0,0,0,0,0,0,0100CC0000000000,UNKNOWN,SESSION_018,,,,,,,
51,1811347.934712324,TX_REQUEST,0,1,0,0x7FF,2047,8,8,0,0,0,0,0,0,0100CC0000000000,UNKNOWN,SESSION_019,,,,,,,
52,1811347.944776101,TX_REQUEST,0,1,0,0x7FF,2047,8,8,0,0,0,0,0,0,0100CC0000000000,UNKNOWN,SESSION_020,,,,,,,
53,1811347.945070991,RX_CALLBACK,22407049745616,0,0,0x0,0,8,8,0,0,0,0,0,0,018B167FE7FE2926,NORMAL_FEEDBACK,,0,DISABLED,1.08281834134432,-0.0329670329670364,-0.0073260073260073,41,38
54,1811347.945104888,SENT_CALLBACK,22407039765024,1,0,0x7FF,2047,8,8,0,0,0,0,1,0,0100CC0000000000,UNKNOWN,,,,,,,,
55,1811347.945123955,RX_CALLBACK,22407059232072,0,0,0x0,0,8,8,0,0,0,0,0,0,018B158007FE2926,NORMAL_FEEDBACK,,0,DISABLED,1.0824368657969,0.0109890109890074,-0.0073260073260073,41,38
56,1811347.945141302,SENT_CALLBACK,22407049629768,1,0,0x7FF,2047,8,8,0,0,0,0,1,0,0100CC0000000000,UNKNOWN,,,,,,,,
57,1811347.945157142,RX_CALLBACK,22407068878896,0,0,0x0,0,8,8,0,0,0,0,0,0,018B158007FF2926,NORMAL_FEEDBACK,,0,DISABLED,1.0824368657969,0.0109890109890074,-0.00244200244200243,41,38
58,1811347.945173953,SENT_CALLBACK,22407059116224,1,0,0x7FF,2047,8,8,0,0,0,0,1,0,0100CC0000000000,UNKNOWN,,,,,,,,
59,1811347.945189060,RX_CALLBACK,22407078452712,0,0,0x0,0,8,8,0,0,0,0,0,0,018B157FE7FF2926,NORMAL_FEEDBACK,,0,DISABLED,1.0824368657969,-0.0329670329670364,-0.00244200244200243,41,38
60,1811347.945203621,SENT_CALLBACK,22407068763000,1,0,0x7FF,2047,8,8,0,0,0,0,1,0,0100CC0000000000,UNKNOWN,,,,,,,,
61,1811347.945218302,RX_CALLBACK,22407088073568,0,0,0x0,0,8,8,0,0,0,0,0,0,018B168007FF2926,NORMAL_FEEDBACK,,0,DISABLED,1.08281834134432,0.0109890109890074,-0.00244200244200243,41,38
62,1811347.945232675,SENT_CALLBACK,22407078336864,1,0,0x7FF,2047,8,8,0,0,0,0,1,0,0100CC0000000000,UNKNOWN,,,,,,,,
63,1811347.945247372,RX_CALLBACK,22407097731888,0,0,0x0,0,8,8,0,0,0,0,0,0,018B167FF7FF2926,NORMAL_FEEDBACK,,0,DISABLED,1.08281834134432,-0.0109890109890074,-0.00244200244200243,41,38
64,1811347.945262040,SENT_CALLBACK,22407087957720,1,0,0x7FF,2047,8,8,0,0,0,0,1,0,0100CC0000000000,UNKNOWN,,,,,,,,
65,1811347.945279437,RX_CALLBACK,22407107347968,0,0,0x0,0,8,8,0,0,0,0,0,0,018B158007FF2926,NORMAL_FEEDBACK,,0,DISABLED,1.0824368657969,0.0109890109890074,-0.00244200244200243,41,38
66,1811347.945305206,SENT_CALLBACK,22407097610256,1,0,0x7FF,2047,8,8,0,0,0,0,1,0,0100CC0000000000,UNKNOWN,,,,,,,,
67,1811347.945321343,RX_CALLBACK,22407116989992,0,0,0x0,0,8,8,0,0,0,0,0,0,018B167FF7FF2926,NORMAL_FEEDBACK,,0,DISABLED,1.08281834134432,-0.0109890109890074,-0.00244200244200243,41,38
68,1811347.945341052,SENT_CALLBACK,22407107232096,1,0,0x7FF,2047,8,8,0,0,0,0,1,0,0100CC0000000000,UNKNOWN,,,,,,,,
69,1811347.945356362,RX_CALLBACK,22407126625248,0,0,0x0,0,8,8,0,0,0,0,0,0,018B167FF7FE2926,NORMAL_FEEDBACK,,0,DISABLED,1.08281834134432,-0.0109890109890074,-0.0073260073260073,41,38
70,1811347.945371484,SENT_CALLBACK,22407116874096,1,0,0x7FF,2047,8,8,0,0,0,0,1,0,0100CC0000000000,UNKNOWN,,,,,,,,
71,1811347.945386745,RX_CALLBACK,22407136266288,0,0,0x0,0,8,8,0,0,0,0,0,0,018B157FD7FF2926,NORMAL_FEEDBACK,,0,DISABLED,1.0824368657969,-0.0549450549450512,-0.00244200244200243,41,38
72,1811347.945401459,SENT_CALLBACK,22407126509400,1,0,0x7FF,2047,8,8,0,0,0,0,1,0,0100CC0000000000,UNKNOWN,,,,,,,,
73,1811347.945417063,RX_CALLBACK,22407146008104,0,0,0x0,0,8,8,0,0,0,0,0,0,018B157FF7FF2926,NORMAL_FEEDBACK,,0,DISABLED,1.0824368657969,-0.0109890109890074,-0.00244200244200243,41,38
74,1811347.945432742,SENT_CALLBACK,22407136151376,1,0,0x7FF,2047,8,8,0,0,0,0,1,0,0100CC0000000000,UNKNOWN,,,,,,,,
75,1811347.954697334,TX_REQUEST,0,1,0,0x7FF,2047,8,8,0,0,0,0,0,0,0100CC0000000000,UNKNOWN,SESSION_021,,,,,,,
76,1811347.964830740,TX_REQUEST,0,1,0,0x7FF,2047,8,8,0,0,0,0,0,0,0100CC0000000000,UNKNOWN,SESSION_022,,,,,,,
77,1811347.974836215,TX_REQUEST,0,1,0,0x7FF,2047,8,8,0,0,0,0,0,0,0100CC0000000000,UNKNOWN,SESSION_023,,,,,,,
78,1811347.984858438,TX_REQUEST,0,1,0,0x7FF,2047,8,8,0,0,0,0,0,0,0100CC0000000000,UNKNOWN,SESSION_024,,,,,,,
79,1811347.994830250,TX_REQUEST,0,1,0,0x7FF,2047,8,8,0,0,0,0,0,0,0100CC0000000000,UNKNOWN,SESSION_025,,,,,,,
80,1811348.004716531,TX_REQUEST,0,1,0,0x7FF,2047,8,8,0,0,0,0,0,0,0100CC0000000000,UNKNOWN,SESSION_026,,,,,,,
81,1811348.014829899,TX_REQUEST,0,1,0,0x7FF,2047,8,8,0,0,0,0,0,0,0100CC0000000000,UNKNOWN,SESSION_027,,,,,,,
82,1811348.024749176,TX_REQUEST,0,1,0,0x7FF,2047,8,8,0,0,0,0,0,0,0100CC0000000000,UNKNOWN,SESSION_028,,,,,,,
83,1811348.034839975,TX_REQUEST,0,1,0,0x7FF,2047,8,8,0,0,0,0,0,0,0100CC0000000000,UNKNOWN,SESSION_029,,,,,,,
84,1811348.044839246,TX_REQUEST,0,1,0,0x7FF,2047,8,8,0,0,0,0,0,0,0100CC0000000000,UNKNOWN,SESSION_030,,,,,,,
85,1811348.045532258,RX_CALLBACK,22407155532984,0,0,0x0,0,8,8,0,0,0,0,0,0,018B157FE7FF2926,NORMAL_FEEDBACK,,0,DISABLED,1.0824368657969,-0.0329670329670364,-0.00244200244200243,41,38
86,1811348.045574649,SENT_CALLBACK,22407145891296,1,0,0x7FF,2047,8,8,0,0,0,0,1,0,0100CC0000000000,UNKNOWN,,,,,,,,
87,1811348.045593126,RX_CALLBACK,22407165321792,0,0,0x0,0,8,8,0,0,0,0,0,0,018B168007FF2926,NORMAL_FEEDBACK,,0,DISABLED,1.08281834134432,0.0109890109890074,-0.00244200244200243,41,38
88,1811348.045607361,SENT_CALLBACK,22407155410392,1,0,0x7FF,2047,8,8,0,0,0,0,1,0,0100CC0000000000,UNKNOWN,,,,,,,,
89,1811348.045620754,RX_CALLBACK,22407174958944,0,0,0x0,0,8,8,0,0,0,0,0,0,018B157FF7FF2926,NORMAL_FEEDBACK,,0,DISABLED,1.0824368657969,-0.0109890109890074,-0.00244200244200243,41,38
90,1811348.045633686,SENT_CALLBACK,22407165205992,1,0,0x7FF,2047,8,8,0,0,0,0,1,0,0100CC0000000000,UNKNOWN,,,,,,,,
91,1811348.045646749,RX_CALLBACK,22407184623960,0,0,0x0,0,8,8,0,0,0,0,0,0,018B147FE7FF2926,NORMAL_FEEDBACK,,0,DISABLED,1.08205539024948,-0.0329670329670364,-0.00244200244200243,41,38
92,1811348.045659665,SENT_CALLBACK,22407174841200,1,0,0x7FF,2047,8,8,0,0,0,0,1,0,0100CC0000000000,UNKNOWN,,,,,,,,
93,1811348.045673640,RX_CALLBACK,22407194243856,0,0,0x0,0,8,8,0,0,0,0,0,0,018B157FF7FE2926,NORMAL_FEEDBACK,,0,DISABLED,1.0824368657969,-0.0109890109890074,-0.0073260073260073,41,38
94,1811348.045686541,SENT_CALLBACK,22407184507152,1,0,0x7FF,2047,8,8,0,0,0,0,1,0,0100CC0000000000,UNKNOWN,,,,,,,,
95,1811348.045699389,RX_CALLBACK,22407203751456,0,0,0x0,0,8,8,0,0,0,0,0,0,018B167FE7FE2926,NORMAL_FEEDBACK,,0,DISABLED,1.08281834134432,-0.0329670329670364,-0.0073260073260073,41,38
96,1811348.045712110,SENT_CALLBACK,22407194128008,1,0,0x7FF,2047,8,8,0,0,0,0,1,0,0100CC0000000000,UNKNOWN,,,,,,,,
97,1811348.045725973,RX_CALLBACK,22407213494232,0,0,0x0,0,8,8,0,0,0,0,0,0,018B167FF7FF2926,NORMAL_FEEDBACK,,0,DISABLED,1.08281834134432,-0.0109890109890074,-0.00244200244200243,41,38
98,1811348.045742543,SENT_CALLBACK,22407203635584,1,0,0x7FF,2047,8,8,0,0,0,0,1,0,0100CC0000000000,UNKNOWN,,,,,,,,
99,1811348.045757441,RX_CALLBACK,22407223093944,0,0,0x0,0,8,8,0,0,0,0,0,0,018B167FF7FF2926,NORMAL_FEEDBACK,,0,DISABLED,1.08281834134432,-0.0109890109890074,-0.00244200244200243,41,38
100,1811348.045770441,SENT_CALLBACK,22407213378384,1,0,0x7FF,2047,8,8,0,0,0,0,1,0,0100CC0000000000,UNKNOWN,,,,,,,,
101,1811348.045783650,RX_CALLBACK,22407232826136,0,0,0x0,0,8,8,0,0,0,0,0,0,018B168007FF2926,NORMAL_FEEDBACK,,0,DISABLED,1.08281834134432,0.0109890109890074,-0.00244200244200243,41,38
102,1811348.045796260,SENT_CALLBACK,22407222978120,1,0,0x7FF,2047,8,8,0,0,0,0,1,0,0100CC0000000000,UNKNOWN,,,,,,,,
103,1811348.045808846,RX_CALLBACK,22407242440224,0,0,0x0,0,8,8,0,0,0,0,0,0,018B157FF7FF2926,NORMAL_FEEDBACK,,0,DISABLED,1.0824368657969,-0.0109890109890074,-0.00244200244200243,41,38
104,1811348.045823282,SENT_CALLBACK,22407232710312,1,0,0x7FF,2047,8,8,0,0,0,0,1,0,0100CC0000000000,UNKNOWN,,,,,,,,
105,1811348.054845513,TX_REQUEST,0,1,0,0x7FF,2047,8,8,0,0,0,0,0,0,0100CC0000000000,UNKNOWN,SESSION_031,,,,,,,
106,1811348.064747693,TX_REQUEST,0,1,0,0x7FF,2047,8,8,0,0,0,0,0,0,0100CC0000000000,UNKNOWN,SESSION_032,,,,,,,
107,1811348.074750831,TX_REQUEST,0,1,0,0x7FF,2047,8,8,0,0,0,0,0,0,0100CC0000000000,UNKNOWN,SESSION_033,,,,,,,
108,1811348.084805469,TX_REQUEST,0,1,0,0x7FF,2047,8,8,0,0,0,0,0,0,0100CC0000000000,UNKNOWN,SESSION_034,,,,,,,
109,1811348.094756333,TX_REQUEST,0,1,0,0x7FF,2047,8,8,0,0,0,0,0,0,0100CC0000000000,UNKNOWN,SESSION_035,,,,,,,
110,1811348.104757378,TX_REQUEST,0,1,0,0x7FF,2047,8,8,0,0,0,0,0,0,0100CC0000000000,UNKNOWN,SESSION_036,,,,,,,
111,1811348.114839826,TX_REQUEST,0,1,0,0x7FF,2047,8,8,0,0,0,0,0,0,0100CC0000000000,UNKNOWN,SESSION_037,,,,,,,
112,1811348.124745788,TX_REQUEST,0,1,0,0x7FF,2047,8,8,0,0,0,0,0,0,0100CC0000000000,UNKNOWN,SESSION_038,,,,,,,
113,1811348.134817007,TX_REQUEST,0,1,0,0x7FF,2047,8,8,0,0,0,0,0,0,0100CC0000000000,UNKNOWN,SESSION_039,,,,,,,
114,1811348.144764158,TX_REQUEST,0,1,0,0x7FF,2047,8,8,0,0,0,0,0,0,0100CC0000000000,UNKNOWN,SESSION_040,,,,,,,
115,1811348.146016338,RX_CALLBACK,22407252077400,0,0,0x0,0,8,8,0,0,0,0,0,0,018B168007FF2926,NORMAL_FEEDBACK,,0,DISABLED,1.08281834134432,0.0109890109890074,-0.00244200244200243,41,38
116,1811348.146060885,SENT_CALLBACK,22407242323464,1,0,0x7FF,2047,8,8,0,0,0,0,1,0,0100CC0000000000,UNKNOWN,,,,,,,,
117,1811348.146078295,RX_CALLBACK,22407261620520,0,0,0x0,0,8,8,0,0,0,0,0,0,018B157FE7FF2926,NORMAL_FEEDBACK,,0,DISABLED,1.0824368657969,-0.0329670329670364,-0.00244200244200243,41,38
118,1811348.146092699,SENT_CALLBACK,22407251956752,1,0,0x7FF,2047,8,8,0,0,0,0,1,0,0100CC0000000000,UNKNOWN,,,,,,,,
119,1811348.146106027,RX_CALLBACK,22407271291272,0,0,0x0,0,8,8,0,0,0,0,0,0,018B167FF7FE2926,NORMAL_FEEDBACK,,0,DISABLED,1.08281834134432,-0.0109890109890074,-0.0073260073260073,41,38
120,1811348.146119086,SENT_CALLBACK,22407261499848,1,0,0x7FF,2047,8,8,0,0,0,0,1,0,0100CC0000000000,UNKNOWN,,,,,,,,
121,1811348.146132570,RX_CALLBACK,22407280968768,0,0,0x0,0,8,8,0,0,0,0,0,0,018B168007FF2926,NORMAL_FEEDBACK,,0,DISABLED,1.08281834134432,0.0109890109890074,-0.00244200244200243,41,38
122,1811348.146152013,SENT_CALLBACK,22407271175448,1,0,0x7FF,2047,8,8,0,0,0,0,1,0,0100CC0000000000,UNKNOWN,,,,,,,,
123,1811348.146165771,RX_CALLBACK,22407290568504,0,0,0x0,0,8,8,0,0,0,0,0,0,018B157FF7FF2926,NORMAL_FEEDBACK,,0,DISABLED,1.0824368657969,-0.0109890109890074,-0.00244200244200243,41,38
124,1811348.146178195,SENT_CALLBACK,22407280852920,1,0,0x7FF,2047,8,8,0,0,0,0,1,0,0100CC0000000000,UNKNOWN,,,,,,,,
125,1811348.146191240,RX_CALLBACK,22407300209544,0,0,0x0,0,8,8,0,0,0,0,0,0,018B167FF7FF2926,NORMAL_FEEDBACK,,0,DISABLED,1.08281834134432,-0.0109890109890074,-0.00244200244200243,41,38
126,1811348.146203878,SENT_CALLBACK,22407290451696,1,0,0x7FF,2047,8,8,0,0,0,0,1,0,0100CC0000000000,UNKNOWN,,,,,,,,
127,1811348.146217769,RX_CALLBACK,22407309971544,0,0,0x0,0,8,8,0,0,0,0,0,0,018B157FF7FF2926,NORMAL_FEEDBACK,,0,DISABLED,1.0824368657969,-0.0109890109890074,-0.00244200244200243,41,38
128,1811348.146230658,SENT_CALLBACK,22407300093672,1,0,0x7FF,2047,8,8,0,0,0,0,1,0,0100CC0000000000,UNKNOWN,,,,,,,,
129,1811348.146243528,RX_CALLBACK,22407319500240,0,0,0x0,0,8,8,0,0,0,0,0,0,018B168007FE2926,NORMAL_FEEDBACK,,0,DISABLED,1.08281834134432,0.0109890109890074,-0.0073260073260073,41,38
130,1811348.146256062,SENT_CALLBACK,22407309853752,1,0,0x7FF,2047,8,8,0,0,0,0,1,0,0100CC0000000000,UNKNOWN,,,,,,,,
131,1811348.146269722,RX_CALLBACK,22407329180616,0,0,0x0,0,8,8,0,0,0,0,0,0,018B168007FE2926,NORMAL_FEEDBACK,,0,DISABLED,1.08281834134432,0.0109890109890074,-0.0073260073260073,41,38
132,1811348.146282090,SENT_CALLBACK,22407319384392,1,0,0x7FF,2047,8,8,0,0,0,0,1,0,0100CC0000000000,UNKNOWN,,,,,,,,
133,1811348.146294753,RX_CALLBACK,22407338790936,0,0,0x0,0,8,8,0,0,0,0,0,0,018B157FE7FF2926,NORMAL_FEEDBACK,,0,DISABLED,1.0824368657969,-0.0329670329670364,-0.00244200244200243,41,38
134,1811348.146307212,SENT_CALLBACK,22407329064768,1,0,0x7FF,2047,8,8,0,0,0,0,1,0,0100CC0000000000,UNKNOWN,,,,,,,,
135,1811348.154748854,TX_REQUEST,0,1,0,0x7FF,2047,8,8,0,0,0,0,0,0,0100CC0000000000,UNKNOWN,SESSION_041,,,,,,,
136,1811348.164734119,TX_REQUEST,0,1,0,0x7FF,2047,8,8,0,0,0,0,0,0,0100CC0000000000,UNKNOWN,SESSION_042,,,,,,,
137,1811348.174746223,TX_REQUEST,0,1,0,0x7FF,2047,8,8,0,0,0,0,0,0,0100CC0000000000,UNKNOWN,SESSION_043,,,,,,,
138,1811348.184742697,TX_REQUEST,0,1,0,0x7FF,2047,8,8,0,0,0,0,0,0,0100CC0000000000,UNKNOWN,SESSION_044,,,,,,,
139,1811348.194745050,TX_REQUEST,0,1,0,0x7FF,2047,8,8,0,0,0,0,0,0,0100CC0000000000,UNKNOWN,SESSION_045,,,,,,,
140,1811348.204838666,TX_REQUEST,0,1,0,0x7FF,2047,8,8,0,0,0,0,0,0,0100CC0000000000,UNKNOWN,SESSION_046,,,,,,,
141,1811348.214826485,TX_REQUEST,0,1,0,0x7FF,2047,8,8,0,0,0,0,0,0,0100CC0000000000,UNKNOWN,SESSION_047,,,,,,,
142,1811348.224848328,TX_REQUEST,0,1,0,0x7FF,2047,8,8,0,0,0,0,0,0,0100CC0000000000,UNKNOWN,SESSION_048,,,,,,,
143,1811348.234833240,TX_REQUEST,0,1,0,0x7FF,2047,8,8,0,0,0,0,0,0,0100CC0000000000,UNKNOWN,SESSION_049,,,,,,,
144,1811348.244802059,TX_REQUEST,0,1,0,0x7FF,2047,8,8,0,0,0,0,0,0,0100CC0000000000,UNKNOWN,SESSION_050,,,,,,,
145,1811348.246403515,RX_CALLBACK,22407348394512,0,0,0x0,0,8,8,0,0,0,0,0,0,018B157FE7FF2926,NORMAL_FEEDBACK,,0,DISABLED,1.0824368657969,-0.0329670329670364,-0.00244200244200243,41,38
146,1811348.246435378,SENT_CALLBACK,22407338675064,1,0,0x7FF,2047,8,8,0,0,0,0,1,0,0100CC0000000000,UNKNOWN,,,,,,,,
147,1811348.246451614,RX_CALLBACK,22407358039368,0,0,0x0,0,8,8,0,0,0,0,0,0,018B157FF7FF2926,NORMAL_FEEDBACK,,0,DISABLED,1.0824368657969,-0.0109890109890074,-0.00244200244200243,41,38
148,1811348.246465433,SENT_CALLBACK,22407348273864,1,0,0x7FF,2047,8,8,0,0,0,0,1,0,0100CC0000000000,UNKNOWN,,,,,,,,
149,1811348.246479351,RX_CALLBACK,22407367680432,0,0,0x0,0,8,8,0,0,0,0,0,0,018B157FF7FF2926,NORMAL_FEEDBACK,,0,DISABLED,1.0824368657969,-0.0109890109890074,-0.00244200244200243,41,38
150,1811348.246492197,SENT_CALLBACK,22407357922560,1,0,0x7FF,2047,8,8,0,0,0,0,1,0,0100CC0000000000,UNKNOWN,,,,,,,,
151,1811348.246505054,RX_CALLBACK,22407377328168,0,0,0x0,0,8,8,0,0,0,0,0,0,018B168007FF2926,NORMAL_FEEDBACK,,0,DISABLED,1.08281834134432,0.0109890109890074,-0.00244200244200243,41,38
152,1811348.246518709,SENT_CALLBACK,22407367557816,1,0,0x7FF,2047,8,8,0,0,0,0,1,0,0100CC0000000000,UNKNOWN,,,,,,,,
153,1811348.246531438,RX_CALLBACK,22407386956728,0,0,0x0,0,8,8,0,0,0,0,0,0,018B167FE7FF2926,NORMAL_FEEDBACK,,0,DISABLED,1.08281834134432,-0.0329670329670364,-0.00244200244200243,41,38
154,1811348.246544163,SENT_CALLBACK,22407377212320,1,0,0x7FF,2047,8,8,0,0,0,0,1,0,0100CC0000000000,UNKNOWN,,,,,,,,
155,1811348.246557408,RX_CALLBACK,22407396688008,0,0,0x0,0,8,8,0,0,0,0,0,0,018B167FF7FF2926,NORMAL_FEEDBACK,,0,DISABLED,1.08281834134432,-0.0109890109890074,-0.00244200244200243,41,38
156,1811348.246570564,SENT_CALLBACK,22407386840856,1,0,0x7FF,2047,8,8,0,0,0,0,1,0,0100CC0000000000,UNKNOWN,,,,,,,,
157,1811348.246583873,RX_CALLBACK,22407406336704,0,0,0x0,0,8,8,0,0,0,0,0,0,018B177FF7FF2926,NORMAL_FEEDBACK,,0,DISABLED,1.08319981689174,-0.0109890109890074,-0.00244200244200243,41,38
158,1811348.246599716,SENT_CALLBACK,22407396572136,1,0,0x7FF,2047,8,8,0,0,0,0,1,0,0100CC0000000000,UNKNOWN,,,,,,,,
159,1811348.246612697,RX_CALLBACK,22407415991208,0,0,0x0,0,8,8,0,0,0,0,0,0,018B177FF7FE2926,NORMAL_FEEDBACK,,0,DISABLED,1.08319981689174,-0.0109890109890074,-0.0073260073260073,41,38
160,1811348.246625367,SENT_CALLBACK,22407406220856,1,0,0x7FF,2047,8,8,0,0,0,0,1,0,0100CC0000000000,UNKNOWN,,,,,,,,
161,1811348.246638088,RX_CALLBACK,22407425640888,0,0,0x0,0,8,8,0,0,0,0,0,0,018B157FF7FF2926,NORMAL_FEEDBACK,,0,DISABLED,1.0824368657969,-0.0109890109890074,-0.00244200244200243,41,38
162,1811348.246651261,SENT_CALLBACK,22407415871472,1,0,0x7FF,2047,8,8,0,0,0,0,1,0,0100CC0000000000,UNKNOWN,,,,,,,,
163,1811348.246665878,RX_CALLBACK,22407435246360,0,0,0x0,0,8,8,0,0,0,0,0,0,018B168007FF2926,NORMAL_FEEDBACK,,0,DISABLED,1.08281834134432,0.0109890109890074,-0.00244200244200243,41,38
164,1811348.246678741,SENT_CALLBACK,22407425524056,1,0,0x7FF,2047,8,8,0,0,0,0,1,0,0100CC0000000000,UNKNOWN,,,,,,,,
165,1811348.254726606,TX_REQUEST,0,1,0,0x7FF,2047,8,8,0,0,0,0,0,0,0100CC0000000000,UNKNOWN,SESSION_051,,,,,,,
166,1811348.264824782,TX_REQUEST,0,1,0,0x7FF,2047,8,8,0,0,0,0,0,0,0100CC0000000000,UNKNOWN,SESSION_052,,,,,,,
167,1811348.274742015,TX_REQUEST,0,1,0,0x7FF,2047,8,8,0,0,0,0,0,0,0100CC0000000000,UNKNOWN,SESSION_053,,,,,,,
168,1811348.284754230,TX_REQUEST,0,1,0,0x7FF,2047,8,8,0,0,0,0,0,0,0100CC0000000000,UNKNOWN,SESSION_054,,,,,,,
169,1811348.294832790,TX_REQUEST,0,1,0,0x7FF,2047,8,8,0,0,0,0,0,0,0100CC0000000000,UNKNOWN,SESSION_055,,,,,,,
170,1811348.304841784,TX_REQUEST,0,1,0,0x7FF,2047,8,8,0,0,0,0,0,0,0100CC0000000000,UNKNOWN,SESSION_056,,,,,,,
171,1811348.314748116,TX_REQUEST,0,1,0,0x7FF,2047,8,8,0,0,0,0,0,0,0100CC0000000000,UNKNOWN,SESSION_057,,,,,,,
172,1811348.324712370,TX_REQUEST,0,1,0,0x7FF,2047,8,8,0,0,0,0,0,0,0100CC0000000000,UNKNOWN,SESSION_058,,,,,,,
173,1811348.334834492,TX_REQUEST,0,1,0,0x7FF,2047,8,8,0,0,0,0,0,0,0100CC0000000000,UNKNOWN,SESSION_059,,,,,,,
174,1811348.344837691,TX_REQUEST,0,1,0,0x7FF,2047,8,8,0,0,0,0,0,0,0100CC0000000000,UNKNOWN,SESSION_060,,,,,,,
175,1811348.346819685,RX_CALLBACK,22407444805776,0,0,0x0,0,8,8,0,0,0,0,0,0,018B167FF7FE2926,NORMAL_FEEDBACK,,0,DISABLED,1.08281834134432,-0.0109890109890074,-0.0073260073260073,41,38
176,1811348.346868903,SENT_CALLBACK,22407435130536,1,0,0x7FF,2047,8,8,0,0,0,0,1,0,0100CC0000000000,UNKNOWN,,,,,,,,
177,1811348.346885964,RX_CALLBACK,22407454567776,0,0,0x0,0,8,8,0,0,0,0,0,0,018B178007FF2926,NORMAL_FEEDBACK,,0,DISABLED,1.08319981689174,0.0109890109890074,-0.00244200244200243,41,38
178,1811348.346900713,SENT_CALLBACK,22407444689928,1,0,0x7FF,2047,8,8,0,0,0,0,1,0,0100CC0000000000,UNKNOWN,,,,,,,,
179,1811348.346915312,RX_CALLBACK,22407464109960,0,0,0x0,0,8,8,0,0,0,0,0,0,018B167FF7FF2926,NORMAL_FEEDBACK,,0,DISABLED,1.08281834134432,-0.0109890109890074,-0.00244200244200243,41,38
180,1811348.346928399,SENT_CALLBACK,22407454451904,1,0,0x7FF,2047,8,8,0,0,0,0,1,0,0100CC0000000000,UNKNOWN,,,,,,,,
181,1811348.346941317,RX_CALLBACK,22407473781744,0,0,0x0,0,8,8,0,0,0,0,0,0,018B167FE7FE2926,NORMAL_FEEDBACK,,0,DISABLED,1.08281834134432,-0.0329670329670364,-0.0073260073260073,41,38
182,1811348.346954127,SENT_CALLBACK,22407463993104,1,0,0x7FF,2047,8,8,0,0,0,0,1,0,0100CC0000000000,UNKNOWN,,,,,,,,
183,1811348.346967405,RX_CALLBACK,22407483498624,0,0,0x0,0,8,8,0,0,0,0,0,0,018B167FE7FE2926,NORMAL_FEEDBACK,,0,DISABLED,1.08281834134432,-0.0329670329670364,-0.0073260073260073,41,38
184,1811348.346982796,SENT_CALLBACK,22407473665848,1,0,0x7FF,2047,8,8,0,0,0,0,1,0,0100CC0000000000,UNKNOWN,,,,,,,,
185,1811348.346996497,RX_CALLBACK,22407493139664,0,0,0x0,0,8,8,0,0,0,0,0,0,018B158007FE2926,NORMAL_FEEDBACK,,0,DISABLED,1.0824368657969,0.0109890109890074,-0.0073260073260073,41,38
186,1811348.347013525,SENT_CALLBACK,22407483382752,1,0,0x7FF,2047,8,8,0,0,0,0,1,0,0100CC0000000000,UNKNOWN,,,,,,,,
187,1811348.347026670,RX_CALLBACK,22407502688568,0,0,0x0,0,8,8,0,0,0,0,0,0,018B167FF7FF2926,NORMAL_FEEDBACK,,0,DISABLED,1.08281834134432,-0.0109890109890074,-0.00244200244200243,41,38
188,1811348.347039129,SENT_CALLBACK,22407493023792,1,0,0x7FF,2047,8,8,0,0,0,0,1,0,0100CC0000000000,UNKNOWN,,,,,,,,
189,1811348.347051910,RX_CALLBACK,22407512313288,0,0,0x0,0,8,8,0,0,0,0,0,0,018B167FF7FF2926,NORMAL_FEEDBACK,,0,DISABLED,1.08281834134432,-0.0109890109890074,-0.00244200244200243,41,38
190,1811348.347064707,SENT_CALLBACK,22407502572672,1,0,0x7FF,2047,8,8,0,0,0,0,1,0,0100CC0000000000,UNKNOWN,,,,,,,,
191,1811348.347077731,RX_CALLBACK,22407522075312,0,0,0x0,0,8,8,0,0,0,0,0,0,018B167FF7FF2926,NORMAL_FEEDBACK,,0,DISABLED,1.08281834134432,-0.0109890109890074,-0.00244200244200243,41,38
192,1811348.347090310,SENT_CALLBACK,22407512197416,1,0,0x7FF,2047,8,8,0,0,0,0,1,0,0100CC0000000000,UNKNOWN,,,,,,,,
193,1811348.347102952,RX_CALLBACK,22407531723096,0,0,0x0,0,8,8,0,0,0,0,0,0,018B167FF7FF2926,NORMAL_FEEDBACK,,0,DISABLED,1.08281834134432,-0.0109890109890074,-0.00244200244200243,41,38
194,1811348.347117460,SENT_CALLBACK,22407521959416,1,0,0x7FF,2047,8,8,0,0,0,0,1,0,0100CC0000000000,UNKNOWN,,,,,,,,
195,1811348.354807838,TX_REQUEST,0,1,0,0x7FF,2047,8,8,0,0,0,0,0,0,0100CC0000000000,UNKNOWN,SESSION_061,,,,,,,
196,1811348.364736926,TX_REQUEST,0,1,0,0x7FF,2047,8,8,0,0,0,0,0,0,0100CC0000000000,UNKNOWN,SESSION_062,,,,,,,
197,1811348.374712727,TX_REQUEST,0,1,0,0x7FF,2047,8,8,0,0,0,0,0,0,0100CC0000000000,UNKNOWN,SESSION_063,,,,,,,
198,1811348.384711553,TX_REQUEST,0,1,0,0x7FF,2047,8,8,0,0,0,0,0,0,0100CC0000000000,UNKNOWN,SESSION_064,,,,,,,
199,1811348.394749762,TX_REQUEST,0,1,0,0x7FF,2047,8,8,0,0,0,0,0,0,0100CC0000000000,UNKNOWN,SESSION_065,,,,,,,
200,1811348.404730457,TX_REQUEST,0,1,0,0x7FF,2047,8,8,0,0,0,0,0,0,0100CC0000000000,UNKNOWN,SESSION_066,,,,,,,
201,1811348.414707559,TX_REQUEST,0,1,0,0x7FF,2047,8,8,0,0,0,0,0,0,0100CC0000000000,UNKNOWN,SESSION_067,,,,,,,
202,1811348.424738477,TX_REQUEST,0,1,0,0x7FF,2047,8,8,0,0,0,0,0,0,0100CC0000000000,UNKNOWN,SESSION_068,,,,,,,
203,1811348.434739548,TX_REQUEST,0,1,0,0x7FF,2047,8,8,0,0,0,0,0,0,0100CC0000000000,UNKNOWN,SESSION_069,,,,,,,
204,1811348.444734109,TX_REQUEST,0,1,0,0x7FF,2047,8,8,0,0,0,0,0,0,0100CC0000000000,UNKNOWN,SESSION_070,,,,,,,
205,1811348.447221468,RX_CALLBACK,22407541329576,0,0,0x0,0,8,8,0,0,0,0,0,0,018B167FF7FF2926,NORMAL_FEEDBACK,,0,DISABLED,1.08281834134432,-0.0109890109890074,-0.00244200244200243,41,38
206,1811348.447262352,SENT_CALLBACK,22407531607200,1,0,0x7FF,2047,8,8,0,0,0,0,1,0,0100CC0000000000,UNKNOWN,,,,,,,,
207,1811348.447278707,RX_CALLBACK,22407550878456,0,0,0x0,0,8,8,0,0,0,0,0,0,018B167FF7FF2926,NORMAL_FEEDBACK,,0,DISABLED,1.08281834134432,-0.0109890109890074,-0.00244200244200243,41,38
208,1811348.447292213,SENT_CALLBACK,22407541213704,1,0,0x7FF,2047,8,8,0,0,0,0,1,0,0100CC0000000000,UNKNOWN,,,,,,,,
209,1811348.447305438,RX_CALLBACK,22407560536776,0,0,0x0,0,8,8,0,0,0,0,0,0,018B157FF7FF2926,NORMAL_FEEDBACK,,0,DISABLED,1.0824368657969,-0.0109890109890074,-0.00244200244200243,41,38
210,1811348.447318214,SENT_CALLBACK,22407550762584,1,0,0x7FF,2047,8,8,0,0,0,0,1,0,0100CC0000000000,UNKNOWN,,,,,,,,
211,1811348.447331362,RX_CALLBACK,22407570169200,0,0,0x0,0,8,8,0,0,0,0,0,0,018B157FF7FE2926,NORMAL_FEEDBACK,,0,DISABLED,1.0824368657969,-0.0109890109890074,-0.0073260073260073,41,38
212,1811348.447347644,SENT_CALLBACK,22407560419944,1,0,0x7FF,2047,8,8,0,0,0,0,1,0,0100CC0000000000,UNKNOWN,,,,,,,,
213,1811348.447360583,RX_CALLBACK,22407579868848,0,0,0x0,0,8,8,0,0,0,0,0,0,018B158007FF2926,NORMAL_FEEDBACK,,0,DISABLED,1.0824368657969,0.0109890109890074,-0.00244200244200243,41,38
214,1811348.447372994,SENT_CALLBACK,22407570053304,1,0,0x7FF,2047,8,8,0,0,0,0,1,0,0100CC0000000000,UNKNOWN,,,,,,,,
215,1811348.447385684,RX_CALLBACK,22407589466688,0,0,0x0,0,8,8,0,0,0,0,0,0,018B157FF7FE2926,NORMAL_FEEDBACK,,0,DISABLED,1.0824368657969,-0.0109890109890074,-0.0073260073260073,41,38
216,1811348.447398363,SENT_CALLBACK,22407579752928,1,0,0x7FF,2047,8,8,0,0,0,0,1,0,0100CC0000000000,UNKNOWN,,,,,,,,
217,1811348.447411119,RX_CALLBACK,22407599108688,0,0,0x0,0,8,8,0,0,0,0,0,0,018B168007FF2926,NORMAL_FEEDBACK,,0,DISABLED,1.08281834134432,0.0109890109890074,-0.00244200244200243,41,38
218,1811348.447423489,SENT_CALLBACK,22407589350816,1,0,0x7FF,2047,8,8,0,0,0,0,1,0,0100CC0000000000,UNKNOWN,,,,,,,,
219,1811348.447436076,RX_CALLBACK,22407608774664,0,0,0x0,0,8,8,0,0,0,0,0,0,018B157FF7FE2926,NORMAL_FEEDBACK,,0,DISABLED,1.0824368657969,-0.0109890109890074,-0.0073260073260073,41,38
220,1811348.447448599,SENT_CALLBACK,22407598992816,1,0,0x7FF,2047,8,8,0,0,0,0,1,0,0100CC0000000000,UNKNOWN,,,,,,,,
221,1811348.447461288,RX_CALLBACK,22407618385944,0,0,0x0,0,8,8,0,0,0,0,0,0,018B167FF7FF2926,NORMAL_FEEDBACK,,0,DISABLED,1.08281834134432,-0.0109890109890074,-0.00244200244200243,41,38
222,1811348.447473645,SENT_CALLBACK,22407608658816,1,0,0x7FF,2047,8,8,0,0,0,0,1,0,0100CC0000000000,UNKNOWN,,,,,,,,
223,1811348.447486074,RX_CALLBACK,22407628034640,0,0,0x0,0,8,8,0,0,0,0,0,0,018B168007FF2926,NORMAL_FEEDBACK,,0,DISABLED,1.08281834134432,0.0109890109890074,-0.00244200244200243,41,38
224,1811348.447499582,SENT_CALLBACK,22407618270072,1,0,0x7FF,2047,8,8,0,0,0,0,1,0,0100CC0000000000,UNKNOWN,,,,,,,,
225,1811348.454707197,TX_REQUEST,0,1,0,0x7FF,2047,8,8,0,0,0,0,0,0,0100CC0000000000,UNKNOWN,SESSION_071,,,,,,,
226,1811348.464773346,TX_REQUEST,0,1,0,0x7FF,2047,8,8,0,0,0,0,0,0,0100CC0000000000,UNKNOWN,SESSION_072,,,,,,,
227,1811348.474745513,TX_REQUEST,0,1,0,0x7FF,2047,8,8,0,0,0,0,0,0,0100CC0000000000,UNKNOWN,SESSION_073,,,,,,,
228,1811348.484798100,TX_REQUEST,0,1,0,0x7FF,2047,8,8,0,0,0,0,0,0,0100CC0000000000,UNKNOWN,SESSION_074,,,,,,,
229,1811348.494798129,TX_REQUEST,0,1,0,0x7FF,2047,8,8,0,0,0,0,0,0,0100CC0000000000,UNKNOWN,SESSION_075,,,,,,,
230,1811348.504759822,TX_REQUEST,0,1,0,0x7FF,2047,8,8,0,0,0,0,0,0,0100CC0000000000,UNKNOWN,SESSION_076,,,,,,,
231,1811348.514867837,TX_REQUEST,0,1,0,0x7FF,2047,8,8,0,0,0,0,0,0,0100CC0000000000,UNKNOWN,SESSION_077,,,,,,,
232,1811348.524742686,TX_REQUEST,0,1,0,0x7FF,2047,8,8,0,0,0,0,0,0,0100CC0000000000,UNKNOWN,SESSION_078,,,,,,,
233,1811348.534745801,TX_REQUEST,0,1,0,0x7FF,2047,8,8,0,0,0,0,0,0,0100CC0000000000,UNKNOWN,SESSION_079,,,,,,,
234,1811348.544753205,TX_REQUEST,0,1,0,0x7FF,2047,8,8,0,0,0,0,0,0,0100CC0000000000,UNKNOWN,SESSION_080,,,,,,,
235,1811348.547603393,RX_CALLBACK,22407637650720,0,0,0x0,0,8,8,0,0,0,0,0,0,018B177FE7FE2926,NORMAL_FEEDBACK,,0,DISABLED,1.08319981689174,-0.0329670329670364,-0.0073260073260073,41,38
236,1811348.547647781,SENT_CALLBACK,22407627918792,1,0,0x7FF,2047,8,8,0,0,0,0,1,0,0100CC0000000000,UNKNOWN,,,,,,,,
237,1811348.547664828,RX_CALLBACK,22407647372400,0,0,0x0,0,8,8,0,0,0,0,0,0,018B157FF7FF2926,NORMAL_FEEDBACK,,0,DISABLED,1.0824368657969,-0.0109890109890074,-0.00244200244200243,41,38
238,1811348.547678940,SENT_CALLBACK,22407637532928,1,0,0x7FF,2047,8,8,0,0,0,0,1,0,0100CC0000000000,UNKNOWN,,,,,,,,
239,1811348.547692362,RX_CALLBACK,22407656984640,0,0,0x0,0,8,8,0,0,0,0,0,0,018B158007FE2926,NORMAL_FEEDBACK,,0,DISABLED,1.0824368657969,0.0109890109890074,-0.0073260073260073,41,38
240,1811348.547705247,SENT_CALLBACK,22407647255568,1,0,0x7FF,2047,8,8,0,0,0,0,1,0,0100CC0000000000,UNKNOWN,,,,,,,,
241,1811348.547718036,RX_CALLBACK,22407666689976,0,0,0x0,0,8,8,0,0,0,0,0,0,018B168007FF2926,NORMAL_FEEDBACK,,0,DISABLED,1.08281834134432,0.0109890109890074,-0.00244200244200243,41,38
242,1811348.547731033,SENT_CALLBACK,22407656868768,1,0,0x7FF,2047,8,8,0,0,0,0,1,0,0100CC0000000000,UNKNOWN,,,,,,,,
243,1811348.547744013,RX_CALLBACK,22407676334808,0,0,0x0,0,8,8,0,0,0,0,0,0,018B168007FF2926,NORMAL_FEEDBACK,,0,DISABLED,1.08281834134432,0.0109890109890074,-0.00244200244200243,41,38
244,1811348.547756958,SENT_CALLBACK,22407666574128,1,0,0x7FF,2047,8,8,0,0,0,0,1,0,0100CC0000000000,UNKNOWN,,,,,,,,
245,1811348.547770678,RX_CALLBACK,22407685934568,0,0,0x0,0,8,8,0,0,0,0,0,0,018B157FF7FE2926,NORMAL_FEEDBACK,,0,DISABLED,1.0824368657969,-0.0109890109890074,-0.0073260073260073,41,38
246,1811348.547784069,SENT_CALLBACK,22407676218984,1,0,0x7FF,2047,8,8,0,0,0,0,1,0,0100CC0000000000,UNKNOWN,,,,,,,,
247,1811348.547796784,RX_CALLBACK,22407695669664,0,0,0x0,0,8,8,0,0,0,0,0,0,018B167FF7FE2926,NORMAL_FEEDBACK,,0,DISABLED,1.08281834134432,-0.0109890109890074,-0.0073260073260073,41,38
248,1811348.547813506,SENT_CALLBACK,22407685818696,1,0,0x7FF,2047,8,8,0,0,0,0,1,0,0100CC0000000000,UNKNOWN,,,,,,,,
249,1811348.547826389,RX_CALLBACK,22407705194544,0,0,0x0,0,8,8,0,0,0,0,0,0,018B177FF7FF2926,NORMAL_FEEDBACK,,0,DISABLED,1.08319981689174,-0.0109890109890074,-0.00244200244200243,41,38
250,1811348.547839435,SENT_CALLBACK,22407695553816,1,0,0x7FF,2047,8,8,0,0,0,0,1,0,0100CC0000000000,UNKNOWN,,,,,,,,
251,1811348.547852270,RX_CALLBACK,22407714832704,0,0,0x0,0,8,8,0,0,0,0,0,0,018B157FE7FF2926,NORMAL_FEEDBACK,,0,DISABLED,1.0824368657969,-0.0329670329670364,-0.00244200244200243,41,38
252,1811348.547864969,SENT_CALLBACK,22407705078672,1,0,0x7FF,2047,8,8,0,0,0,0,1,0,0100CC0000000000,UNKNOWN,,,,,,,,
253,1811348.547877943,RX_CALLBACK,22407724474704,0,0,0x0,0,8,8,0,0,0,0,0,0,018B157FF7FE2926,NORMAL_FEEDBACK,,0,DISABLED,1.0824368657969,-0.0109890109890074,-0.0073260073260073,41,38
254,1811348.547890713,SENT_CALLBACK,22407714713952,1,0,0x7FF,2047,8,8,0,0,0,0,1,0,0100CC0000000000,UNKNOWN,,,,,,,,
255,1811348.554715529,TX_REQUEST,0,1,0,0x7FF,2047,8,8,0,0,0,0,0,0,0100CC0000000000,UNKNOWN,SESSION_081,,,,,,,
256,1811348.564747914,TX_REQUEST,0,1,0,0x7FF,2047,8,8,0,0,0,0,0,0,0100CC0000000000,UNKNOWN,SESSION_082,,,,,,,
257,1811348.574732582,TX_REQUEST,0,1,0,0x7FF,2047,8,8,0,0,0,0,0,0,0100CC0000000000,UNKNOWN,SESSION_083,,,,,,,
258,1811348.584696208,TX_REQUEST,0,1,0,0x7FF,2047,8,8,0,0,0,0,0,0,0100CC0000000000,UNKNOWN,SESSION_084,,,,,,,
259,1811348.594788368,TX_REQUEST,0,1,0,0x7FF,2047,8,8,0,0,0,0,0,0,0100CC0000000000,UNKNOWN,SESSION_085,,,,,,,
260,1811348.604879496,TX_REQUEST,0,1,0,0x7FF,2047,8,8,0,0,0,0,0,0,0100CC0000000000,UNKNOWN,SESSION_086,,,,,,,
261,1811348.614845678,TX_REQUEST,0,1,0,0x7FF,2047,8,8,0,0,0,0,0,0,0100CC0000000000,UNKNOWN,SESSION_087,,,,,,,
262,1811348.624747788,TX_REQUEST,0,1,0,0x7FF,2047,8,8,0,0,0,0,0,0,0100CC0000000000,UNKNOWN,SESSION_088,,,,,,,
263,1811348.634840704,TX_REQUEST,0,1,0,0x7FF,2047,8,8,0,0,0,0,0,0,0100CC0000000000,UNKNOWN,SESSION_089,,,,,,,
264,1811348.644819553,TX_REQUEST,0,1,0,0x7FF,2047,8,8,0,0,0,0,0,0,0100CC0000000000,UNKNOWN,SESSION_090,,,,,,,
265,1811348.648025283,RX_CALLBACK,22407734097480,0,0,0x0,0,8,8,0,0,0,0,0,0,018B157FF7FF2926,NORMAL_FEEDBACK,,0,DISABLED,1.0824368657969,-0.0109890109890074,-0.00244200244200243,41,38
266,1811348.648060935,SENT_CALLBACK,22407724354032,1,0,0x7FF,2047,8,8,0,0,0,0,1,0,0100CC0000000000,UNKNOWN,,,,,,,,
267,1811348.648078226,RX_CALLBACK,22407743758680,0,0,0x0,0,8,8,0,0,0,0,0,0,018B168007FF2926,NORMAL_FEEDBACK,,0,DISABLED,1.08281834134432,0.0109890109890074,-0.00244200244200243,41,38
268,1811348.648095059,SENT_CALLBACK,22407733980672,1,0,0x7FF,2047,8,8,0,0,0,0,1,0,0100CC0000000000,UNKNOWN,,,,,,,,
269,1811348.648110082,RX_CALLBACK,22407753380496,0,0,0x0,0,8,8,0,0,0,0,0,0,018B167FE7FF2926,NORMAL_FEEDBACK,,0,DISABLED,1.08281834134432,-0.0329670329670364,-0.00244200244200243,41,38
270,1811348.648123440,SENT_CALLBACK,22407743639928,1,0,0x7FF,2047,8,8,0,0,0,0,1,0,0100CC0000000000,UNKNOWN,,,,,,,,
271,1811348.648136764,RX_CALLBACK,22407762994680,0,0,0x0,0,8,8,0,0,0,0,0,0,018B167FF7FF2926,NORMAL_FEEDBACK,,0,DISABLED,1.08281834134432,-0.0109890109890074,-0.00244200244200243,41,38
272,1811348.648150654,SENT_CALLBACK,22407753264648,1,0,0x7FF,2047,8,8,0,0,0,0,1,0,0100CC0000000000,UNKNOWN,,,,,,,,
273,1811348.648164383,RX_CALLBACK,22407772713480,0,0,0x0,0,8,8,0,0,0,0,0,0,018B168007FE2926,NORMAL_FEEDBACK,,0,DISABLED,1.08281834134432,0.0109890109890074,-0.0073260073260073,41,38
274,1811348.648178082,SENT_CALLBACK,22407762872064,1,0,0x7FF,2047,8,8,0,0,0,0,1,0,0100CC0000000000,UNKNOWN,,,,,,,,
275,1811348.648191623,RX_CALLBACK,22407782483160,0,0,0x0,0,8,8,0,0,0,0,0,0,018B167FF7FF2926,NORMAL_FEEDBACK,,0,DISABLED,1.08281834134432,-0.0109890109890074,-0.00244200244200243,41,38
276,1811348.648204907,SENT_CALLBACK,22407772597608,1,0,0x7FF,2047,8,8,0,0,0,0,1,0,0100CC0000000000,UNKNOWN,,,,,,,,
277,1811348.648218224,RX_CALLBACK,22407792073296,0,0,0x0,0,8,8,0,0,0,0,0,0,018B167FF7FE2926,NORMAL_FEEDBACK,,0,DISABLED,1.08281834134432,-0.0109890109890074,-0.0073260073260073,41,38
278,1811348.648231330,SENT_CALLBACK,22407782367288,1,0,0x7FF,2047,8,8,0,0,0,0,1,0,0100CC0000000000,UNKNOWN,,,,,,,,
279,1811348.648244676,RX_CALLBACK,22407801619296,0,0,0x0,0,8,8,0,0,0,0,0,0,018B157FF7FF2926,NORMAL_FEEDBACK,,0,DISABLED,1.0824368657969,-0.0109890109890074,-0.00244200244200243,41,38
280,1811348.648257871,SENT_CALLBACK,22407791957448,1,0,0x7FF,2047,8,8,0,0,0,0,1,0,0100CC0000000000,UNKNOWN,,,,,,,,
281,1811348.648271243,RX_CALLBACK,22407811330416,0,0,0x0,0,8,8,0,0,0,0,0,0,018B167FF7FF2926,NORMAL_FEEDBACK,,0,DISABLED,1.08281834134432,-0.0109890109890074,-0.00244200244200243,41,38
282,1811348.648285256,SENT_CALLBACK,22407801502464,1,0,0x7FF,2047,8,8,0,0,0,0,1,0,0100CC0000000000,UNKNOWN,,,,,,,,
283,1811348.648298820,RX_CALLBACK,22407820987824,0,0,0x0,0,8,8,0,0,0,0,0,0,018B158007FF2926,NORMAL_FEEDBACK,,0,DISABLED,1.0824368657969,0.0109890109890074,-0.00244200244200243,41,38
284,1811348.648314148,SENT_CALLBACK,22407811214544,1,0,0x7FF,2047,8,8,0,0,0,0,1,0,0100CC0000000000,UNKNOWN,,,,,,,,
285,1811348.654750025,TX_REQUEST,0,1,0,0x7FF,2047,8,8,0,0,0,0,0,0,0100CC0000000000,UNKNOWN,SESSION_091,,,,,,,
286,1811348.664717823,TX_REQUEST,0,1,0,0x7FF,2047,8,8,0,0,0,0,0,0,0100CC0000000000,UNKNOWN,SESSION_092,,,,,,,
287,1811348.674741545,TX_REQUEST,0,1,0,0x7FF,2047,8,8,0,0,0,0,0,0,0100CC0000000000,UNKNOWN,SESSION_093,,,,,,,
288,1811348.684749205,TX_REQUEST,0,1,0,0x7FF,2047,8,8,0,0,0,0,0,0,0100CC0000000000,UNKNOWN,SESSION_094,,,,,,,
289,1811348.694742044,TX_REQUEST,0,1,0,0x7FF,2047,8,8,0,0,0,0,0,0,0100CC0000000000,UNKNOWN,SESSION_095,,,,,,,
290,1811348.704752035,TX_REQUEST,0,1,0,0x7FF,2047,8,8,0,0,0,0,0,0,0100CC0000000000,UNKNOWN,SESSION_096,,,,,,,
291,1811348.714715918,TX_REQUEST,0,1,0,0x7FF,2047,8,8,0,0,0,0,0,0,0100CC0000000000,UNKNOWN,SESSION_097,,,,,,,
292,1811348.724707537,TX_REQUEST,0,1,0,0x7FF,2047,8,8,0,0,0,0,0,0,0100CC0000000000,UNKNOWN,SESSION_098,,,,,,,
293,1811348.734709499,TX_REQUEST,0,1,0,0x7FF,2047,8,8,0,0,0,0,0,0,0100CC0000000000,UNKNOWN,SESSION_099,,,,,,,
294,1811348.748409909,RX_CALLBACK,22407830578008,0,0,0x0,0,8,8,0,0,0,0,0,0,018B167FD7FF2926,NORMAL_FEEDBACK,,0,DISABLED,1.08281834134432,-0.0549450549450512,-0.00244200244200243,41,38
295,1811348.748446203,SENT_CALLBACK,22407820871904,1,0,0x7FF,2047,8,8,0,0,0,0,1,0,0100CC0000000000,UNKNOWN,,,,,,,,
296,1811348.748464061,RX_CALLBACK,22407840193128,0,0,0x0,0,8,8,0,0,0,0,0,0,018B157FF7FF2926,NORMAL_FEEDBACK,,0,DISABLED,1.0824368657969,-0.0109890109890074,-0.00244200244200243,41,38
297,1811348.748479728,SENT_CALLBACK,22407830463072,1,0,0x7FF,2047,8,8,0,0,0,0,1,0,0100CC0000000000,UNKNOWN,,,,,,,,
298,1811348.748494133,RX_CALLBACK,22411144798608,0,0,0x0,0,8,8,0,0,0,0,0,0,018B157FE7FF2926,NORMAL_FEEDBACK,,0,DISABLED,1.0824368657969,-0.0329670329670364,-0.00244200244200243,41,38
299,1811348.748508124,SENT_CALLBACK,22407840076296,1,0,0x7FF,2047,8,8,0,0,0,0,1,0,0100CC0000000000,UNKNOWN,,,,,,,,
300,1811348.748521936,RX_CALLBACK,22411154440608,0,0,0x0,0,8,8,0,0,0,0,0,0,018B167FE7FF2926,NORMAL_FEEDBACK,,0,DISABLED,1.08281834134432,-0.0329670329670364,-0.00244200244200243,41,38
301,1811348.748535926,SENT_CALLBACK,22411144682712,1,0,0x7FF,2047,8,8,0,0,0,0,1,0,0100CC0000000000,UNKNOWN,,,,,,,,
302,1811348.748550352,RX_CALLBACK,22411164087408,0,0,0x0,0,8,8,0,0,0,0,0,0,018B157FF7FF2926,NORMAL_FEEDBACK,,0,DISABLED,1.0824368657969,-0.0109890109890074,-0.00244200244200243,41,38
303,1811348.748564208,SENT_CALLBACK,22411154324736,1,0,0x7FF,2047,8,8,0,0,0,0,1,0,0100CC0000000000,UNKNOWN,,,,,,,,
304,1811348.748577846,RX_CALLBACK,22411173732312,0,0,0x0,0,8,8,0,0,0,0,0,0,018B167FF7FE2926,NORMAL_FEEDBACK,,0,DISABLED,1.08281834134432,-0.0109890109890074,-0.0073260073260073,41,38
305,1811348.748623232,SENT_CALLBACK,22411163970576,1,0,0x7FF,2047,8,8,0,0,0,0,1,0,0100CC0000000000,UNKNOWN,,,,,,,,
306,1811348.748650280,RX_CALLBACK,22411183352208,0,0,0x0,0,8,8,0,0,0,0,0,0,018B167FF7FF2926,NORMAL_FEEDBACK,,0,DISABLED,1.08281834134432,-0.0109890109890074,-0.00244200244200243,41,38
307,1811348.748661688,SENT_CALLBACK,22411173616416,1,0,0x7FF,2047,8,8,0,0,0,0,1,0,0100CC0000000000,UNKNOWN,,,,,,,,
308,1811348.748671663,RX_CALLBACK,22411192962504,0,0,0x0,0,8,8,0,0,0,0,0,0,018B158007FF2926,NORMAL_FEEDBACK,,0,DISABLED,1.0824368657969,0.0109890109890074,-0.00244200244200243,41,38
309,1811348.748681920,SENT_CALLBACK,22411183236360,1,0,0x7FF,2047,8,8,0,0,0,0,1,0,0100CC0000000000,UNKNOWN,,,,,,,,
310,1811348.748691633,RX_CALLBACK,22411202604504,0,0,0x0,0,8,8,0,0,0,0,0,0,018B167FF7FE2926,NORMAL_FEEDBACK,,0,DISABLED,1.08281834134432,-0.0109890109890074,-0.0073260073260073,41,38
311,1811348.748701044,SENT_CALLBACK,22411192846656,1,0,0x7FF,2047,8,8,0,0,0,0,1,0,0100CC0000000000,UNKNOWN,,,,,,,,
312,1811348.749038975,TX_REQUEST,0,1,0,0x1,1,8,8,0,0,0,0,0,0,8B167FF0516667FF,UNKNOWN,PRELOAD_MIT_DISABLED,,,,,,,
313,1811348.749190924,TX_REQUEST,0,1,0,0x1,1,8,8,0,0,0,0,0,0,FFFFFFFFFFFFFFFC,UNKNOWN,FC_ENABLE,,,,,,,
314,1811348.749273535,TX_REQUEST,0,1,0,0x1,1,8,8,0,0,0,0,0,0,8B167FF0516667FF,UNKNOWN,MIT_HOLD_IMMEDIATE,,,,,,,
315,1811348.759191743,TX_REQUEST,0,1,0,0x1,1,8,8,0,0,0,0,0,0,8B167FF0516667FF,UNKNOWN,MIT_HOLD_10MS,,,,,,,
316,1811348.761191841,TX_REQUEST,0,1,0,0x1,1,8,8,0,0,0,0,0,0,FFFFFFFFFFFFFFFD,UNKNOWN,FD_DISABLE_HARD_DEADLINE,,,,,,,
317,1811348.781617184,TX_REQUEST,0,1,0,0x1,1,8,8,0,0,0,0,0,0,FFFFFFFFFFFFFFFD,UNKNOWN,FD_DISABLE_REPEAT_2,,,,,,,
318,1811348.802156567,TX_REQUEST,0,1,0,0x1,1,8,8,0,0,0,0,0,0,FFFFFFFFFFFFFFFD,UNKNOWN,FD_DISABLE_REPEAT_3,,,,,,,
319,1811348.848902033,RX_CALLBACK,22411216457064,0,0,0x0,0,8,8,0,0,0,0,0,0,018B167FF7FF2926,NORMAL_FEEDBACK,,0,DISABLED,1.08281834134432,-0.0109890109890074,-0.00244200244200243,41,38
320,1811348.848938119,SENT_CALLBACK,22411216341192,1,0,0x1,1,8,8,0,0,0,0,1,0,8B167FF0516667FF,UNKNOWN,,,,,,,,
321,1811348.848945814,RX_CALLBACK,22411216692024,0,0,0x0,0,8,8,0,0,0,0,0,0,118B167FF7FF2926,NORMAL_FEEDBACK,,1,ENABLED,1.08281834134432,-0.0109890109890074,-0.00244200244200243,41,38
322,1811348.848951857,SENT_CALLBACK,22411216341192,1,0,0x1,1,8,8,0,0,0,0,1,0,FFFFFFFFFFFFFFFC,UNKNOWN,,,,,,,,
323,1811348.848957557,RX_CALLBACK,22411216925064,0,0,0x0,0,8,8,0,0,0,0,0,0,118B167FF7FF2926,NORMAL_FEEDBACK,,1,ENABLED,1.08281834134432,-0.0109890109890074,-0.00244200244200243,41,38
324,1811348.848963177,SENT_CALLBACK,22411216341192,1,0,0x1,1,8,8,0,0,0,0,1,0,8B167FF0516667FF,UNKNOWN,,,,,,,,
325,1811348.848968796,RX_CALLBACK,22411226180208,0,0,0x0,0,8,8,0,0,0,0,0,0,118B178158052926,NORMAL_FEEDBACK,,1,ENABLED,1.08319981689174,0.472527472527474,0.0268620268620268,41,38
326,1811348.848974583,SENT_CALLBACK,22411216806312,1,0,0x1,1,8,8,0,0,0,0,1,0,8B167FF0516667FF,UNKNOWN,,,,,,,,
327,1811348.848980583,RX_CALLBACK,22411228148976,0,0,0x0,0,8,8,0,0,0,0,0,0,018B167E27FC2926,NORMAL_FEEDBACK,,0,DISABLED,1.08281834134432,-0.64835164835165,-0.017094017094017,41,38
328,1811348.848985968,SENT_CALLBACK,22411226063352,1,0,0x1,1,8,8,0,0,0,0,1,0,FFFFFFFFFFFFFFFD,UNKNOWN,,,,,,,,
329,1811348.848991871,RX_CALLBACK,22411247840256,0,0,0x0,0,8,8,0,0,0,0,0,0,018B217F27FE2926,NORMAL_FEEDBACK,,0,DISABLED,1.08701457236591,-0.296703296703299,-0.0073260073260073,41,38
330,1811348.848997735,SENT_CALLBACK,22411228033056,1,0,0x1,1,8,8,0,0,0,0,1,0,FFFFFFFFFFFFFFFD,UNKNOWN,,,,,,,,
331,1811348.849013124,RX_CALLBACK,22411267663104,0,0,0x0,0,8,8,0,0,0,0,0,0,018B1A7FA7FF2926,NORMAL_FEEDBACK,,0,DISABLED,1.08434424353399,-0.120879120879124,-0.00244200244200243,41,38
332,1811348.849021456,SENT_CALLBACK,22411247724384,1,0,0x1,1,8,8,0,0,0,0,1,0,FFFFFFFFFFFFFFFD,UNKNOWN,,,,,,,,
333,1811349.064390340,TX_REQUEST,0,1,0,0x7FF,2047,8,8,0,0,0,0,0,0,0100CC0000000000,UNKNOWN,FINAL_DISABLED_VERIFY_000,,,,,,,
334,1811349.074457579,TX_REQUEST,0,1,0,0x7FF,2047,8,8,0,0,0,0,0,0,0100CC0000000000,UNKNOWN,FINAL_DISABLED_VERIFY_001,,,,,,,
335,1811349.084440333,TX_REQUEST,0,1,0,0x7FF,2047,8,8,0,0,0,0,0,0,0100CC0000000000,UNKNOWN,FINAL_DISABLED_VERIFY_002,,,,,,,
336,1811349.094452788,TX_REQUEST,0,1,0,0x7FF,2047,8,8,0,0,0,0,0,0,0100CC0000000000,UNKNOWN,FINAL_DISABLED_VERIFY_003,,,,,,,
337,1811349.104448516,TX_REQUEST,0,1,0,0x7FF,2047,8,8,0,0,0,0,0,0,0100CC0000000000,UNKNOWN,FINAL_DISABLED_VERIFY_004,,,,,,,
338,1811349.149773144,RX_CALLBACK,22411520485608,0,0,0x0,0,8,8,0,0,0,0,0,0,018B187FF7FF2926,NORMAL_FEEDBACK,,0,DISABLED,1.08358129243915,-0.0109890109890074,-0.00244200244200243,41,38
339,1811349.149804992,SENT_CALLBACK,22411520369712,1,0,0x7FF,2047,8,8,0,0,0,0,1,0,0100CC0000000000,UNKNOWN,,,,,,,,
340,1811349.149813799,RX_CALLBACK,22411530225528,0,0,0x0,0,8,8,0,0,0,0,0,0,018B188007FF2926,NORMAL_FEEDBACK,,0,DISABLED,1.08358129243915,0.0109890109890074,-0.00244200244200243,41,38
341,1811349.149820190,SENT_CALLBACK,22411520369712,1,0,0x7FF,2047,8,8,0,0,0,0,1,0,0100CC0000000000,UNKNOWN,,,,,,,,
342,1811349.149826413,RX_CALLBACK,22411539842616,0,0,0x0,0,8,8,0,0,0,0,0,0,018B187FF7FF2926,NORMAL_FEEDBACK,,0,DISABLED,1.08358129243915,-0.0109890109890074,-0.00244200244200243,41,38
343,1811349.149832097,SENT_CALLBACK,22411530108696,1,0,0x7FF,2047,8,8,0,0,0,0,1,0,0100CC0000000000,UNKNOWN,,,,,,,,
344,1811349.149838650,RX_CALLBACK,22411549501920,0,0,0x0,0,8,8,0,0,0,0,0,0,018B187FF7FF2926,NORMAL_FEEDBACK,,0,DISABLED,1.08358129243915,-0.0109890109890074,-0.00244200244200243,41,38
345,1811349.149844295,SENT_CALLBACK,22411539721896,1,0,0x7FF,2047,8,8,0,0,0,0,1,0,0100CC0000000000,UNKNOWN,,,,,,,,
346,1811349.149849886,RX_CALLBACK,22411559129544,0,0,0x0,0,8,8,0,0,0,0,0,0,018B187FF7FF2926,NORMAL_FEEDBACK,,0,DISABLED,1.08358129243915,-0.0109890109890074,-0.00244200244200243,41,38
347,1811349.149855406,SENT_CALLBACK,22411549386024,1,0,0x7FF,2047,8,8,0,0,0,0,1,0,0100CC0000000000,UNKNOWN,,,,,,,,
348,1811349.150927859,TX_REQUEST,0,1,0,0x7FF,2047,8,8,0,0,0,0,0,0,0100CC0000000000,UNKNOWN,POST_DISABLE_POSITION_000,,,,,,,
349,1811349.161163225,TX_REQUEST,0,1,0,0x7FF,2047,8,8,0,0,0,0,0,0,0100CC0000000000,UNKNOWN,POST_DISABLE_POSITION_001,,,,,,,
350,1811349.171164919,TX_REQUEST,0,1,0,0x7FF,2047,8,8,0,0,0,0,0,0,0100CC0000000000,UNKNOWN,POST_DISABLE_POSITION_002,,,,,,,
351,1811349.181143949,TX_REQUEST,0,1,0,0x7FF,2047,8,8,0,0,0,0,0,0,0100CC0000000000,UNKNOWN,POST_DISABLE_POSITION_003,,,,,,,
352,1811349.191094201,TX_REQUEST,0,1,0,0x7FF,2047,8,8,0,0,0,0,0,0,0100CC0000000000,UNKNOWN,POST_DISABLE_POSITION_004,,,,,,,
353,1811349.201119918,TX_REQUEST,0,1,0,0x7FF,2047,8,8,0,0,0,0,0,0,0100CC0000000000,UNKNOWN,POST_DISABLE_POSITION_005,,,,,,,
354,1811349.211164994,TX_REQUEST,0,1,0,0x7FF,2047,8,8,0,0,0,0,0,0,0100CC0000000000,UNKNOWN,POST_DISABLE_POSITION_006,,,,,,,
355,1811349.221213448,TX_REQUEST,0,1,0,0x7FF,2047,8,8,0,0,0,0,0,0,0100CC0000000000,UNKNOWN,POST_DISABLE_POSITION_007,,,,,,,
356,1811349.231209815,TX_REQUEST,0,1,0,0x7FF,2047,8,8,0,0,0,0,0,0,0100CC0000000000,UNKNOWN,POST_DISABLE_POSITION_008,,,,,,,
357,1811349.241119687,TX_REQUEST,0,1,0,0x7FF,2047,8,8,0,0,0,0,0,0,0100CC0000000000,UNKNOWN,POST_DISABLE_POSITION_009,,,,,,,
358,1811349.250179160,RX_CALLBACK,22411603921920,0,0,0x0,0,8,8,0,0,0,0,0,0,018B187FE7FF2926,NORMAL_FEEDBACK,,0,DISABLED,1.08358129243915,-0.0329670329670364,-0.00244200244200243,41,38
359,1811349.250217575,SENT_CALLBACK,22411559011728,1,0,0x7FF,2047,8,8,0,0,0,0,1,0,0100CC0000000000,UNKNOWN,,,,,,,,
360,1811349.250225741,RX_CALLBACK,22411613812536,0,0,0x0,0,8,8,0,0,0,0,0,0,018B187FF7FF2926,NORMAL_FEEDBACK,,0,DISABLED,1.08358129243915,-0.0109890109890074,-0.00244200244200243,41,38
361,1811349.250231883,SENT_CALLBACK,22411603806072,1,0,0x7FF,2047,8,8,0,0,0,0,1,0,0100CC0000000000,UNKNOWN,,,,,,,,
362,1811349.250237573,RX_CALLBACK,22411623416112,0,0,0x0,0,8,8,0,0,0,0,0,0,018B187FE7FF2926,NORMAL_FEEDBACK,,0,DISABLED,1.08358129243915,-0.0329670329670364,-0.00244200244200243,41,38
363,1811349.250243214,SENT_CALLBACK,22411613696688,1,0,0x7FF,2047,8,8,0,0,0,0,1,0,0100CC0000000000,UNKNOWN,,,,,,,,
364,1811349.250248851,RX_CALLBACK,22411633036008,0,0,0x0,0,8,8,0,0,0,0,0,0,018B177FE7FF2926,NORMAL_FEEDBACK,,0,DISABLED,1.08319981689174,-0.0329670329670364,-0.00244200244200243,41,38
365,1811349.250255254,SENT_CALLBACK,22411623300264,1,0,0x7FF,2047,8,8,0,0,0,0,1,0,0100CC0000000000,UNKNOWN,,,,,,,,
366,1811349.250261694,RX_CALLBACK,22411642641528,0,0,0x0,0,8,8,0,0,0,0,0,0,018B177FF7FF2926,NORMAL_FEEDBACK,,0,DISABLED,1.08319981689174,-0.0109890109890074,-0.00244200244200243,41,38
367,1811349.250267346,SENT_CALLBACK,22411632920160,1,0,0x7FF,2047,8,8,0,0,0,0,1,0,0100CC0000000000,UNKNOWN,,,,,,,,
368,1811349.250272854,RX_CALLBACK,22411652299848,0,0,0x0,0,8,8,0,0,0,0,0,0,018B197FF7FF2926,NORMAL_FEEDBACK,,0,DISABLED,1.08396276798657,-0.0109890109890074,-0.00244200244200243,41,38
369,1811349.250278338,SENT_CALLBACK,22411642525656,1,0,0x7FF,2047,8,8,0,0,0,0,1,0,0100CC0000000000,UNKNOWN,,,,,,,,
370,1811349.250283771,RX_CALLBACK,22411661986008,0,0,0x0,0,8,8,0,0,0,0,0,0,018B187FF7FF2926,NORMAL_FEEDBACK,,0,DISABLED,1.08358129243915,-0.0109890109890074,-0.00244200244200243,41,38
371,1811349.250289474,SENT_CALLBACK,22411652183976,1,0,0x7FF,2047,8,8,0,0,0,0,1,0,0100CC0000000000,UNKNOWN,,,,,,,,
372,1811349.250295294,RX_CALLBACK,22411671724968,0,0,0x0,0,8,8,0,0,0,0,0,0,018B178007FF2926,NORMAL_FEEDBACK,,0,DISABLED,1.08319981689174,0.0109890109890074,-0.00244200244200243,41,38
373,1811349.250301071,SENT_CALLBACK,22411661870136,1,0,0x7FF,2047,8,8,0,0,0,0,1,0,0100CC0000000000,UNKNOWN,,,,,,,,
374,1811349.250307481,RX_CALLBACK,22411681364064,0,0,0x0,0,8,8,0,0,0,0,0,0,018B187FE7FE2926,NORMAL_FEEDBACK,,0,DISABLED,1.08358129243915,-0.0329670329670364,-0.0073260073260073,41,38
375,1811349.250312691,SENT_CALLBACK,22411671609096,1,0,0x7FF,2047,8,8,0,0,0,0,1,0,0100CC0000000000,UNKNOWN,,,,,,,,
376,1811349.250318264,RX_CALLBACK,22411690892808,0,0,0x0,0,8,8,0,0,0,0,0,0,018B198007FF2926,NORMAL_FEEDBACK,,0,DISABLED,1.08396276798657,0.0109890109890074,-0.00244200244200243,41,38
377,1811349.250323422,SENT_CALLBACK,22411681248216,1,0,0x7FF,2047,8,8,0,0,0,0,1,0,0100CC0000000000,UNKNOWN,,,,,,,,
378,1811349.251156435,TX_REQUEST,0,1,0,0x7FF,2047,8,8,0,0,0,0,0,0,0100CC0000000000,UNKNOWN,POST_DISABLE_POSITION_010,,,,,,,
379,1811349.261211843,TX_REQUEST,0,1,0,0x7FF,2047,8,8,0,0,0,0,0,0,0100CC0000000000,UNKNOWN,POST_DISABLE_POSITION_011,,,,,,,
380,1811349.271176985,TX_REQUEST,0,1,0,0x7FF,2047,8,8,0,0,0,0,0,0,0100CC0000000000,UNKNOWN,POST_DISABLE_POSITION_012,,,,,,,
381,1811349.281164735,TX_REQUEST,0,1,0,0x7FF,2047,8,8,0,0,0,0,0,0,0100CC0000000000,UNKNOWN,POST_DISABLE_POSITION_013,,,,,,,
382,1811349.291168186,TX_REQUEST,0,1,0,0x7FF,2047,8,8,0,0,0,0,0,0,0100CC0000000000,UNKNOWN,POST_DISABLE_POSITION_014,,,,,,,
383,1811349.301164759,TX_REQUEST,0,1,0,0x7FF,2047,8,8,0,0,0,0,0,0,0100CC0000000000,UNKNOWN,POST_DISABLE_POSITION_015,,,,,,,
384,1811349.311145207,TX_REQUEST,0,1,0,0x7FF,2047,8,8,0,0,0,0,0,0,0100CC0000000000,UNKNOWN,POST_DISABLE_POSITION_016,,,,,,,
385,1811349.321101095,TX_REQUEST,0,1,0,0x7FF,2047,8,8,0,0,0,0,0,0,0100CC0000000000,UNKNOWN,POST_DISABLE_POSITION_017,,,,,,,
386,1811349.331165074,TX_REQUEST,0,1,0,0x7FF,2047,8,8,0,0,0,0,0,0,0100CC0000000000,UNKNOWN,POST_DISABLE_POSITION_018,,,,,,,
387,1811349.341143065,TX_REQUEST,0,1,0,0x7FF,2047,8,8,0,0,0,0,0,0,0100CC0000000000,UNKNOWN,POST_DISABLE_POSITION_019,,,,,,,
388,1811349.350432332,RX_CALLBACK,22411700555928,0,0,0x0,0,8,8,0,0,0,0,0,0,018B187FF7FF2926,NORMAL_FEEDBACK,,0,DISABLED,1.08358129243915,-0.0109890109890074,-0.00244200244200243,41,38
389,1811349.350466890,SENT_CALLBACK,22411690776912,1,0,0x7FF,2047,8,8,0,0,0,0,1,0,0100CC0000000000,UNKNOWN,,,,,,,,
390,1811349.350474710,RX_CALLBACK,22411710255528,0,0,0x0,0,8,8,0,0,0,0,0,0,018B197FF7FF2926,NORMAL_FEEDBACK,,0,DISABLED,1.08396276798657,-0.0109890109890074,-0.00244200244200243,41,38
391,1811349.350480766,SENT_CALLBACK,22411700440056,1,0,0x7FF,2047,8,8,0,0,0,0,1,0,0100CC0000000000,UNKNOWN,,,,,,,,
392,1811349.350489097,RX_CALLBACK,22411719914832,0,0,0x0,0,8,8,0,0,0,0,0,0,018B187FF7FF2926,NORMAL_FEEDBACK,,0,DISABLED,1.08358129243915,-0.0109890109890074,-0.00244200244200243,41,38
393,1811349.350494950,SENT_CALLBACK,22411710139656,1,0,0x7FF,2047,8,8,0,0,0,0,1,0,0100CC0000000000,UNKNOWN,,,,,,,,
394,1811349.350501005,RX_CALLBACK,22411729483872,0,0,0x0,0,8,8,0,0,0,0,0,0,018B187FF7FF2926,NORMAL_FEEDBACK,,0,DISABLED,1.08358129243915,-0.0109890109890074,-0.00244200244200243,41,38
395,1811349.350506824,SENT_CALLBACK,22411719795096,1,0,0x7FF,2047,8,8,0,0,0,0,1,0,0100CC0000000000,UNKNOWN,,,,,,,,
396,1811349.350513316,RX_CALLBACK,22411739134488,0,0,0x0,0,8,8,0,0,0,0,0,0,018B188007FF2926,NORMAL_FEEDBACK,,0,DISABLED,1.08358129243915,0.0109890109890074,-0.00244200244200243,41,38
397,1811349.350518914,SENT_CALLBACK,22411729368000,1,0,0x7FF,2047,8,8,0,0,0,0,1,0,0100CC0000000000,UNKNOWN,,,,,,,,
398,1811349.350524756,RX_CALLBACK,22411748775528,0,0,0x0,0,8,8,0,0,0,0,0,0,018B197FF7FF2926,NORMAL_FEEDBACK,,0,DISABLED,1.08396276798657,-0.0109890109890074,-0.00244200244200243,41,38
399,1811349.350530193,SENT_CALLBACK,22411739017680,1,0,0x7FF,2047,8,8,0,0,0,0,1,0,0100CC0000000000,UNKNOWN,,,,,,,,
400,1811349.350536026,RX_CALLBACK,22411758390648,0,0,0x0,0,8,8,0,0,0,0,0,0,018B187FF7FF2926,NORMAL_FEEDBACK,,0,DISABLED,1.08358129243915,-0.0109890109890074,-0.00244200244200243,41,38
401,1811349.350542000,SENT_CALLBACK,22411748659656,1,0,0x7FF,2047,8,8,0,0,0,0,1,0,0100CC0000000000,UNKNOWN,,,,,,,,
402,1811349.350547957,RX_CALLBACK,22411768034544,0,0,0x0,0,8,8,0,0,0,0,0,0,018B188007FF2926,NORMAL_FEEDBACK,,0,DISABLED,1.08358129243915,0.0109890109890074,-0.00244200244200243,41,38
403,1811349.350553532,SENT_CALLBACK,22411758274776,1,0,0x7FF,2047,8,8,0,0,0,0,1,0,0100CC0000000000,UNKNOWN,,,,,,,,
404,1811349.350559534,RX_CALLBACK,22411777702464,0,0,0x0,0,8,8,0,0,0,0,0,0,018B187FD7FF2926,NORMAL_FEEDBACK,,0,DISABLED,1.08358129243915,-0.0549450549450512,-0.00244200244200243,41,38
405,1811349.350565167,SENT_CALLBACK,22411767917736,1,0,0x7FF,2047,8,8,0,0,0,0,1,0,0100CC0000000000,UNKNOWN,,,,,,,,
406,1811349.350570621,RX_CALLBACK,22411787322384,0,0,0x0,0,8,8,0,0,0,0,0,0,018B188007FF2926,NORMAL_FEEDBACK,,0,DISABLED,1.08358129243915,0.0109890109890074,-0.00244200244200243,41,38
407,1811349.350575945,SENT_CALLBACK,22411777585632,1,0,0x7FF,2047,8,8,0,0,0,0,1,0,0100CC0000000000,UNKNOWN,,,,,,,,
408,1811349.351084360,TX_REQUEST,0,1,0,0x7FF,2047,8,8,0,0,0,0,0,0,0100CC0000000000,UNKNOWN,POST_DISABLE_POSITION_020,,,,,,,
409,1811349.361143495,TX_REQUEST,0,1,0,0x7FF,2047,8,8,0,0,0,0,0,0,0100CC0000000000,UNKNOWN,POST_DISABLE_POSITION_021,,,,,,,
410,1811349.371092857,TX_REQUEST,0,1,0,0x7FF,2047,8,8,0,0,0,0,0,0,0100CC0000000000,UNKNOWN,POST_DISABLE_POSITION_022,,,,,,,
411,1811349.381189434,TX_REQUEST,0,1,0,0x7FF,2047,8,8,0,0,0,0,0,0,0100CC0000000000,UNKNOWN,POST_DISABLE_POSITION_023,,,,,,,
412,1811349.391098588,TX_REQUEST,0,1,0,0x7FF,2047,8,8,0,0,0,0,0,0,0100CC0000000000,UNKNOWN,POST_DISABLE_POSITION_024,,,,,,,
413,1811349.401164696,TX_REQUEST,0,1,0,0x7FF,2047,8,8,0,0,0,0,0,0,0100CC0000000000,UNKNOWN,POST_DISABLE_POSITION_025,,,,,,,
414,1811349.411165139,TX_REQUEST,0,1,0,0x7FF,2047,8,8,0,0,0,0,0,0,0100CC0000000000,UNKNOWN,POST_DISABLE_POSITION_026,,,,,,,
415,1811349.421168554,TX_REQUEST,0,1,0,0x7FF,2047,8,8,0,0,0,0,0,0,0100CC0000000000,UNKNOWN,POST_DISABLE_POSITION_027,,,,,,,
416,1811349.431169691,TX_REQUEST,0,1,0,0x7FF,2047,8,8,0,0,0,0,0,0,0100CC0000000000,UNKNOWN,POST_DISABLE_POSITION_028,,,,,,,
417,1811349.441220076,TX_REQUEST,0,1,0,0x7FF,2047,8,8,0,0,0,0,0,0,0100CC0000000000,UNKNOWN,POST_DISABLE_POSITION_029,,,,,,,
418,1811349.450877114,RX_CALLBACK,22411796916360,0,0,0x0,0,8,8,0,0,0,0,0,0,018B187FF7FF2926,NORMAL_FEEDBACK,,0,DISABLED,1.08358129243915,-0.0109890109890074,-0.00244200244200243,41,38
419,1811349.450913273,SENT_CALLBACK,22411787205552,1,0,0x7FF,2047,8,8,0,0,0,0,1,0,0100CC0000000000,UNKNOWN,,,,,,,,
420,1811349.450921237,RX_CALLBACK,22411806600552,0,0,0x0,0,8,8,0,0,0,0,0,0,018B177FF7FF2926,NORMAL_FEEDBACK,,0,DISABLED,1.08319981689174,-0.0109890109890074,-0.00244200244200243,41,38
421,1811349.450927797,SENT_CALLBACK,22411796800512,1,0,0x7FF,2047,8,8,0,0,0,0,1,0,0100CC0000000000,UNKNOWN,,,,,,,,
422,1811349.450934040,RX_CALLBACK,22411816205088,0,0,0x0,0,8,8,0,0,0,0,0,0,018B187FF7FF2926,NORMAL_FEEDBACK,,0,DISABLED,1.08358129243915,-0.0109890109890074,-0.00244200244200243,41,38
423,1811349.450940239,SENT_CALLBACK,22411806484728,1,0,0x7FF,2047,8,8,0,0,0,0,1,0,0100CC0000000000,UNKNOWN,,,,,,,,
424,1811349.450946137,RX_CALLBACK,22411825956528,0,0,0x0,0,8,8,0,0,0,0,0,0,018B187FE7FE2926,NORMAL_FEEDBACK,,0,DISABLED,1.08358129243915,-0.0329670329670364,-0.0073260073260073,41,38
425,1811349.450951916,SENT_CALLBACK,22411816089240,1,0,0x7FF,2047,8,8,0,0,0,0,1,0,0100CC0000000000,UNKNOWN,,,,,,,,
426,1811349.450957489,RX_CALLBACK,22411835492904,0,0,0x0,0,8,8,0,0,0,0,0,0,018B197FF7FE2926,NORMAL_FEEDBACK,,0,DISABLED,1.08396276798657,-0.0109890109890074,-0.0073260073260073,41,38
427,1811349.450963238,SENT_CALLBACK,22411825840656,1,0,0x7FF,2047,8,8,0,0,0,0,1,0,0100CC0000000000,UNKNOWN,,,,,,,,
428,1811349.450984896,RX_CALLBACK,22411845181944,0,0,0x0,0,8,8,0,0,0,0,0,0,018B187FE7FF2926,NORMAL_FEEDBACK,,0,DISABLED,1.08358129243915,-0.0329670329670364,-0.00244200244200243,41,38
429,1811349.450990416,SENT_CALLBACK,22411835377056,1,0,0x7FF,2047,8,8,0,0,0,0,1,0,0100CC0000000000,UNKNOWN,,,,,,,,
430,1811349.450995803,RX_CALLBACK,22411854825840,0,0,0x0,0,8,8,0,0,0,0,0,0,018B187FF7FE2926,NORMAL_FEEDBACK,,0,DISABLED,1.08358129243915,-0.0109890109890074,-0.0073260073260073,41,38
431,1811349.451015150,SENT_CALLBACK,22411845066072,1,0,0x7FF,2047,8,8,0,0,0,0,1,0,0100CC0000000000,UNKNOWN,,,,,,,,
432,1811349.451022314,RX_CALLBACK,22411864457256,0,0,0x0,0,8,8,0,0,0,0,0,0,018B187FF7FF2926,NORMAL_FEEDBACK,,0,DISABLED,1.08358129243915,-0.0109890109890074,-0.00244200244200243,41,38
433,1811349.451053175,SENT_CALLBACK,22411854709992,1,0,0x7FF,2047,8,8,0,0,0,0,1,0,0100CC0000000000,UNKNOWN,,,,,,,,
434,1811349.451058990,RX_CALLBACK,22411874134776,0,0,0x0,0,8,8,0,0,0,0,0,0,018B178007FF2926,NORMAL_FEEDBACK,,0,DISABLED,1.08319981689174,0.0109890109890074,-0.00244200244200243,41,38
435,1811349.451064648,SENT_CALLBACK,22411864341408,1,0,0x7FF,2047,8,8,0,0,0,0,1,0,0100CC0000000000,UNKNOWN,,,,,,,,
436,1811349.451070146,RX_CALLBACK,22411883847816,0,0,0x0,0,8,8,0,0,0,0,0,0,018B187FE7FF2926,NORMAL_FEEDBACK,,0,DISABLED,1.08358129243915,-0.0329670329670364,-0.00244200244200243,41,38
437,1811349.451075422,SENT_CALLBACK,22411874018904,1,0,0x7FF,2047,8,8,0,0,0,0,1,0,0100CC0000000000,UNKNOWN,,,,,,,,
438,1811349.451100997,TX_REQUEST,0,1,0,0x7FF,2047,8,8,0,0,0,0,0,0,0100CC0000000000,UNKNOWN,POST_DISABLE_POSITION_030,,,,,,,
439,1811349.461221548,TX_REQUEST,0,1,0,0x7FF,2047,8,8,0,0,0,0,0,0,0100CC0000000000,UNKNOWN,POST_DISABLE_POSITION_031,,,,,,,
440,1811349.471087401,TX_REQUEST,0,1,0,0x7FF,2047,8,8,0,0,0,0,0,0,0100CC0000000000,UNKNOWN,POST_DISABLE_POSITION_032,,,,,,,
441,1811349.481224603,TX_REQUEST,0,1,0,0x7FF,2047,8,8,0,0,0,0,0,0,0100CC0000000000,UNKNOWN,POST_DISABLE_POSITION_033,,,,,,,
442,1811349.491095895,TX_REQUEST,0,1,0,0x7FF,2047,8,8,0,0,0,0,0,0,0100CC0000000000,UNKNOWN,POST_DISABLE_POSITION_034,,,,,,,
443,1811349.501020727,TX_REQUEST,0,1,0,0x7FF,2047,8,8,0,0,0,0,0,0,0100CC0000000000,UNKNOWN,POST_DISABLE_POSITION_035,,,,,,,
444,1811349.511051218,TX_REQUEST,0,1,0,0x7FF,2047,8,8,0,0,0,0,0,0,0100CC0000000000,UNKNOWN,POST_DISABLE_POSITION_036,,,,,,,
445,1811349.520981431,TX_REQUEST,0,1,0,0x7FF,2047,8,8,0,0,0,0,0,0,0100CC0000000000,UNKNOWN,POST_DISABLE_POSITION_037,,,,,,,
446,1811349.531139347,TX_REQUEST,0,1,0,0x7FF,2047,8,8,0,0,0,0,0,0,0100CC0000000000,UNKNOWN,POST_DISABLE_POSITION_038,,,,,,,
447,1811349.541134830,TX_REQUEST,0,1,0,0x7FF,2047,8,8,0,0,0,0,0,0,0100CC0000000000,UNKNOWN,POST_DISABLE_POSITION_039,,,,,,,
448,1811349.551135781,TX_REQUEST,0,1,0,0x7FF,2047,8,8,0,0,0,0,0,0,0100CC0000000000,UNKNOWN,POST_DISABLE_POSITION_040,,,,,,,
449,1811349.551172309,RX_CALLBACK,22411893370776,0,0,0x0,0,8,8,0,0,0,0,0,0,018B187FF7FF2926,NORMAL_FEEDBACK,,0,DISABLED,1.08358129243915,-0.0109890109890074,-0.00244200244200243,41,38
450,1811349.551194352,SENT_CALLBACK,22411883731944,1,0,0x7FF,2047,8,8,0,0,0,0,1,0,0100CC0000000000,UNKNOWN,,,,,,,,
451,1811349.551202159,RX_CALLBACK,22411903130880,0,0,0x0,0,8,8,0,0,0,0,0,0,018B187FD7FF2926,NORMAL_FEEDBACK,,0,DISABLED,1.08358129243915,-0.0549450549450512,-0.00244200244200243,41,38
452,1811349.551208130,SENT_CALLBACK,22411893254904,1,0,0x7FF,2047,8,8,0,0,0,0,1,0,0100CC0000000000,UNKNOWN,,,,,,,,
453,1811349.551214007,RX_CALLBACK,22411912622208,0,0,0x0,0,8,8,0,0,0,0,0,0,018B188007FF2926,NORMAL_FEEDBACK,,0,DISABLED,1.08358129243915,0.0109890109890074,-0.00244200244200243,41,38
454,1811349.551225557,SENT_CALLBACK,22411903014024,1,0,0x7FF,2047,8,8,0,0,0,0,1,0,0100CC0000000000,UNKNOWN,,,,,,,,
455,1811349.551231140,RX_CALLBACK,22411922409168,0,0,0x0,0,8,8,0,0,0,0,0,0,018B187FF7FE2926,NORMAL_FEEDBACK,,0,DISABLED,1.08358129243915,-0.0109890109890074,-0.0073260073260073,41,38
456,1811349.551236893,SENT_CALLBACK,22411912505328,1,0,0x7FF,2047,8,8,0,0,0,0,1,0,0100CC0000000000,UNKNOWN,,,,,,,,
457,1811349.551243265,RX_CALLBACK,22411931917752,0,0,0x0,0,8,8,0,0,0,0,0,0,018B188007FF2926,NORMAL_FEEDBACK,,0,DISABLED,1.08358129243915,0.0109890109890074,-0.00244200244200243,41,38
458,1811349.551250394,SENT_CALLBACK,22411922293296,1,0,0x7FF,2047,8,8,0,0,0,0,1,0,0100CC0000000000,UNKNOWN,,,,,,,,
459,1811349.551255896,RX_CALLBACK,22411941458928,0,0,0x0,0,8,8,0,0,0,0,0,0,018B187FE7FF2926,NORMAL_FEEDBACK,,0,DISABLED,1.08358129243915,-0.0329670329670364,-0.00244200244200243,41,38
460,1811349.551262029,SENT_CALLBACK,22411931800896,1,0,0x7FF,2047,8,8,0,0,0,0,1,0,0100CC0000000000,UNKNOWN,,,,,,,,
461,1811349.551267536,RX_CALLBACK,22411951181544,0,0,0x0,0,8,8,0,0,0,0,0,0,018B188007FF2926,NORMAL_FEEDBACK,,0,DISABLED,1.08358129243915,0.0109890109890074,-0.00244200244200243,41,38
462,1811349.551273330,SENT_CALLBACK,22411941343080,1,0,0x7FF,2047,8,8,0,0,0,0,1,0,0100CC0000000000,UNKNOWN,,,,,,,,
463,1811349.551283481,RX_CALLBACK,22411960714128,0,0,0x0,0,8,8,0,0,0,0,0,0,018B198007FF2926,NORMAL_FEEDBACK,,0,DISABLED,1.08396276798657,0.0109890109890074,-0.00244200244200243,41,38
464,1811349.551291021,SENT_CALLBACK,22411951064736,1,0,0x7FF,2047,8,8,0,0,0,0,1,0,0100CC0000000000,UNKNOWN,,,,,,,,
465,1811349.551297287,RX_CALLBACK,22411970510712,0,0,0x0,0,8,8,0,0,0,0,0,0,018B197FE7FE2926,NORMAL_FEEDBACK,,0,DISABLED,1.08396276798657,-0.0329670329670364,-0.0073260073260073,41,38
466,1811349.551302701,SENT_CALLBACK,22411960597272,1,0,0x7FF,2047,8,8,0,0,0,0,1,0,0100CC0000000000,UNKNOWN,,,,,,,,
467,1811349.551308398,RX_CALLBACK,22411980126768,0,0,0x0,0,8,8,0,0,0,0,0,0,018B188007FF2926,NORMAL_FEEDBACK,,0,DISABLED,1.08358129243915,0.0109890109890074,-0.00244200244200243,41,38
468,1811349.551313799,SENT_CALLBACK,22411970393856,1,0,0x7FF,2047,8,8,0,0,0,0,1,0,0100CC0000000000,UNKNOWN,,,,,,,,
469,1811349.561158005,TX_REQUEST,0,1,0,0x7FF,2047,8,8,0,0,0,0,0,0,0100CC0000000000,UNKNOWN,POST_DISABLE_POSITION_041,,,,,,,
470,1811349.571191135,TX_REQUEST,0,1,0,0x7FF,2047,8,8,0,0,0,0,0,0,0100CC0000000000,UNKNOWN,POST_DISABLE_POSITION_042,,,,,,,
471,1811349.581201187,TX_REQUEST,0,1,0,0x7FF,2047,8,8,0,0,0,0,0,0,0100CC0000000000,UNKNOWN,POST_DISABLE_POSITION_043,,,,,,,
472,1811349.591085358,TX_REQUEST,0,1,0,0x7FF,2047,8,8,0,0,0,0,0,0,0100CC0000000000,UNKNOWN,POST_DISABLE_POSITION_044,,,,,,,
473,1811349.601134841,TX_REQUEST,0,1,0,0x7FF,2047,8,8,0,0,0,0,0,0,0100CC0000000000,UNKNOWN,POST_DISABLE_POSITION_045,,,,,,,
474,1811349.611136785,TX_REQUEST,0,1,0,0x7FF,2047,8,8,0,0,0,0,0,0,0100CC0000000000,UNKNOWN,POST_DISABLE_POSITION_046,,,,,,,
475,1811349.621080246,TX_REQUEST,0,1,0,0x7FF,2047,8,8,0,0,0,0,0,0,0100CC0000000000,UNKNOWN,POST_DISABLE_POSITION_047,,,,,,,
476,1811349.631137689,TX_REQUEST,0,1,0,0x7FF,2047,8,8,0,0,0,0,0,0,0100CC0000000000,UNKNOWN,POST_DISABLE_POSITION_048,,,,,,,
477,1811349.641134649,TX_REQUEST,0,1,0,0x7FF,2047,8,8,0,0,0,0,0,0,0100CC0000000000,UNKNOWN,POST_DISABLE_POSITION_049,,,,,,,
478,1811349.651423117,RX_CALLBACK,22411989793728,0,0,0x0,0,8,8,0,0,0,0,0,0,018B187FE7FF2926,NORMAL_FEEDBACK,,0,DISABLED,1.08358129243915,-0.0329670329670364,-0.00244200244200243,41,38
479,1811349.651445663,SENT_CALLBACK,22411980009960,1,0,0x7FF,2047,8,8,0,0,0,0,1,0,0100CC0000000000,UNKNOWN,,,,,,,,
480,1811349.651454073,RX_CALLBACK,22411999455864,0,0,0x0,0,8,8,0,0,0,0,0,0,018B177FF7FF2926,NORMAL_FEEDBACK,,0,DISABLED,1.08319981689174,-0.0109890109890074,-0.00244200244200243,41,38
481,1811349.651460696,SENT_CALLBACK,22411989677856,1,0,0x7FF,2047,8,8,0,0,0,0,1,0,0100CC0000000000,UNKNOWN,,,,,,,,
482,1811349.651469535,RX_CALLBACK,22412009127600,0,0,0x0,0,8,8,0,0,0,0,0,0,018B187FF7FE2926,NORMAL_FEEDBACK,,0,DISABLED,1.08358129243915,-0.0109890109890074,-0.0073260073260073,41,38
483,1811349.651475854,SENT_CALLBACK,22411999340016,1,0,0x7FF,2047,8,8,0,0,0,0,1,0,0100CC0000000000,UNKNOWN,,,,,,,,
484,1811349.651482456,RX_CALLBACK,22412018770560,0,0,0x0,0,8,8,0,0,0,0,0,0,018B188007FF2926,NORMAL_FEEDBACK,,0,DISABLED,1.08358129243915,0.0109890109890074,-0.00244200244200243,41,38
485,1811349.651488967,SENT_CALLBACK,22412009011752,1,0,0x7FF,2047,8,8,0,0,0,0,1,0,0100CC0000000000,UNKNOWN,,,,,,,,
486,1811349.651495880,RX_CALLBACK,22412028332856,0,0,0x0,0,8,8,0,0,0,0,0,0,018B187FD7FF2926,NORMAL_FEEDBACK,,0,DISABLED,1.08358129243915,-0.0549450549450512,-0.00244200244200243,41,38
487,1811349.651502609,SENT_CALLBACK,22412018653728,1,0,0x7FF,2047,8,8,0,0,0,0,1,0,0100CC0000000000,UNKNOWN,,,,,,,,
488,1811349.651509163,RX_CALLBACK,22412037974856,0,0,0x0,0,8,8,0,0,0,0,0,0,018B198007FF2926,NORMAL_FEEDBACK,,0,DISABLED,1.08396276798657,0.0109890109890074,-0.00244200244200243,41,38
489,1811349.651516699,SENT_CALLBACK,22412028216048,1,0,0x7FF,2047,8,8,0,0,0,0,1,0,0100CC0000000000,UNKNOWN,,,,,,,,
490,1811349.651523144,RX_CALLBACK,22412047646616,0,0,0x0,0,8,8,0,0,0,0,0,0,018B178007FF2926,NORMAL_FEEDBACK,,0,DISABLED,1.08319981689174,0.0109890109890074,-0.00244200244200243,41,38
491,1811349.651529719,SENT_CALLBACK,22412037858984,1,0,0x7FF,2047,8,8,0,0,0,0,1,0,0100CC0000000000,UNKNOWN,,,,,,,,
492,1811349.651536464,RX_CALLBACK,22412057221416,0,0,0x0,0,8,8,0,0,0,0,0,0,018B188007FF2926,NORMAL_FEEDBACK,,0,DISABLED,1.08358129243915,0.0109890109890074,-0.00244200244200243,41,38
493,1811349.651542984,SENT_CALLBACK,22412047530744,1,0,0x7FF,2047,8,8,0,0,0,0,1,0,0100CC0000000000,UNKNOWN,,,,,,,,
494,1811349.651549569,RX_CALLBACK,22412066934480,0,0,0x0,0,8,8,0,0,0,0,0,0,018B177FF7FF2926,NORMAL_FEEDBACK,,0,DISABLED,1.08319981689174,-0.0109890109890074,-0.00244200244200243,41,38
495,1811349.651556119,SENT_CALLBACK,22412057104584,1,0,0x7FF,2047,8,8,0,0,0,0,1,0,0100CC0000000000,UNKNOWN,,,,,,,,
496,1811349.651563458,RX_CALLBACK,22412076549624,0,0,0x0,0,8,8,0,0,0,0,0,0,018B188007FF2926,NORMAL_FEEDBACK,,0,DISABLED,1.08358129243915,0.0109890109890074,-0.00244200244200243,41,38
497,1811349.651569933,SENT_CALLBACK,22412066818584,1,0,0x7FF,2047,8,8,0,0,0,0,1,0,0100CC0000000000,UNKNOWN,,,,,,,,
