sample_label,sequence,ros_time_ns,joint1_position_rad,joint2_position_rad,joint3_position_rad,joint4_position_rad,joint5_position_rad,joint6_position_rad,joint1_velocity_rad_s,joint2_velocity_rad_s,joint3_velocity_rad_s,joint4_velocity_rad_s,joint5_velocity_rad_s,joint6_velocity_rad_s
baseline,1070,1787474545005085438,0.0,-1.514127487425209e-05,0.0,0.0,0.0,-0.0,-0.011632109045126423,0.0058160551110766935,0.0,0.0,-0.03877369760177272,0.0329670329670364
j4_start,8354,1787474690684999582,-3.0357879474246726e-05,0.0,0.0,6.056509949700836e-05,0.0,-0.0,-0.06203791333797164,0.0,-0.03877369760177272,0.04652843618050569,-0.03877369760177272,0.010989010989007397
j4_rise,8444,1787474692485021732,9.084764924551253e-05,0.0,-3.028254974850418e-05,0.020447048777202693,0.00012120552871975926,-0.0,0.007754739167246455,0.03877369760177272,-0.03101895666898582,-0.050405807823926105,-0.007754739167246455,0.010989010989007397
j4_stall,8744,1787474698485014728,9.084764924551253e-05,-1.514127487425209e-05,-3.028254974850418e-05,0.020537896426448207,0.00012120552871975926,-0.0,0.0,-0.0058160551110766935,0.03489632831240623,-0.03877369760177272,-0.007754739167246455,0.0329670329670364
j4_braked,8820,1787474700005151403,9.084764924551253e-05,0.0,0.0,0.00202953347095572,0.0,-0.0003814755474174092,-0.05428317475923866,0.027141587673876075,0.0,-0.03101895666898582,-0.011632109045126423,0.010989010989007397
j5_start,12920,1787474782005004955,9.084764924551253e-05,-3.028254974850418e-05,0.0,0.0019386858217102078,0.0005149540051760561,-0.0003814755474174092,-0.050405807823926105,-0.025202901852165865,-0.03489632831240623,-0.023264218090252847,0.0038773695836232273,0.010989010989007397
j5_rise,13010,1787474783805130835,0.00018169529849102506,-1.514127487425209e-05,-9.084764924551253e-05,0.000999625460603608,0.06782372121010877,-0.0003814755474174092,-0.06979265662481246,0.017448162979176153,-0.08142476684696585,0.0,-0.02714158737961933,-0.010989010989007397
j5_stall,13310,1787474789805106453,0.00021197784823952926,0.0,-9.084764924551253e-05,0.0009693429108551039,0.06785400375985727,-0.0003814755474174092,-0.06591528498139206,-0.0019386849389399843,-0.05816054640265908,-0.042651064537085275,-0.05428317475923866,0.010989010989007397
j5_braked,13395,1787474791505106789,0.00018169529849102506,0.0,-6.056509949700836e-05,0.0003331833769592885,0.060038695373519434,-0.0,-0.08142476684696585,0.023264218678766328,0.0,-0.05816054640265908,0.0,0.0549450549450512
j6_start,16082,1787474845245121066,0.00021197784823952926,-1.514127487425209e-05,-6.056509949700836e-05,0.0003331833769592885,0.06000841282377093,-0.0,-0.023264218090252847,-0.02908027320132954,-0.042651064537085275,-0.03101895666898582,0.0,-0.010989010989007397
j6_rise,16172,1787474847045126489,0.00021197784823952926,-3.028254974850418e-05,-9.084764924551253e-05,0.0003634659267077927,0.06000841282377093,0.07400625619897738,-0.01550947833449291,-0.03877369760177272,-0.03877369760177272,0.023264218090252847,-0.007754739167246455,0.010989010989007397
j6_stall,16472,1787474853044969290,0.00021197784823952926,-1.514127487425209e-05,-9.084764924551253e-05,0.0003331833769592885,0.06000841282377093,0.07438773174639479,-0.007754739167246455,-0.011632109192254794,0.01550947833449291,-0.03877369760177272,0.0,0.010989010989007397
j6_braked,16570,1787474855005020629,0.00021197784823952926,-1.514127487425209e-05,-9.084764924551253e-05,0.0003331833769592885,0.06000841282377093,0.06675822079804661,-0.03489632831240623,-0.01744816312630452,-0.09305687236101139,-0.023264218090252847,0.0,0.010989010989007397
j6_return_start,19076,1787474905124968512,0.00021197784823952926,0.0,-9.084764924551253e-05,0.0003331833769592885,0.06000841282377093,0.06675822079804661,-0.01550947833449291,0.021325533739826343,-0.08530212907417055,-0.01938684880088636,-0.01550947833449291,0.010989010989007397
j6_return_pass,19154,1787474906685024223,0.00024233572771377597,-1.514127487425209e-05,-3.028254974850418e-05,0.00030290082721078434,0.06000841282377093,0.005340657663843729,0.01938684880088636,0.0,-0.02714158737961933,-0.07367002356012502,0.0,-0.010989010989007397
j5_return_start,19202,1787474907645032880,0.00021197784823952926,-1.514127487425209e-05,-6.056509949700836e-05,0.0003331833769592885,0.05982664219555416,0.006485084306095956,-0.023264218090252847,-0.007754738578732972,0.0038773695836232273,0.0,-0.03489632831240623,0.010989010989007397
j5_return_stall,19604,1787474915685019160,0.0004543135759533052,-1.514127487425209e-05,-9.084764924551253e-05,-0.0011208309893233673,0.016085081008080468,0.006866559853513365,0.01938684880088636,-0.013570793984066406,-0.01550947833449291,-0.03101895666898582,-0.01938684880088636,0.010989010989007397
final_capture,20401,1787474931625002872,0.0004543135759533052,0.0,-0.00012113019899401671,-0.0009087778113580956,0.020659101955167965,0.006485084306095956,-0.0038773695836232273,0.017448163567689634,-0.06979265662481246,-0.03877369760177272,-0.05816054640265908,0.0329670329670364
