metric,V15.23C_10deg_s_Kp050,V15.23C_R1_10deg_s_Kp050,V15.23C_D2_5deg_s_Kp050,V15.23C_D3_RUN1_10deg_s_Kp060,V15.23C_D3_RUN2_10deg_s_Kp060
trajectory_velocity_deg_s,10,10,5,10,10
plus_5_error_deg,0.2913150062689329,0.17329408367147003,0.26701766004711747,0.24098309349414038,0.2236259964462617
first_center_error_deg,0.8435013971924357,0.5276229480827728,0.9025107794723276,0.20132980913684748,0.22042196847820955
first_center_final_signed_error_deg,0.8435013971924356,0.4651412831782339,0.9007757171788432,0.20132980913684748,0.22042196847820955
first_center_last100ms_slope_deg_s,0.0031445327702534238,-0.5985244260671047,-1.3273528928993352e-05,0.00737735282631877,0.002118368418702922
first_center_behavior,PLATEAU,WITHIN_THRESHOLD,PLATEAU,WITHIN_THRESHOLD,WITHIN_THRESHOLD
minus_5_error_deg,0.483965187863002,0.6054583930851107,0.7061222186346958,0.24792334266807714,0.2861076613508011
final_center_error_deg,0.16748530422551247,0.8955705302983906,0.38877480385046415,0.03471203605807715,0.005207344918131188
final_center_final_signed_error_deg,-0.15099789636205524,-0.8938354680049063,-0.3870397415569799,-0.02950469113994596,0.0
final_center_last100ms_slope_deg_s,0.09150545100508324,0.006284294957116581,0.018899777576347185,0.02426176769467538,0.01785597204571039
final_center_behavior,WITHIN_THRESHOLD,PLATEAU,WITHIN_THRESHOLD,WITHIN_THRESHOLD,WITHIN_THRESHOLD
max_qdot_fast_deg_s,15.864272620628434,15.506397986977934,11.764434743126492,14.87532800958846,14.626861638136507
max_qdot_slow_deg_s,13.097649715995761,12.812877305332808,9.89633503957973,12.945915659446612,12.724472065120642
max_sdk_dq_rad_s,2.012587547302246,2.208937406539917,1.7180625200271606,1.914412498474121,2.3316562175750732
tau_min,-0.06640625,-0.06640625,-0.0703125,-0.0703125,-0.06640625
tau_max,0.05859375,0.06640625,0.06640625,0.05859375,0.06640625
temperature_c,34..34,33..33,33..33,32..32,33..33
merror_nonzero_frames,0,0,0,0,0
invalid_feedback_frames,0,0,0,0,0
operator_observation,CLOCKWISE_PLUS_5_RETURN_COUNTERCLOCKWISE_MINUS_5_RETURN_NO_ABNORMALITY,SAFE,SAFE,SAFE,SAFE
overall_result,FAIL,FAIL,FAIL,PASS,PASS
