tick,timestamp_s,phase,j4_mode,q_cmd_motor_rad,dq_cmd_motor_rad_s,q_feedback_motor_rad,q_relative_motor_rad,q_relative_output_protocol_rad,q_relative_ros_rad,qdot_fast_deg_s,qdot_slow_deg_s,dq_sdk,tau_feedback,temperature_c,merror,data_correct,j3_mode,j3_merror,j3_correct,j5_mode,j5_merror,j5_correct,tx_period_ms,tx_jitter_ms
0,1.057e-06,SESSION_2_CAPTURE,0,0,0,-18.800321578979492,nan,nan,nan,0,0,0,0,34,0,1,0,0,1,0,0,1,nan,nan
0,0.010055549,SESSION_2_CAPTURE,0,0,0,-18.800512313842773,nan,nan,nan,0,0,-0.34361249208450317,0,34,0,1,0,0,1,0,0,1,nan,nan
0,0.020054717999999999,SESSION_2_CAPTURE,0,0,0,-18.800321578979492,nan,nan,nan,0,0,0,0,34,0,1,0,0,1,0,0,1,nan,nan
0,0.030054671000000002,SESSION_2_CAPTURE,0,0,0,-18.800321578979492,nan,nan,nan,0,0,0.073631249368190765,0,34,0,1,0,0,1,0,0,1,nan,nan
0,0.040054682000000001,SESSION_2_CAPTURE,0,0,0,-18.800512313842773,nan,nan,nan,0,0,-0.36815625429153442,0,34,0,1,0,0,1,0,0,1,nan,nan
0,0.050055331000000002,SESSION_2_CAPTURE,0,0,0,-18.800321578979492,nan,nan,nan,0,0,0,0,34,0,1,0,0,1,0,0,1,nan,nan
0,0.060068400000000001,SESSION_2_CAPTURE,0,0,0,-18.800321578979492,nan,nan,nan,0,0,0.024543749168515205,0,34,0,1,0,0,1,0,0,1,nan,nan
0,0.070055153999999994,SESSION_2_CAPTURE,0,0,0,-18.800321578979492,nan,nan,nan,0,0,0.024543749168515205,0,34,0,1,0,0,1,0,0,1,nan,nan
0,0.080198961999999999,SESSION_2_CAPTURE,0,0,0,-18.800321578979492,nan,nan,nan,0,0,0.073631249368190765,0,34,0,1,0,0,1,0,0,1,nan,nan
0,0.090054459000000003,SESSION_2_CAPTURE,0,0,0,-18.800321578979492,nan,nan,nan,0,0,0.073631249368190765,0,34,0,1,0,0,1,0,0,1,nan,nan
0,0.10005459999999999,SESSION_2_CAPTURE,0,0,0,-18.800512313842773,nan,nan,nan,0,0,-0.39269998669624329,0,34,0,1,0,0,1,0,0,1,nan,nan
0,0.11005456299999999,SESSION_2_CAPTURE,0,0,0,-18.800321578979492,nan,nan,nan,0,0,0.073631249368190765,0,34,0,1,0,0,1,0,0,1,nan,nan
0,0.120054813,SESSION_2_CAPTURE,0,0,0,-18.800512313842773,nan,nan,nan,0,0,-0.31906875967979431,0,34,0,1,0,0,1,0,0,1,nan,nan
0,0.13005462300000001,SESSION_2_CAPTURE,0,0,0,-18.800512313842773,nan,nan,nan,0,0,-0.29452499747276306,0,34,0,1,0,0,1,0,0,1,nan,nan
0,0.14005442400000001,SESSION_2_CAPTURE,0,0,0,-18.800321578979492,nan,nan,nan,0,0,0.098174996674060822,0,34,0,1,0,0,1,0,0,1,nan,nan
0,0.15005478999999999,SESSION_2_CAPTURE,0,0,0,-18.800321578979492,nan,nan,nan,0,0,0.098174996674060822,0,34,0,1,0,0,1,0,0,1,nan,nan
0,0.16005596599999999,SESSION_2_CAPTURE,0,0,0,-18.800512313842773,nan,nan,nan,0,0,-0.36815625429153442,0,34,0,1,0,0,1,0,0,1,nan,nan
0,0.170059244,SESSION_2_CAPTURE,0,0,0,-18.800512313842773,nan,nan,nan,0,0,-0.31906875967979431,0,34,0,1,0,0,1,0,0,1,nan,nan
0,0.18018339,SESSION_2_CAPTURE,0,0,0,-18.800321578979492,nan,nan,nan,0,0,0.024543749168515205,0,34,0,1,0,0,1,0,0,1,nan,nan
0,0.19018743099999999,SESSION_2_CAPTURE,0,0,0,-18.800321578979492,nan,nan,nan,0,0,0.049087498337030411,0,34,0,1,0,0,1,0,0,1,nan,nan
0,0.20006254700000001,SESSION_2_CAPTURE,0,0,0,-18.800321578979492,nan,nan,nan,0,0,0.024543749168515205,0,34,0,1,0,0,1,0,0,1,nan,nan
0,0.21009278000000001,SESSION_2_CAPTURE,0,0,0,-18.800321578979492,nan,nan,nan,0,0,0.049087498337030411,0,34,0,1,0,0,1,0,0,1,nan,nan
0,0.22012469700000001,SESSION_2_CAPTURE,0,0,0,-18.800321578979492,nan,nan,nan,0,0,0,0,34,0,1,0,0,1,0,0,1,nan,nan
0,0.230170181,SESSION_2_CAPTURE,0,0,0,-18.800512313842773,nan,nan,nan,0,0,-0.44178751111030579,0,34,0,1,0,0,1,0,0,1,nan,nan
0,0.240093538,SESSION_2_CAPTURE,0,0,0,-18.800512313842773,nan,nan,nan,0,0,-0.36815625429153442,0,34,0,1,0,0,1,0,0,1,nan,nan
0,0.25005745600000001,SESSION_2_CAPTURE,0,0,0,-18.800321578979492,nan,nan,nan,0,0,0.024543749168515205,0,34,0,1,0,0,1,0,0,1,nan,nan
0,0.26008892900000002,SESSION_2_CAPTURE,0,0,0,-18.800512313842773,nan,nan,nan,0,0,-0.34361249208450317,0,34,0,1,0,0,1,0,0,1,nan,nan
0,0.27009780300000003,SESSION_2_CAPTURE,0,0,0,-18.800512313842773,nan,nan,nan,0,0,-0.24543750286102295,0,34,0,1,0,0,1,0,0,1,nan,nan
0,0.28010906800000002,SESSION_2_CAPTURE,0,0,0,-18.800321578979492,nan,nan,nan,0,0,-0.049087498337030411,0,34,0,1,0,0,1,0,0,1,nan,nan
0,0.29017301099999998,SESSION_2_CAPTURE,0,0,0,-18.800321578979492,nan,nan,nan,0,0,0.024543749168515205,0,34,0,1,0,0,1,0,0,1,nan,nan
0,0.30009206599999999,SESSION_2_CAPTURE,0,0,0,-18.800128936767578,nan,nan,nan,0,0,0.39269998669624329,0,34,0,1,0,0,1,0,0,1,nan,nan
0,0.31009598900000002,SESSION_2_CAPTURE,0,0,0,-18.800321578979492,nan,nan,nan,0,0,0.049087498337030411,0,34,0,1,0,0,1,0,0,1,nan,nan
0,0.32008841100000002,SESSION_2_CAPTURE,0,0,0,-18.800321578979492,nan,nan,nan,0,0,0.073631249368190765,0,34,0,1,0,0,1,0,0,1,nan,nan
0,0.33021674600000001,SESSION_2_CAPTURE,0,0,0,-18.800321578979492,nan,nan,nan,0,0,-0.049087498337030411,0,34,0,1,0,0,1,0,0,1,nan,nan
0,0.34015773599999999,SESSION_2_CAPTURE,0,0,0,-18.800321578979492,nan,nan,nan,0,0,-0.073631249368190765,0,34,0,1,0,0,1,0,0,1,nan,nan
0,0.35013202500000001,SESSION_2_CAPTURE,0,0,0,-18.800512313842773,nan,nan,nan,0,0,-0.39269998669624329,0,34,0,1,0,0,1,0,0,1,nan,nan
0,0.36012032799999999,SESSION_2_CAPTURE,0,0,0,-18.800321578979492,nan,nan,nan,0,0,0,0,34,0,1,0,0,1,0,0,1,nan,nan
0,0.37011055300000001,SESSION_2_CAPTURE,0,0,0,-18.800512313842773,nan,nan,nan,0,0,-0.31906875967979431,0,34,0,1,0,0,1,0,0,1,nan,nan
0,0.38010888199999998,SESSION_2_CAPTURE,0,0,0,-18.800321578979492,nan,nan,nan,0,0,0,0,34,0,1,0,0,1,0,0,1,nan,nan
0,0.39009375800000001,SESSION_2_CAPTURE,0,0,0,-18.800321578979492,nan,nan,nan,0,0,0,0,34,0,1,0,0,1,0,0,1,nan,nan
0,0.40009626100000001,SESSION_2_CAPTURE,0,0,0,-18.800321578979492,nan,nan,nan,0,0,-0.024543749168515205,0,34,0,1,0,0,1,0,0,1,nan,nan
0,0.41010351699999997,SESSION_2_CAPTURE,0,0,0,-18.800512313842773,nan,nan,nan,0,0,-0.36815625429153442,0,34,0,1,0,0,1,0,0,1,nan,nan
0,0.42010383299999998,SESSION_2_CAPTURE,0,0,0,-18.800321578979492,nan,nan,nan,0,0,0.073631249368190765,0,34,0,1,0,0,1,0,0,1,nan,nan
0,0.43012742300000001,SESSION_2_CAPTURE,0,0,0,-18.800321578979492,nan,nan,nan,0,0,0,0,34,0,1,0,0,1,0,0,1,nan,nan
0,0.44009049099999997,SESSION_2_CAPTURE,0,0,0,-18.800512313842773,nan,nan,nan,0,0,-0.31906875967979431,0,34,0,1,0,0,1,0,0,1,nan,nan
0,0.45015343600000002,SESSION_2_CAPTURE,0,0,0,-18.800321578979492,nan,nan,nan,0,0,0.024543749168515205,0,34,0,1,0,0,1,0,0,1,nan,nan
0,0.46010773999999999,SESSION_2_CAPTURE,0,0,0,-18.800512313842773,nan,nan,nan,0,0,-0.39269998669624329,0,34,0,1,0,0,1,0,0,1,nan,nan
0,0.47008868199999998,SESSION_2_CAPTURE,0,0,0,-18.800512313842773,nan,nan,nan,0,0,-0.39269998669624329,0,34,0,1,0,0,1,0,0,1,nan,nan
0,0.48009861300000001,SESSION_2_CAPTURE,0,0,0,-18.800321578979492,nan,nan,nan,0,0,0.073631249368190765,0,34,0,1,0,0,1,0,0,1,nan,nan
0,0.49009180000000002,SESSION_2_CAPTURE,0,0,0,-18.800321578979492,nan,nan,nan,0,0,0.049087498337030411,0,34,0,1,0,0,1,0,0,1,nan,nan
0,0.50016634999999998,SESSION_2_CAPTURE,0,0,0,-18.800512313842773,nan,nan,nan,0,0,-0.34361249208450317,0,34,0,1,0,0,1,0,0,1,nan,nan
0,0.51014237399999995,SESSION_2_CAPTURE,0,0,0,-18.800321578979492,nan,nan,nan,0,0,0,0,34,0,1,0,0,1,0,0,1,nan,nan
0,0.52012503399999999,SESSION_2_CAPTURE,0,0,0,-18.800512313842773,nan,nan,nan,0,0,-0.34361249208450317,0,34,0,1,0,0,1,0,0,1,nan,nan
0,0.53017105899999994,SESSION_2_CAPTURE,0,0,0,-18.800321578979492,nan,nan,nan,0,0,0.049087498337030411,0,34,0,1,0,0,1,0,0,1,nan,nan
0,0.54009142899999996,SESSION_2_CAPTURE,0,0,0,-18.800321578979492,nan,nan,nan,0,0,0,0,34,0,1,0,0,1,0,0,1,nan,nan
0,0.55009159200000002,SESSION_2_CAPTURE,0,0,0,-18.800321578979492,nan,nan,nan,0,0,0.024543749168515205,0,34,0,1,0,0,1,0,0,1,nan,nan
0,0.56010598499999997,SESSION_2_CAPTURE,0,0,0,-18.800512313842773,nan,nan,nan,0,0,-0.29452499747276306,0,34,0,1,0,0,1,0,0,1,nan,nan
0,0.570089497,SESSION_2_CAPTURE,0,0,0,-18.800512313842773,nan,nan,nan,0,0,-0.36815625429153442,0,34,0,1,0,0,1,0,0,1,nan,nan
0,0.58015269000000003,SESSION_2_CAPTURE,0,0,0,-18.800512313842773,nan,nan,nan,0,0,-0.29452499747276306,0,34,0,1,0,0,1,0,0,1,nan,nan
0,0.59009369300000003,SESSION_2_CAPTURE,0,0,0,-18.800321578979492,nan,nan,nan,0,0,0,0,34,0,1,0,0,1,0,0,1,nan,nan
0,0.600173768,SESSION_2_CAPTURE,0,0,0,-18.800512313842773,nan,nan,nan,0,0,-0.36815625429153442,0,34,0,1,0,0,1,0,0,1,nan,nan
0,0.61008939699999998,SESSION_2_CAPTURE,0,0,0,-18.800512313842773,nan,nan,nan,0,0,-0.36815625429153442,0,34,0,1,0,0,1,0,0,1,nan,nan
0,0.62009525200000004,SESSION_2_CAPTURE,0,0,0,-18.800512313842773,nan,nan,nan,0,0,-0.34361249208450317,0,34,0,1,0,0,1,0,0,1,nan,nan
0,0.63009723900000003,SESSION_2_CAPTURE,0,0,0,-18.800321578979492,nan,nan,nan,0,0,0,0,34,0,1,0,0,1,0,0,1,nan,nan
0,0.64014940899999995,SESSION_2_CAPTURE,0,0,0,-18.800512313842773,nan,nan,nan,0,0,-0.34361249208450317,0,34,0,1,0,0,1,0,0,1,nan,nan
0,0.65008921500000005,SESSION_2_CAPTURE,0,0,0,-18.800512313842773,nan,nan,nan,0,0,-0.26998123526573181,0,34,0,1,0,0,1,0,0,1,nan,nan
0,0.66009464299999998,SESSION_2_CAPTURE,0,0,0,-18.800321578979492,nan,nan,nan,0,0,0.098174996674060822,0,34,0,1,0,0,1,0,0,1,nan,nan
0,0.67016126799999998,SESSION_2_CAPTURE,0,0,0,-18.800321578979492,nan,nan,nan,0,0,0,0,34,0,1,0,0,1,0,0,1,nan,nan
0,0.68009065499999999,SESSION_2_CAPTURE,0,0,0,-18.800512313842773,nan,nan,nan,0,0,-0.34361249208450317,0,34,0,1,0,0,1,0,0,1,nan,nan
0,0.69009003899999999,SESSION_2_CAPTURE,0,0,0,-18.800512313842773,nan,nan,nan,0,0,-0.36815625429153442,0,34,0,1,0,0,1,0,0,1,nan,nan
0,0.70011771899999997,SESSION_2_CAPTURE,0,0,0,-18.800512313842773,nan,nan,nan,0,0,-0.31906875967979431,0,34,0,1,0,0,1,0,0,1,nan,nan
0,0.71017168100000005,SESSION_2_CAPTURE,0,0,0,-18.800512313842773,nan,nan,nan,0,0,-0.34361249208450317,0,34,0,1,0,0,1,0,0,1,nan,nan
0,0.72009957000000002,SESSION_2_CAPTURE,0,0,0,-18.800321578979492,nan,nan,nan,0,0,0.024543749168515205,0,34,0,1,0,0,1,0,0,1,nan,nan
0,0.73009728299999999,SESSION_2_CAPTURE,0,0,0,-18.800321578979492,nan,nan,nan,0,0,0.12271875143051147,0,34,0,1,0,0,1,0,0,1,nan,nan
0,0.74010187800000005,SESSION_2_CAPTURE,0,0,0,-18.800512313842773,nan,nan,nan,0,0,-0.24543750286102295,0,34,0,1,0,0,1,0,0,1,nan,nan
0,0.75010378200000005,SESSION_2_CAPTURE,0,0,0,-18.800321578979492,nan,nan,nan,0,0,0.024543749168515205,0,34,0,1,0,0,1,0,0,1,nan,nan
0,0.76009161599999997,SESSION_2_CAPTURE,0,0,0,-18.800512313842773,nan,nan,nan,0,0,-0.34361249208450317,0,34,0,1,0,0,1,0,0,1,nan,nan
0,0.77009818299999999,SESSION_2_CAPTURE,0,0,0,-18.800512313842773,nan,nan,nan,0,0,-0.24543750286102295,0,34,0,1,0,0,1,0,0,1,nan,nan
0,0.78012571500000005,SESSION_2_CAPTURE,0,0,0,-18.800512313842773,nan,nan,nan,0,0,-0.39269998669624329,0,34,0,1,0,0,1,0,0,1,nan,nan
0,0.79011199399999998,SESSION_2_CAPTURE,0,0,0,-18.800321578979492,nan,nan,nan,0,0,0,0,34,0,1,0,0,1,0,0,1,nan,nan
0,0.80009488299999998,SESSION_2_CAPTURE,0,0,0,-18.800512313842773,nan,nan,nan,0,0,-0.36815625429153442,0,34,0,1,0,0,1,0,0,1,nan,nan
0,0.81009496400000003,SESSION_2_CAPTURE,0,0,0,-18.800321578979492,nan,nan,nan,0,0,0.049087498337030411,0,34,0,1,0,0,1,0,0,1,nan,nan
0,0.82009603499999995,SESSION_2_CAPTURE,0,0,0,-18.800512313842773,nan,nan,nan,0,0,-0.29452499747276306,0,34,0,1,0,0,1,0,0,1,nan,nan
0,0.830123842,SESSION_2_CAPTURE,0,0,0,-18.800512313842773,nan,nan,nan,0,0,-0.36815625429153442,0,34,0,1,0,0,1,0,0,1,nan,nan
0,0.84014328500000002,SESSION_2_CAPTURE,0,0,0,-18.800321578979492,nan,nan,nan,0,0,0.049087498337030411,0,34,0,1,0,0,1,0,0,1,nan,nan
0,0.85011990900000001,SESSION_2_CAPTURE,0,0,0,-18.800321578979492,nan,nan,nan,0,0,-0.24543750286102295,0,34,0,1,0,0,1,0,0,1,nan,nan
0,0.86010498700000004,SESSION_2_CAPTURE,0,0,0,-18.800321578979492,nan,nan,nan,0,0,0.073631249368190765,0,34,0,1,0,0,1,0,0,1,nan,nan
0,0.870115945,SESSION_2_CAPTURE,0,0,0,-18.800512313842773,nan,nan,nan,0,0,-0.31906875967979431,0,34,0,1,0,0,1,0,0,1,nan,nan
0,0.88016999299999998,SESSION_2_CAPTURE,0,0,0,-18.800321578979492,nan,nan,nan,0,0,-0.024543749168515205,0,34,0,1,0,0,1,0,0,1,nan,nan
0,0.89009191600000004,SESSION_2_CAPTURE,0,0,0,-18.800321578979492,nan,nan,nan,0,0,-0.024543749168515205,0,34,0,1,0,0,1,0,0,1,nan,nan
0,0.900093637,SESSION_2_CAPTURE,0,0,0,-18.800512313842773,nan,nan,nan,0,0,-0.36815625429153442,0,34,0,1,0,0,1,0,0,1,nan,nan
0,0.91009752799999999,SESSION_2_CAPTURE,0,0,0,-18.800512313842773,nan,nan,nan,0,0,-0.36815625429153442,0,34,0,1,0,0,1,0,0,1,nan,nan
0,0.92010113599999999,SESSION_2_CAPTURE,0,0,0,-18.800321578979492,nan,nan,nan,0,0,0,0,34,0,1,0,0,1,0,0,1,nan,nan
0,0.93011374899999999,SESSION_2_CAPTURE,0,0,0,-18.800321578979492,nan,nan,nan,0,0,0.098174996674060822,0,34,0,1,0,0,1,0,0,1,nan,nan
0,0.94023750900000003,SESSION_2_CAPTURE,0,0,0,-18.800321578979492,nan,nan,nan,0,0,0,0,34,0,1,0,0,1,0,0,1,nan,nan
0,0.95011109599999999,SESSION_2_CAPTURE,0,0,0,-18.800321578979492,nan,nan,nan,0,0,0,0,34,0,1,0,0,1,0,0,1,nan,nan
0,0.96009216600000002,SESSION_2_CAPTURE,0,0,0,-18.800321578979492,nan,nan,nan,0,0,0,0,34,0,1,0,0,1,0,0,1,nan,nan
0,0.97009247399999998,SESSION_2_CAPTURE,0,0,0,-18.800321578979492,nan,nan,nan,0,0,0,0,34,0,1,0,0,1,0,0,1,nan,nan
0,0.980091253,SESSION_2_CAPTURE,0,0,0,-18.800321578979492,nan,nan,nan,0,0,0,0,34,0,1,0,0,1,0,0,1,nan,nan
0,0.99022326100000002,SESSION_2_CAPTURE,0,0,0,-18.800321578979492,nan,nan,nan,0,0,0,0,34,0,1,0,0,1,0,0,1,nan,nan
0,0.99407199300000004,FINAL_BRAKE,0,0,0,-18.800321578979492,nan,nan,nan,0,0,0.049087498337030411,0,34,0,1,0,0,1,0,0,1,nan,nan
0,1.007085797,FINAL_BRAKE,0,0,0,-18.800321578979492,nan,nan,nan,0,0,0,0,34,0,1,0,0,1,0,0,1,nan,nan
0,1.020196637,FINAL_BRAKE,0,0,0,-18.800512313842773,nan,nan,nan,0,0,-0.34361249208450317,0,34,0,1,0,0,1,0,0,1,nan,nan
0,1.0330710329999999,FINAL_BRAKE,0,0,0,-18.800512313842773,nan,nan,nan,0,0,-0.36815625429153442,0,34,0,1,0,0,1,0,0,1,nan,nan
0,1.046194619,FINAL_BRAKE,0,0,0,-18.800512313842773,nan,nan,nan,0,0,-0.31906875967979431,0,34,0,1,0,0,1,0,0,1,nan,nan
