run,hold_phase,requested_ms,actual_ms,time_delta_ms,signed_error_deg,abs_error_deg,qdot_fast_deg_s,qdot_slow_deg_s,sdk_dq_rad_s,tau_feedback,q_cmd_motor_rad,q_feedback_motor_rad
V15.23C,PLUS_5_HOLD,0,0.0,0.0,-0.29305006856241544,0.29305006856241544,0.06947997459125431,1.9809900090636248,-0.41724374890327454,0.01171875,3.35786239984049,3.325486421585083
V15.23C,PLUS_5_HOLD,50,50.09447200000005,0.09447200000005296,-0.29131500626893125,0.29131500626893125,-0.017343444405896264,0.1088193200434831,-0.1718062460422516,0.0234375,3.35786239984049,3.3256781101226807
V15.23C,PLUS_5_HOLD,100,100.00308899999987,0.0030889999998748863,-0.29131500626893125,0.29131500626893125,-0.017461695879116307,0.0015945494990919585,-0.3190687596797943,0.01171875,3.35786239984049,3.3256781101226807
V15.23C,PLUS_5_HOLD,150,150.11390299999982,0.1139029999998229,-0.29131500626893125,0.29131500626893125,0.0,-0.0015791883493139203,-0.3681562542915344,0.01171875,3.35786239984049,3.3256781101226807
V15.23C,PLUS_5_HOLD,200,200.0028220000001,0.002822000000094249,-0.29131500626893125,0.29131500626893125,-0.017343759049425988,0.00789094088187005,-0.12271875143051147,0.0234375,3.35786239984049,3.3256781101226807
V15.23C,PLUS_5_HOLD,250,250.00525399999995,0.00525399999995102,-0.289579943975447,0.289579943975447,0.034740212167661114,0.004743393150896992,-0.07363124936819077,0.01171875,3.35786239984049,3.3258697986602783
V15.23C,PLUS_5_HOLD,300,300.0970819999997,0.09708199999971612,-0.29131500626893125,0.29131500626893125,-0.0692455592768216,0.009452438011695345,-0.3926999866962433,0.01171875,3.35786239984049,3.3256781101226807
V15.23C,PLUS_5_HOLD,350,350.003917,0.003917000000001281,-0.289579943975447,0.289579943975447,0.01727111841019664,-0.0015994236838313425,-0.24543750286102295,0.01953125,3.35786239984049,3.3258697986602783
V15.23C,PLUS_5_HOLD,400,390.06790099999967,-9.932099000000335,-0.29131500626893125,0.29131500626893125,-0.01735290366030565,-1.565594306709677e-05,-0.3190687596797943,0.0234375,3.35786239984049,3.3256781101226807
V15.23C,FIRST_CENTER_HOLD,0,0.0,0.0,0.8417663348989514,0.8417663348989514,-0.017407642570458678,-0.15296991585778744,-0.24543750286102295,-0.05078125,2.8054656982421875,2.898463487625122
V15.23C,FIRST_CENTER_HOLD,50,49.95726100000031,-0.042738999999691885,0.8435013971924356,0.8435013971924356,0.017326813341317002,0.006305773385866554,-0.6872249841690063,-0.05078125,2.8054656982421875,2.8986551761627197
V15.23C,FIRST_CENTER_HOLD,100,99.99890799999989,-0.0010920000001135577,0.8435013971924356,0.8435013971924356,-0.05207133901411802,-0.001591839698677211,0.09817499667406082,-0.04296875,2.8054656982421875,2.8986551761627197
V15.23C,FIRST_CENTER_HOLD,150,149.95370900000006,-0.046290999999939686,0.8452364594859197,0.8452364594859197,0.06967617828572437,0.0063038154771134555,0.0,-0.03515625,2.8054656982421875,2.8988468647003174
V15.23C,FIRST_CENTER_HOLD,200,199.9985930000001,-0.0014069999998866933,0.8435013971924356,0.8435013971924356,0.034724766647689025,0.011036639570246361,-0.3681562542915344,-0.04296875,2.8054656982421875,2.8986551761627197
V15.23C,FIRST_CENTER_HOLD,250,249.86542699999958,-0.13457300000041528,0.8452364594859197,0.8452364594859197,-0.017527510424401215,-1.3940234916233817e-05,0.04908749833703041,-0.05078125,2.8054656982421875,2.8988468647003174
V15.23C,FIRST_CENTER_HOLD,300,299.978458,-0.02154200000001083,0.8435013971924356,0.8435013971924356,-0.01748074952375295,-0.00475323953267915,-0.1718062460422516,-0.04296875,2.8054656982421875,2.8986551761627197
V15.23C,FIRST_CENTER_HOLD,350,349.99477099999956,-0.005229000000440465,0.8435013971924356,0.8435013971924356,0.0,-0.012627534269812602,-0.2208937555551529,-0.0390625,2.8054656982421875,2.8986551761627197
V15.23C,FIRST_CENTER_HOLD,400,390.0216800000003,-9.978319999999712,0.8435013971924356,0.8435013971924356,-0.017386940116312855,0.003145771973427506,0.024543749168515205,-0.05078125,2.8054656982421875,2.8986551761627197
V15.23C,MINUS_5_HOLD,0,0.0,0.0,0.4822301255695164,0.4822301255695164,-0.03481196835292431,-0.5717577935070063,-0.3436124920845032,-0.0234375,2.253068996643885,2.3063454627990723
V15.23C,MINUS_5_HOLD,50,50.09703899999973,0.09703899999973231,0.4839651878630006,0.4839651878630006,-0.017438237971530574,-0.023644830441041757,-0.024543749168515205,-0.0234375,2.253068996643885,2.30653715133667
V15.23C,MINUS_5_HOLD,100,100.12644999999942,0.12644999999942286,0.4839651878630006,0.4839651878630006,0.017275093994783244,0.00943322023681266,0.0,-0.0234375,2.253068996643885,2.30653715133667
V15.23C,MINUS_5_HOLD,150,150.07861199999974,0.07861199999973678,0.4839651878630006,0.4839651878630006,0.017398036919215844,0.00630663869612878,0.04908749833703041,-0.0234375,2.253068996643885,2.30653715133667
V15.23C,MINUS_5_HOLD,200,200.0899029999994,0.08990299999939566,0.4839651878630006,0.4839651878630006,-2.991455723778624e-05,-0.003165153101026722,-0.024543749168515205,-0.0234375,2.253068996643885,2.30653715133667
V15.23C,MINUS_5_HOLD,250,250.13199799999964,0.13199799999964057,0.4839651878630006,0.4839651878630006,-6.868107111727032e-05,-0.0015878504352267258,0.09817499667406082,-0.02734375,2.253068996643885,2.30653715133667
V15.23C,MINUS_5_HOLD,300,300.1426239999994,0.1426239999993868,0.4839651878630006,0.4839651878630006,0.034617772176072044,-0.003164298416310248,0.12271875143051147,-0.0234375,2.253068996643885,2.30653715133667
V15.23C,MINUS_5_HOLD,350,350.16185399999955,0.16185399999955052,0.4822301255695164,0.4822301255695164,-9.437424954925454e-05,-1.053985348900338e-05,-0.29452499747276306,-0.0234375,2.253068996643885,2.3063454627990723
V15.23C,MINUS_5_HOLD,400,390.0746779999995,-9.925322000000506,0.4822301255695164,0.4822301255695164,-0.01739234409378414,-0.011048235419056918,-0.24543750286102295,-0.0234375,2.253068996643885,2.3063454627990723
V15.23C,FINAL_CENTER_HOLD,0,0.0,0.0,-0.38877480385046415,0.38877480385046415,4.0265303803331465,5.309863785407645,0.14726249873638153,0.01171875,2.8054656982421875,2.762514114379883
V15.23C,FINAL_CENTER_HOLD,50,49.91648000000026,-0.08351999999973714,-0.22389209306517804,0.22389209306517804,3.626966235708965,3.621456161810089,-0.04908749833703041,0.0,2.8054656982421875,2.7807302474975586
V15.23C,FINAL_CENTER_HOLD,100,99.99753800000022,-0.0024619999997810282,-0.17529524258387003,0.17529524258387003,0.8850648687247455,2.2416662072484437,0.0,0.01171875,2.8054656982421875,2.7860991954803467
V15.23C,FINAL_CENTER_HOLD,150,149.98740800000033,-0.012591999999671089,-0.17182511799690153,0.17182511799690153,0.052085404885358906,0.46536985361718697,0.0,0.0078125,2.8054656982421875,2.786482572555542
V15.23C,FINAL_CENTER_HOLD,200,199.99463799999972,-0.005362000000275202,-0.17182511799690153,0.17182511799690153,0.017520248602559903,0.026838864808252247,-0.09817499667406082,0.00390625,2.8054656982421875,2.786482572555542
V15.23C,FINAL_CENTER_HOLD,250,249.90097000000054,-0.09902999999945905,-0.16661777307877035,0.16661777307877035,0.08693804711244477,0.04578164332202665,0.04908749833703041,0.00390625,2.8054656982421875,2.787057876586914
V15.23C,FINAL_CENTER_HOLD,300,300.0358360000002,0.03583600000018805,-0.16488271078528607,0.16488271078528607,0.051962744617750266,0.08042601851684715,-0.41724374890327454,0.0078125,2.8054656982421875,2.7872495651245117
V15.23C,FINAL_CENTER_HOLD,350,349.90070500000047,-0.09929499999952895,-0.16141042816063914,0.16141042816063914,0.06983644568499413,0.05992838917935971,-0.09817499667406082,0.0,2.8054656982421875,2.787633180618286
V15.23C,FINAL_CENTER_HOLD,400,399.89475299999987,-0.10524700000013354,-0.15967536586715492,0.15967536586715492,0.0,0.05220403012657694,-0.4417875111103058,0.01171875,2.8054656982421875,2.787824869155884
V15.23C,FINAL_CENTER_HOLD,450,449.89450799999986,-0.10549200000014025,-0.15099789636205524,0.15099789636205524,0.1388650293439809,0.11517984909993564,-0.024543749168515205,0.00390625,2.8054656982421875,2.788783550262451
V15.23C,FINAL_CENTER_HOLD,500,489.8962669999998,-10.103733000000204,-0.15099789636205524,0.15099789636205524,0.0,0.09150545100508317,-0.14726249873638153,0.00390625,2.8054656982421875,2.788783550262451
V15.23C-R1,PLUS_5_HOLD,0,0.0,0.0,-0.3138772901972618,0.3138772901972618,0.9529023757339884,2.602716887397069,-0.024543749168515205,0.0078125,3.3407968747855583,3.306119918823242
V15.23C-R1,PLUS_5_HOLD,50,49.945539000000316,-0.05446099999968368,-0.2635453774224695,0.2635453774224695,1.1321708763136205,0.9465939998071192,0.07363124936819077,0.00390625,3.3407968747855583,3.311680555343628
V15.23C-R1,PLUS_5_HOLD,100,99.81920500000018,-0.18079499999981863,-0.1854438358012155,0.1854438358012155,1.7051968605109926,1.3675888064895945,-0.04908749833703041,0.0078125,3.3407968747855583,3.3203091621398926
V15.23C-R1,PLUS_5_HOLD,150,149.820976,-0.1790239999999983,-0.17329408367146892,0.17329408367146892,0.104126040617911,0.9396655604249818,-0.04908749833703041,0.0078125,3.3407968747855583,3.3216514587402344
V15.23C-R1,PLUS_5_HOLD,200,199.8206480000002,-0.17935199999979545,-0.17329408367146892,0.17329408367146892,-0.03469515766013465,0.06784745774471439,-0.07363124936819077,0.0078125,3.3407968747855583,3.3216514587402344
V15.23C-R1,PLUS_5_HOLD,250,249.80095000000003,-0.1990499999999713,-0.17155902137798468,0.17155902137798468,0.03472693312272543,0.02524652366012489,-0.2208937555551529,0.01171875,3.3407968747855583,3.321843147277832
V15.23C-R1,PLUS_5_HOLD,300,299.820537,-0.17946299999999837,-0.1698239590845004,0.1698239590845004,0.05205434866023865,0.03312400262497441,-0.24543750286102295,0.0078125,3.3407968747855583,3.3220348358154297
V15.23C-R1,PLUS_5_HOLD,350,349.80152799999996,-0.19847200000003795,-0.1680867387533377,0.1680867387533377,0.017389296535412185,0.029988852324539263,0.0,0.0078125,3.3407968747855583,3.3222267627716064
V15.23C-R1,PLUS_5_HOLD,400,389.801061,-10.198938999999996,-0.1680867387533377,0.1680867387533377,-0.034725413089148456,-0.0015665049332735982,0.0,0.01953125,3.3407968747855583,3.3222267627716064
V15.23C-R1,FIRST_CENTER_HOLD,0,0.0,0.0,0.5658051087278183,0.5658051087278183,-2.9959315841918643,-3.291121825830953,-0.3926999866962433,-0.02734375,2.788400173187256,2.850909948348999
V15.23C-R1,FIRST_CENTER_HOLD,50,50.01888600000015,0.01888600000015117,0.5380354798813566,0.5380354798813566,-0.4684653617554554,-1.690392139099723,-0.5399624705314636,-0.02734375,2.788400173187256,2.84784197807312
V15.23C-R1,FIRST_CENTER_HOLD,100,100.11290899999992,0.11290899999991666,0.5276229480827728,0.5276229480827728,-0.19073060062506547,-0.35937226413228496,-0.6135937571525574,-0.01171875,2.788400173187256,2.846691608428955
V15.23C-R1,FIRST_CENTER_HOLD,150,150.10861799999998,0.10861799999997857,0.5310930726697413,0.5310930726697413,0.05222221961647702,-0.08045708685922223,0.2208937555551529,-0.0234375,2.788400173187256,2.8470749855041504
V15.23C-R1,FIRST_CENTER_HOLD,200,200.00185899999946,0.0018589999994560458,0.529358010376257,0.529358010376257,0.03496682012417349,0.001583797802290435,0.3436124920845032,-0.01953125,2.788400173187256,2.8468832969665527
V15.23C-R1,FIRST_CENTER_HOLD,250,250.15116899999956,0.15116899999955535,0.5241506654581257,0.5241506654581257,-0.06966808014776447,-0.05371072328756195,-0.5399624705314636,-0.01953125,2.788400173187256,2.8463079929351807
V15.23C-R1,FIRST_CENTER_HOLD,300,300.01732900000013,0.0173290000001316,0.5241506654581257,0.5241506654581257,-0.034666936780541766,-0.045847925667392125,0.12271875143051147,-0.02734375,2.788400173187256,2.8463079929351807
V15.23C-R1,FIRST_CENTER_HOLD,350,350.0176550000003,0.017655000000274867,0.5120009133283792,0.5120009133283792,-0.24294088912618114,-0.11054383987732541,0.12271875143051147,-0.01953125,2.788400173187256,2.844965696334839
V15.23C-R1,FIRST_CENTER_HOLD,400,390.00345000000004,-9.996549999999957,0.4651412831782339,0.4651412831782339,-1.1454780408718193,-0.5316859825214512,-0.4417875111103058,-0.01171875,2.788400173187256,2.8397886753082275
V15.23C-R1,MINUS_5_HOLD,0,0.0,0.0,0.6071934553785941,0.6071934553785941,0.08686946813206486,-0.05834305218732052,0.04908749833703041,-0.02734375,2.2360034715889534,2.3030858039855957
V15.23C-R1,MINUS_5_HOLD,50,50.061177999999984,0.06117799999998397,0.6054583930851098,0.6054583930851098,-0.01733149048084788,0.011035083521552962,-0.3190687596797943,-0.02734375,2.2360034715889534,2.302894115447998
V15.23C-R1,MINUS_5_HOLD,100,99.9666509999999,-0.03334900000010066,0.6054583930851098,0.6054583930851098,0.017305760519799214,-0.0126454407530477,-0.1718062460422516,-0.02734375,2.2360034715889534,2.302894115447998
V15.23C-R1,MINUS_5_HOLD,150,149.91446600000023,-0.08553399999976818,0.6054583930851098,0.6054583930851098,-0.01736270385679057,-0.0015853970875589051,0.12271875143051147,-0.02734375,2.2360034715889534,2.302894115447998
V15.23C-R1,MINUS_5_HOLD,200,199.99556700000022,-0.004432999999778531,0.6037211727539471,0.6037211727539471,-0.06946585878242136,-4.675653787424938e-06,-0.3436124920845032,-0.02734375,2.2360034715889534,2.3027021884918213
V15.23C-R1,MINUS_5_HOLD,250,249.96760400000005,-0.0323959999999488,0.6037211727539471,0.6037211727539471,-0.03490825291703116,-0.022107449241579282,-0.24543750286102295,-0.02734375,2.2360034715889534,2.3027021884918213
V15.23C-R1,MINUS_5_HOLD,300,299.893183,-0.10681699999997818,0.6054583930851098,0.6054583930851098,0.017717931630773395,0.01739681778769554,0.0,-0.0234375,2.2360034715889534,2.302894115447998
V15.23C-R1,MINUS_5_HOLD,350,349.9687890000001,-0.031210999999927935,0.6054583930851098,0.6054583930851098,-0.01728750093168637,-0.004703814744236184,-0.04908749833703041,-0.02734375,2.2360034715889534,2.302894115447998
V15.23C-R1,MINUS_5_HOLD,400,389.8583000000002,-10.141699999999787,0.6071934553785941,0.6071934553785941,0.052250883039902704,0.015774516283710592,0.12271875143051147,-0.02734375,2.2360034715889534,2.3030858039855957
V15.23C-R1,FINAL_CENTER_HOLD,0,0.0,0.0,-0.8973055925918748,0.8973055925918748,0.03480028800772032,0.18621977692125982,-0.04908749833703041,0.0546875,2.788400173187256,2.6892664432525635
V15.23C-R1,FINAL_CENTER_HOLD,50,50.127217,0.1272170000000017,-0.8955705302983906,0.8955705302983906,0.034839084696523574,0.04419855924887158,0.2699812352657318,0.0546875,2.788400173187256,2.689458131790161
V15.23C-R1,FINAL_CENTER_HOLD,100,100.0043530000001,0.004353000000094198,-0.8955705302983906,0.8955705302983906,-0.03471680293016875,-0.006285904249872851,0.14726249873638153,0.0546875,2.788400173187256,2.689458131790161
V15.23C-R1,FINAL_CENTER_HOLD,150,150.13111000000023,0.1311100000002341,-0.8955705302983906,0.8955705302983906,0.03471302732930576,0.0047663040488795045,0.14726249873638153,0.05078125,2.788400173187256,2.689458131790161
V15.23C-R1,FINAL_CENTER_HOLD,200,199.95444100000003,-0.04555899999996882,-0.8955705302983906,0.8955705302983906,0.00017345525731175338,-0.007885022714635077,-0.29452499747276306,0.05859375,2.788400173187256,2.689458131790161
V15.23C-R1,FINAL_CENTER_HOLD,250,250.0812469999998,0.08124699999979157,-0.8973055925918748,0.8973055925918748,-0.06957291610629483,-0.006268646526297695,-0.24543750286102295,0.05078125,2.788400173187256,2.6892664432525635
V15.23C-R1,FINAL_CENTER_HOLD,300,299.9582520000006,-0.0417479999994157,-0.8955705302983906,0.8955705302983906,0.05239536176827744,0.009466766999904992,0.04908749833703041,0.05859375,2.788400173187256,2.689458131790161
V15.23C-R1,FINAL_CENTER_HOLD,350,350.1428070000001,0.14280700000011848,-0.8973055925918748,0.8973055925918748,-0.05205573520782403,0.009453710215267096,-0.41724374890327454,0.0546875,2.788400173187256,2.6892664432525635
V15.23C-R1,FINAL_CENTER_HOLD,400,400.0333870000006,0.03338700000057315,-0.8955705302983906,0.8955705302983906,0.05237226975317622,-0.007872269319036843,-0.07363124936819077,0.0546875,2.788400173187256,2.689458131790161
V15.23C-R1,FINAL_CENTER_HOLD,450,450.2053080000001,0.20530800000011595,-0.8955705302983906,0.8955705302983906,0.017379645825225654,0.02208457110117103,-0.1718062460422516,0.06640625,2.788400173187256,2.689458131790161
V15.23C-R1,FINAL_CENTER_HOLD,500,489.98717899999986,-10.012821000000145,-0.8938354680049063,0.8938354680049063,0.01725707963383749,0.0062860801568184466,0.0,0.0546875,2.788400173187256,2.689649820327759
