run,hold_phase,sample_index,global_row_index,timestamp_s,time_from_hold_start_s,target_output_deg,signed_error_deg,abs_error_deg,qdot_fast_deg_s,qdot_slow_deg_s,sdk_dq_rad_s,tau_feedback,q_cmd_motor_rad,q_feedback_motor_rad,dq_cmd_motor_rad_s,command_center_error_deg
V15.23C,PLUS_5_HOLD,0,335,3.3412907330000001,0,5,-0.29305006856241544,0.29305006856241544,0.069479974591254309,1.9809900090636248,-0.41724374890327454,0.01171875,3.35786239984049,3.325486421585083,0,4.9999999999999991
V15.23C,PLUS_5_HOLD,1,336,3.3513866499999998,0.010095916999999677,5,-0.29131500626893125,0.29131500626893125,-0.017229240180181904,1.4797933109502885,-0.19634999334812164,0.01171875,3.35786239984049,3.3256781101226807,0,4.9999999999999991
V15.23C,PLUS_5_HOLD,2,337,3.3613975200000001,0.020106787000000015,5,-0.28957994397544701,0.28957994397544701,0.034841712828783934,1.0075364122085251,0.073631249368190765,0.0234375,3.35786239984049,3.3258697986602783,0,4.9999999999999991
V15.23C,PLUS_5_HOLD,3,338,3.3713971389999999,0.030106405999999808,5,-0.29131500626893125,0.29131500626893125,0.034759410054436675,0.5801008817091452,-0.24543750286102295,0.01953125,3.35786239984049,3.3256781101226807,0,4.9999999999999991
V15.23C,PLUS_5_HOLD,4,339,3.3814030169999998,0.040112283999999665,5,-0.29131500626893125,0.29131500626893125,0.03472297722704578,0.26803907629046697,-0.24543750286102295,0.01171875,3.35786239984049,3.3256781101226807,0,4.9999999999999991
V15.23C,PLUS_5_HOLD,5,340,3.3913852050000002,0.050094472000000057,5,-0.29131500626893125,0.29131500626893125,-0.017343444405896264,0.1088193200434831,-0.17180624604225159,0.0234375,3.35786239984049,3.3256781101226807,0,4.9999999999999991
V15.23C,PLUS_5_HOLD,6,341,3.401387004,0.060096270999999923,5,-0.29131500626893125,0.29131500626893125,-0.034717980823395167,0.026802652118986948,-0.24543750286102295,0.0234375,3.35786239984049,3.3256781101226807,0,4.9999999999999991
V15.23C,PLUS_5_HOLD,7,342,3.4113896769999998,0.070098943999999719,5,-0.29131500626893125,0.29131500626893125,0,0.0031668510505273527,-0.24543750286102295,0.01953125,3.35786239984049,3.3256781101226807,0,4.9999999999999991
V15.23C,PLUS_5_HOLD,8,343,3.421295309,0.080004575999999883,5,-0.28957994397544701,0.28957994397544701,0.034714301829684935,0.011046474388449821,-0.31906875967979431,0.0234375,3.35786239984049,3.3258697986602783,0,4.9999999999999991
V15.23C,PLUS_5_HOLD,9,344,3.4313048369999999,0.090014103999999762,5,-0.29305006856241544,0.29305006856241544,-0.017455118547190326,0.0015934727233021667,-0.29452499747276306,0.01171875,3.35786239984049,3.325486421585083,0,4.9999999999999991
V15.23C,PLUS_5_HOLD,10,345,3.441293822,0.10000308899999988,5,-0.29131500626893125,0.29131500626893125,-0.017461695879116307,0.0015945494990919585,-0.31906875967979431,0.01171875,3.35786239984049,3.3256781101226807,0,4.9999999999999991
V15.23C,PLUS_5_HOLD,11,346,3.4513851139999998,0.11009438099999969,5,-0.29131500626893125,0.29131500626893125,-0.01737067366354645,-0.0078962231279102128,-0.17180624604225159,0.01171875,3.35786239984049,3.3256781101226807,0,4.9999999999999991
V15.23C,PLUS_5_HOLD,12,347,3.4612930739999999,0.12000234099999973,5,-0.29131500626893125,0.29131500626893125,-0.01734075375064496,-0.0094789606744102306,-0.24543750286102295,0.01171875,3.35786239984049,3.3256781101226807,0,4.9999999999999991
V15.23C,PLUS_5_HOLD,13,348,3.4712788360000002,0.12998810300000008,5,-0.29131500626893125,0.29131500626893125,0.034748586271926674,-0.0015825769686924991,-0.26998123526573181,0.0234375,3.35786239984049,3.3256781101226807,0,4.9999999999999991
V15.23C,PLUS_5_HOLD,14,349,3.4813955519999999,0.14010481899999983,5,-0.29131500626893125,0.29131500626893125,0,-0.001580999272833897,-0.26998123526573181,0.01171875,3.35786239984049,3.3256781101226807,0,4.9999999999999991
V15.23C,PLUS_5_HOLD,15,350,3.491404636,0.15011390299999983,5,-0.29131500626893125,0.29131500626893125,0,-0.0015791883493139203,-0.36815625429153442,0.01171875,3.35786239984049,3.3256781101226807,0,4.9999999999999991
V15.23C,PLUS_5_HOLD,16,351,3.501386873,0.16009613999999983,5,-0.29131500626893125,0.29131500626893125,0,-0.0015779471271555596,-0.36815625429153442,0.0078125,3.35786239984049,3.3256781101226807,0,4.9999999999999991
V15.23C,PLUS_5_HOLD,17,352,3.5113993369999998,0.17010860399999972,5,-0.28957994397544701,0.28957994397544701,0.034585770089196506,0.006306608423666287,0,0.01953125,3.35786239984049,3.3258697986602783,0,4.9999999999999991
V15.23C,PLUS_5_HOLD,18,353,3.521385628,0.18009489499999987,5,-0.28957994397544701,0.28957994397544701,0.052071371820699736,0.012602627219693782,-0.024543749168515205,0.01171875,3.35786239984049,3.3258697986602783,0,4.9999999999999991
V15.23C,PLUS_5_HOLD,19,354,3.5313887429999999,0.19009800999999982,5,-0.29131500626893125,0.29131500626893125,0.017360140040430759,0.018908191761453114,-0.31906875967979431,0.01953125,3.35786239984049,3.3256781101226807,0,4.9999999999999991
V15.23C,PLUS_5_HOLD,20,355,3.5412935550000002,0.20000282200000008,5,-0.29131500626893125,0.29131500626893125,-0.017343759049425988,0.00789094088187005,-0.12271875143051147,0.0234375,3.35786239984049,3.3256781101226807,0,4.9999999999999991
V15.23C,PLUS_5_HOLD,21,356,3.5512935250000002,0.21000279200000005,5,-0.29131500626893125,0.29131500626893125,-0.052228565963572109,0.0047451110091104197,-0.24543750286102295,0.01171875,3.35786239984049,3.3256781101226807,0,4.9999999999999991
V15.23C,PLUS_5_HOLD,22,357,3.561390067,0.22009933399999992,5,-0.29131500626893125,0.29131500626893125,-0.034699501889684584,0.0015884202422567397,-0.31906875967979431,0.01171875,3.35786239984049,3.3256781101226807,0,4.9999999999999991
V15.23C,PLUS_5_HOLD,23,358,3.571292702,0.23000196899999992,5,-0.28957994397544701,0.28957994397544701,0.034699489639665099,0.0063166571248561079,-0.049087498337030411,0.01171875,3.35786239984049,3.3258697986602783,0,4.9999999999999991
V15.23C,PLUS_5_HOLD,24,359,3.5812640560000002,0.23997332300000007,5,-0.29131500626893125,0.29131500626893125,0.017346787522998692,0.0015837967888573002,-0.39269998669624329,0.0234375,3.35786239984049,3.3256781101226807,0,4.9999999999999991
V15.23C,PLUS_5_HOLD,25,360,3.5912959870000001,0.25000525399999995,5,-0.28957994397544701,0.28957994397544701,0.034740212167661114,0.0047433931508969922,-0.073631249368190765,0.01171875,3.35786239984049,3.3258697986602783,0,4.9999999999999991
V15.23C,PLUS_5_HOLD,26,361,3.6012918639999998,0.26000113099999966,5,-0.28957994397544701,0.28957994397544701,0.034765360236983081,0.0063235028249826733,0,0.01171875,3.35786239984049,3.3258697986602783,0,4.9999999999999991
V15.23C,PLUS_5_HOLD,27,362,3.611293785,0.27000305199999985,5,-0.28784272364428426,0.28784272364428426,0.052115345444548634,0.014232957773763499,0.26998123526573181,0.0234375,3.35786239984049,3.3260617256164551,0,4.9999999999999991
V15.23C,PLUS_5_HOLD,28,363,3.6214177570000001,0.280127024,5,-0.28957994397544701,0.28957994397544701,0.051808004101466562,0.020522122085049315,-0.073631249368190765,0.01953125,3.35786239984049,3.3258697986602783,0,4.9999999999999991
V15.23C,PLUS_5_HOLD,29,364,3.6312965639999999,0.29000583099999977,5,-0.29131500626893125,0.29131500626893125,-0.034617739956826141,0.018933909387032159,-0.36815625429153442,0.0234375,3.35786239984049,3.3256781101226807,0,4.9999999999999991
V15.23C,PLUS_5_HOLD,30,365,3.6413878149999999,0.30009708199999974,5,-0.29131500626893125,0.29131500626893125,-0.069245559276821605,0.0094524380116953449,-0.39269998669624329,0.01171875,3.35786239984049,3.3256781101226807,0,4.9999999999999991
V15.23C,PLUS_5_HOLD,31,366,3.6513908420000001,0.31010010899999996,5,-0.28957994397544701,0.28957994397544701,-0.051981466279738278,0.0078734686007914129,-0.049087498337030411,0.01171875,3.35786239984049,3.3258697986602783,0,4.9999999999999991
V15.23C,PLUS_5_HOLD,32,367,3.6612891730000001,0.31999844,5,-0.28957994397544701,0.28957994397544701,0.01745666521147151,0.004719187843040611,-0.12271875143051147,0.01171875,3.35786239984049,3.3258697986602783,0,4.9999999999999991
V15.23C,PLUS_5_HOLD,33,368,3.6713897499999999,0.33009901699999977,5,-0.29131500626893125,0.29131500626893125,0.01728255362396329,-0.0078827584897271392,-0.31906875967979431,0.0234375,3.35786239984049,3.3256781101226807,0,4.9999999999999991
V15.23C,PLUS_5_HOLD,34,369,3.681294388,0.34000365499999985,5,-0.28784272364428426,0.28784272364428426,0.052059612021065405,0.0047172760577126127,0.29452499747276306,0.01171875,3.35786239984049,3.3260617256164551,0,4.9999999999999991
V15.23C,PLUS_5_HOLD,35,370,3.6912946500000001,0.350003917,5,-0.28957994397544701,0.28957994397544701,0.017271118410196639,-0.0015994236838313425,-0.24543750286102295,0.01953125,3.35786239984049,3.3258697986602783,0,4.9999999999999991
V15.23C,PLUS_5_HOLD,36,371,3.701296186,0.36000545299999986,5,-0.29131500626893125,0.29131500626893125,-0.017515515429811872,-0.0079112039809401073,-0.4908750057220459,0.01171875,3.35786239984049,3.3256781101226807,0,4.9999999999999991
V15.23C,PLUS_5_HOLD,37,372,3.7112955190000001,0.37000478599999997,5,-0.29131500626893125,0.29131500626893125,-0.034955259184717334,-0.012653067738830473,-0.7608562707901001,0.01171875,3.35786239984049,3.3256781101226807,0,4.9999999999999991
V15.23C,PLUS_5_HOLD,38,373,3.721294549,0.38000381599999988,5,-0.28957994397544701,0.28957994397544701,-0.052097708726212472,0.0015752511814590303,0,0.01171875,3.35786239984049,3.3258697986602783,0,4.9999999999999991
V15.23C,PLUS_5_HOLD,39,374,3.7313586339999998,0.39006790099999966,5,-0.29131500626893125,0.29131500626893125,-0.01735290366030565,-1.5655943067096771e-05,-0.31906875967979431,0.0234375,3.35786239984049,3.3256781101226807,0,4.9999999999999991
V15.23C,FIRST_CENTER_HOLD,0,460,4.5914405650000001,0,0,0.84176633489895136,0.84176633489895136,-0.017407642570458678,-0.15296991585778744,-0.24543750286102295,-0.05078125,2.8054656982421875,2.8984634876251221,0,0
V15.23C,FIRST_CENTER_HOLD,1,461,4.6013541069999997,0.0099135419999996088,0,0.84350139719243555,0.84350139719243555,-0.034839374970077677,-0.10254683536970768,-0.24543750286102295,-0.0390625,2.8054656982421875,2.8986551761627197,0,0
V15.23C,FIRST_CENTER_HOLD,2,462,4.6114423589999998,0.020001793999999684,0,0.84350139719243555,0.84350139719243555,-0.052121079005675648,-0.074130690941873842,-0.24543750286102295,-0.04296875,2.8054656982421875,2.8986551761627197,0,0
V15.23C,FIRST_CENTER_HOLD,3,463,4.6213855959999997,0.029945030999999567,0,0.84523645948591974,0.84523645948591974,0.017263622996759209,-0.037901844134797524,0.17180624604225159,-0.04296875,2.8054656982421875,2.8988468647003174,0,0
V15.23C,FIRST_CENTER_HOLD,4,464,4.6314041990000003,0.039963634000000248,0,0.84523645948591974,0.84523645948591974,0.086726766020920318,-0.0047685359346674241,0,-0.05078125,2.8054656982421875,2.8988468647003174,0,0
V15.23C,FIRST_CENTER_HOLD,5,465,4.6413978260000004,0.049957261000000308,0,0.84350139719243555,0.84350139719243555,0.017326813341317002,0.0063057733858665537,-0.68722498416900635,-0.05078125,2.8054656982421875,2.8986551761627197,0,0
V15.23C,FIRST_CENTER_HOLD,6,466,4.6514352260000003,0.059994661000000171,0,0.84523645948591974,0.84523645948591974,0.017326817755600427,0.0094634134521248692,0.19634999334812164,-0.0390625,2.8054656982421875,2.8988468647003174,0,0
V15.23C,FIRST_CENTER_HOLD,7,467,4.6614418090000003,0.070001244000000185,0,0.84350139719243555,0.84350139719243555,-0.034625716430823635,0.0031488795971100444,-0.29452499747276306,-0.04296875,2.8054656982421875,2.8986551761627197,0,0
V15.23C,FIRST_CENTER_HOLD,8,468,4.6713898389999997,0.079949273999999626,0,0.84350139719243555,0.84350139719243555,-0.03467000023489044,-0.0031583662015964814,-0.26998123526573181,-0.0390625,2.8054656982421875,2.8986551761627197,0,0
V15.23C,FIRST_CENTER_HOLD,9,469,4.6814663970000003,0.09002583200000025,0,0.84176633489895136,0.84176633489895136,-0.052010296751961275,-0.00789829728108251,-0.53996247053146362,-0.04296875,2.8054656982421875,2.8984634876251221,0,0
V15.23C,FIRST_CENTER_HOLD,10,470,4.691439473,0.099998907999999886,0,0.84350139719243555,0.84350139719243555,-0.05207133901411802,-0.001591839698677211,0.098174996674060822,-0.04296875,2.8054656982421875,2.8986551761627197,0,0
V15.23C,FIRST_CENTER_HOLD,11,471,4.7014480440000002,0.11000747900000007,0,0.84176633489895136,0.84176633489895136,-0.034727776305129236,-0.020495627751130386,0.049087498337030411,-0.0390625,2.8054656982421875,2.8984634876251221,0,0
V15.23C,FIRST_CENTER_HOLD,12,472,4.7114364310000001,0.11999586600000001,0,0.84350139719243555,0.84350139719243555,-7.3399990550628155e-05,-0.022084046247673923,-0.24543750286102295,-0.04296875,2.8054656982421875,2.8986551761627197,0,0
V15.23C,FIRST_CENTER_HOLD,13,473,4.7214386409999998,0.12999807599999968,0,0.84523645948591974,0.84523645948591974,0.069431702853422442,-0.015772850123218211,0.12271875143051147,-0.04296875,2.8054656982421875,2.8988468647003174,0,0
V15.23C,FIRST_CENTER_HOLD,14,474,4.7313190809999996,0.13987851599999956,0,0.84350139719243555,0.84350139719243555,0.03485894131651357,-0.0094761981390901594,-0.19634999334812164,-0.05078125,2.8054656982421875,2.8986551761627197,0,0
V15.23C,FIRST_CENTER_HOLD,15,475,4.7413942740000001,0.14995370900000005,0,0.84523645948591974,0.84523645948591974,0.069676178285724366,0.0063038154771134555,0,-0.03515625,2.8054656982421875,2.8988468647003174,0,0
V15.23C,FIRST_CENTER_HOLD,16,476,4.7514369179999996,0.15999635299999948,0,0.84176633489895136,0.84176633489895136,-0.034746772139839309,-0.0031703885549227667,-0.61359375715255737,-0.05078125,2.8054656982421875,2.8984634876251221,0,0
V15.23C,FIRST_CENTER_HOLD,17,477,4.7614512290000004,0.17001066400000031,0,0.84523645948591974,0.84523645948591974,-0.017247009733012072,0.014191303882765937,0.024543749168515205,-0.04296875,2.8054656982421875,2.8988468647003174,0,0
V15.23C,FIRST_CENTER_HOLD,18,478,4.7714408969999997,0.18000033199999965,0,0.84350139719243555,0.84350139719243555,1.8143565548931966e-07,0.014186318492609004,-0.26998123526573181,-0.05078125,2.8054656982421875,2.8986551761627197,0,0
V15.23C,FIRST_CENTER_HOLD,19,479,4.7814354650000004,0.1899949000000003,0,0.84523645948591974,0.84523645948591974,0.0172869616998866,0.022080509608973991,0.098174996674060822,-0.04296875,2.8054656982421875,2.8988468647003174,0,0
V15.23C,FIRST_CENTER_HOLD,20,480,4.7914391580000002,0.19999859300000011,0,0.84350139719243555,0.84350139719243555,0.034724766647689025,0.011036639570246361,-0.36815625429153442,-0.04296875,2.8054656982421875,2.8986551761627197,0,0
V15.23C,FIRST_CENTER_HOLD,21,481,4.8014331720000003,0.20999260700000022,0,0.84523645948591974,0.84523645948591974,-1.5037020377482634e-07,0.015765688529351767,0.049087498337030411,-0.04296875,2.8054656982421875,2.8988468647003174,0,0
V15.23C,FIRST_CENTER_HOLD,22,482,4.8113889580000002,0.21994839300000013,0,0.84350139719243555,0.84350139719243555,2.3607023615021403e-05,0.0015827761322456284,-0.24543750286102295,-0.0390625,2.8054656982421875,2.8986551761627197,0,0
V15.23C,FIRST_CENTER_HOLD,23,483,4.8214416199999999,0.23000105499999979,0,0.84523645948591974,0.84523645948591974,4.7287041958446561e-05,0.0031614652505948383,0.12271875143051147,-0.04296875,2.8054656982421875,2.8988468647003174,0,0
V15.23C,FIRST_CENTER_HOLD,24,484,4.8314382399999998,0.23999767499999969,0,0.84176633489895136,0.84176633489895136,-0.034682151447383347,-0.0031479084767996241,-0.6626812219619751,-0.04296875,2.8054656982421875,2.8984634876251221,0,0
V15.23C,FIRST_CENTER_HOLD,25,485,4.8413059919999997,0.24986542699999958,0,0.84523645948591974,0.84523645948591974,-0.017527510424401215,-1.3940234916233817e-05,0.049087498337030411,-0.05078125,2.8054656982421875,2.8988468647003174,0,0
V15.23C,FIRST_CENTER_HOLD,26,486,4.8514432860000003,0.26000272100000021,0,0.84523645948591974,0.84523645948591974,0.03462474001008263,0.01104422880947869,0.073631249368190765,-0.05078125,2.8054656982421875,2.8988468647003174,0,0
V15.23C,FIRST_CENTER_HOLD,27,487,4.8614700500000003,0.27002948500000024,0,0.84176633489895136,0.84176633489895136,-0.034895555072021585,-0.012641137789411866,-0.58904999494552612,-0.05078125,2.8054656982421875,2.8984634876251221,0,0
V15.23C,FIRST_CENTER_HOLD,28,488,4.8714026539999997,0.27996208899999964,0,0.84523645948591974,0.84523645948591974,0.034344692438965457,-0.0015990488031715367,0.12271875143051147,-0.04296875,2.8054656982421875,2.8988468647003174,0,0
V15.23C,FIRST_CENTER_HOLD,29,489,4.8813330290000003,0.28989246400000024,0,0.84350139719243555,0.84350139719243555,-0.03486490435797153,-0.0079097120808263414,-0.22089375555515289,-0.04296875,2.8054656982421875,2.8986551761627197,0,0
V15.23C,FIRST_CENTER_HOLD,30,490,4.8914190230000001,0.299978458,0,0.84350139719243555,0.84350139719243555,-0.017480749523752951,-0.0047532395326791502,-0.17180624604225159,-0.04296875,2.8054656982421875,2.8986551761627197,0,0
V15.23C,FIRST_CENTER_HOLD,31,491,4.9014273819999996,0.30998681699999953,0,0.84350139719243555,0.84350139719243555,0.017257318380018569,-0.0094837100789183192,-0.24543750286102295,-0.04296875,2.8054656982421875,2.8986551761627197,0,0
V15.23C,FIRST_CENTER_HOLD,32,492,4.9113302589999996,0.31988969399999956,0,0.84350139719243555,0.84350139719243555,-0.034700918621908973,-0.004753498370569301,-0.049087498337030411,-0.0390625,2.8054656982421875,2.8986551761627197,0,0
V15.23C,FIRST_CENTER_HOLD,33,493,4.9214385219999999,0.32999795699999979,0,0.84350139719243555,0.84350139719243555,0,-0.007910024077105322,-0.29452499747276306,-0.05078125,2.8054656982421875,2.8986551761627197,0,0
V15.23C,FIRST_CENTER_HOLD,34,494,4.9314366160000001,0.33999605099999997,0,0.84350139719243555,0.84350139719243555,0,-0.0016023018242038597,-0.24543750286102295,-0.0390625,2.8054656982421875,2.8986551761627197,0,0
V15.23C,FIRST_CENTER_HOLD,35,495,4.9414353359999996,0.34999477099999954,0,0.84350139719243555,0.84350139719243555,0,-0.012627534269812602,-0.22089375555515289,-0.0390625,2.8054656982421875,2.8986551761627197,0,0
V15.23C,FIRST_CENTER_HOLD,36,496,4.9513929289999998,0.35995236399999975,0,0.84523645948591974,0.84523645948591974,0.034592480865623637,0.0015691813618823141,0.12271875143051147,-0.05078125,2.8054656982421875,2.8988468647003174,0,0
V15.23C,FIRST_CENTER_HOLD,37,497,4.961440058,0.3699994929999999,0,0.84350139719243555,0.84350139719243555,0.017302598568562491,0.0078707296515711841,-0.22089375555515289,-0.0390625,2.8054656982421875,2.8986551761627197,0,0
V15.23C,FIRST_CENTER_HOLD,38,498,4.9714519810000004,0.38001141600000032,0,0.84350139719243555,0.84350139719243555,-6.6674410905972733e-05,-0.0031543195254090696,-0.098174996674060822,-0.04296875,2.8054656982421875,2.8986551761627197,0,0
V15.23C,FIRST_CENTER_HOLD,39,499,4.9814622450000003,0.39002168000000026,0,0.84350139719243555,0.84350139719243555,-0.017386940116312855,0.003145771973427506,0.024543749168515205,-0.05078125,2.8054656982421875,2.8986551761627197,0,0
V15.23C,MINUS_5_HOLD,0,585,5.8413074070000004,0,-5,0.48223012556951639,0.48223012556951639,-0.034811968352924313,-0.57175779350700628,-0.34361249208450317,-0.0234375,2.253068996643885,2.3063454627990723,0,-4.9999999999999991
V15.23C,MINUS_5_HOLD,1,586,5.851291958,0.0099845509999996196,-5,0.48396518786300058,0.48396518786300058,-7.976062523529947e-05,-0.35377845812696612,-0.24543750286102295,-0.0234375,2.253068996643885,2.3065371513366699,0,-4.9999999999999991
V15.23C,MINUS_5_HOLD,2,587,5.86136897,0.020061562999999616,-5,0.48396518786300058,0.48396518786300058,0.034661470036074914,-0.20834790354058369,0.049087498337030411,-0.0234375,2.253068996643885,2.3065371513366699,0,-4.9999999999999991
V15.23C,MINUS_5_HOLD,3,588,5.871458982,0.030151574999999653,-5,0.48223012556951639,0.48223012556951639,-0.017349513962776338,-0.10880916348360445,-0.36815625429153442,-0.02734375,2.253068996643885,2.3063454627990723,0,-4.9999999999999991
V15.23C,MINUS_5_HOLD,4,589,5.8814322959999998,0.040124888999999442,-5,0.48223012556951639,0.48223012556951639,-0.017349485399353614,-0.058324979648956388,-0.34361249208450317,-0.02734375,2.253068996643885,2.3063454627990723,0,-4.9999999999999991
V15.23C,MINUS_5_HOLD,5,590,5.8914044460000001,0.050097038999999732,-5,0.48396518786300058,0.48396518786300058,-0.017438237971530574,-0.023644830441041757,-0.024543749168515205,-0.0234375,2.253068996643885,2.3065371513366699,0,-4.9999999999999991
V15.23C,MINUS_5_HOLD,6,591,5.9014380549999998,0.060130647999999454,-5,0.48396518786300058,0.48396518786300058,0.01723464879550907,-0.0015881479130418184,0.049087498337030411,-0.0234375,2.253068996643885,2.3065371513366699,0,-4.9999999999999991
V15.23C,MINUS_5_HOLD,7,592,5.9114649459999997,0.070157538999999325,-5,0.48223012556951639,0.48223012556951639,0.017280292076044292,-0.003167361712643669,-0.24543750286102295,-0.0234375,2.253068996643885,2.3063454627990723,0,-4.9999999999999991
V15.23C,MINUS_5_HOLD,8,593,5.9212980489999998,0.07999064199999939,-5,0.48396518786300058,0.48396518786300058,0.017279721219422024,0.0046995194713726806,0.073631249368190765,-0.0234375,2.253068996643885,2.3065371513366699,0,-4.9999999999999991
V15.23C,MINUS_5_HOLD,9,594,5.931398025,0.090090617999999623,-5,0.48396518786300058,0.48396518786300058,-0.00011180350573767131,0.0031247766934233115,0.073631249368190765,-0.01953125,2.253068996643885,2.3065371513366699,0,-4.9999999999999991
V15.23C,MINUS_5_HOLD,10,595,5.9414338569999998,0.10012644999999942,-5,0.48396518786300058,0.48396518786300058,0.017275093994783244,0.0094332202368126606,0,-0.0234375,2.253068996643885,2.3065371513366699,0,-4.9999999999999991
V15.23C,MINUS_5_HOLD,11,596,5.9514378490000004,0.110130442,-5,0.48223012556951639,0.48223012556951639,-0.00015538679570264893,-0.0016046173007910347,-0.31906875967979431,-0.0234375,2.253068996643885,2.3063454627990723,0,-4.9999999999999991
V15.23C,MINUS_5_HOLD,12,597,5.9614390850000003,0.12013167799999991,-5,0.48570240819416327,0.48570240819416327,0.017284482952904544,0.012608782586101857,0.4908750057220459,-0.01953125,2.253068996643885,2.3067290782928467,0,-4.9999999999999991
V15.23C,MINUS_5_HOLD,13,598,5.9714444310000001,0.13013702399999971,-5,0.48396518786300058,0.48396518786300058,0.017340341051355665,0.017345402181875046,0.049087498337030411,-0.01953125,2.253068996643885,2.3065371513366699,0,-4.9999999999999991
V15.23C,MINUS_5_HOLD,14,599,5.981350451,0.14004304399999956,-5,0.48396518786300058,0.48396518786300058,0.017408483722210589,0.012617188203230661,0,-0.0234375,2.253068996643885,2.3065371513366699,0,-4.9999999999999991
V15.23C,MINUS_5_HOLD,15,600,5.9913860190000001,0.15007861199999972,-5,0.48396518786300058,0.48396518786300058,0.017398036919215844,0.0063066386961287803,0.049087498337030411,-0.0234375,2.253068996643885,2.3065371513366699,0,-4.9999999999999991
V15.23C,MINUS_5_HOLD,16,601,6.0014341450000002,0.16012673799999977,-5,0.48396518786300058,0.48396518786300058,-0.034742533710929106,0.007881485058614808,0,-0.0234375,2.253068996643885,2.3065371513366699,0,-4.9999999999999991
V15.23C,MINUS_5_HOLD,17,602,6.0114359400000001,0.17012853299999975,-5,0.48396518786300058,0.48396518786300058,0,0.0094521817571253126,0.049087498337030411,-0.01953125,2.253068996643885,2.3065371513366699,0,-4.9999999999999991
V15.23C,MINUS_5_HOLD,18,603,6.0214365819999998,0.18012917499999936,-5,0.48223012556951639,0.48223012556951639,-0.034595806697180063,-0.0063079936333521394,-0.29452499747276306,-0.0234375,2.253068996643885,2.3063454627990723,0,-4.9999999999999991
V15.23C,MINUS_5_HOLD,19,604,6.0313929279999998,0.19008552099999942,-5,0.48396518786300058,0.48396518786300058,-0.017378691290489325,-0.0047395276147415366,0,-0.0234375,2.253068996643885,2.3065371513366699,0,-4.9999999999999991
V15.23C,MINUS_5_HOLD,20,605,6.0413973099999998,0.2000899029999994,-5,0.48396518786300058,0.48396518786300058,-2.991455723778624e-05,-0.0031651531010267221,-0.024543749168515205,-0.0234375,2.253068996643885,2.3065371513366699,0,-4.9999999999999991
V15.23C,MINUS_5_HOLD,21,606,6.0514394879999998,0.21013208099999936,-5,0.48396518786300058,0.48396518786300058,0.017333749466643102,-0.0015882247518053563,0.073631249368190765,-0.0234375,2.253068996643885,2.3065371513366699,0,-4.9999999999999991
V15.23C,MINUS_5_HOLD,22,607,6.0613935149999998,0.22008610799999939,-5,0.48396518786300058,0.48396518786300058,0.034685907227317764,-0.0094749414246181538,0.098174996674060822,-0.02734375,2.253068996643885,2.3065371513366699,0,-4.9999999999999991
V15.23C,MINUS_5_HOLD,23,608,6.0714419670000002,0.23013455999999977,-5,0.48223012556951639,0.48223012556951639,-0.034685938231550188,-0.007891725912457381,-0.39269998669624329,-0.0234375,2.253068996643885,2.3063454627990723,0,-4.9999999999999991
V15.23C,MINUS_5_HOLD,24,609,6.0812979150000004,0.23999050799999999,-5,0.48396518786300058,0.48396518786300058,-0.01750226045844,-0.0047458545239659729,0.073631249368190765,-0.0234375,2.253068996643885,2.3065371513366699,0,-4.9999999999999991
V15.23C,MINUS_5_HOLD,25,610,6.091439405,0.25013199799999963,-5,0.48396518786300058,0.48396518786300058,-6.8681071117270318e-05,-0.0015878504352267258,0.098174996674060822,-0.02734375,2.253068996643885,2.3065371513366699,0,-4.9999999999999991
V15.23C,MINUS_5_HOLD,26,611,6.1014344620000003,0.26012705499999988,-5,0.48223012556951639,0.48223012556951639,-0.017450242402280873,-0.0063244743497370224,-0.31906875967979431,-0.0234375,2.253068996643885,2.3063454627990723,0,-4.9999999999999991
V15.23C,MINUS_5_HOLD,27,612,6.1113928690000003,0.27008546199999994,-5,0.48396518786300058,0.48396518786300058,0.017209149617968589,-0.0015915603499347692,0.049087498337030411,-0.0234375,2.253068996643885,2.3065371513366699,0,-4.9999999999999991
V15.23C,MINUS_5_HOLD,28,613,6.1214488579999999,0.28014145099999954,-5,0.48223012556951639,0.48223012556951639,-0.034658893306400373,-0.0047502350226688202,-0.31906875967979431,-0.0234375,2.253068996643885,2.3063454627990723,0,-4.9999999999999991
V15.23C,MINUS_5_HOLD,29,614,6.1314377090000001,0.29013030199999967,-5,0.48396518786300058,0.48396518786300058,-3.8160817445649108e-05,-0.0078960806995620868,0.12271875143051147,-0.01953125,2.253068996643885,2.3065371513366699,0,-4.9999999999999991
V15.23C,MINUS_5_HOLD,30,615,6.1414500309999998,0.30014262399999936,-5,0.48396518786300058,0.48396518786300058,0.034617772176072044,-0.0031642984163102478,0.12271875143051147,-0.0234375,2.253068996643885,2.3065371513366699,0,-4.9999999999999991
V15.23C,MINUS_5_HOLD,31,616,6.1514188130000003,0.31011140599999987,-5,0.48223012556951639,0.48223012556951639,-0.017346677442819168,-0.0063166538473106671,-0.36815625429153442,-0.02734375,2.253068996643885,2.3063454627990723,0,-4.9999999999999991
V15.23C,MINUS_5_HOLD,32,617,6.1614529300000003,0.32014552299999988,-5,0.48396518786300058,0.48396518786300058,0.017381527432899474,-1.0758621470627319e-05,0.098174996674060822,-0.0234375,2.253068996643885,2.3065371513366699,0,-4.9999999999999991
V15.23C,MINUS_5_HOLD,33,618,6.1714355120000004,0.33012810500000001,-5,0.48396518786300058,0.48396518786300058,3.5024988887177902e-05,0.0062940540650907265,0.12271875143051147,-0.0234375,2.253068996643885,2.3065371513366699,0,-4.9999999999999991
V15.23C,MINUS_5_HOLD,34,619,6.1813078060000004,0.34000039900000001,-5,0.48396518786300058,0.48396518786300058,0.01743367256365843,0.0031427301081987332,0,-0.0234375,2.253068996643885,2.3065371513366699,0,-4.9999999999999991
V15.23C,MINUS_5_HOLD,35,620,6.1914692609999999,0.35016185399999955,-5,0.48223012556951639,0.48223012556951639,-9.437424954925454e-05,-1.0539853489003379e-05,-0.29452499747276306,-0.0234375,2.253068996643885,2.3063454627990723,0,-4.9999999999999991
V15.23C,MINUS_5_HOLD,36,621,6.2014347179999998,0.36012731099999939,-5,0.48396518786300058,0.48396518786300058,-0.01743665925084675,0.006299851684559309,0.049087498337030411,-0.0234375,2.253068996643885,2.3065371513366699,0,-4.9999999999999991
V15.23C,MINUS_5_HOLD,37,622,6.2114403850000004,0.370132978,-5,0.48396518786300058,0.48396518786300058,-8.9499367858719443e-05,0.0031454367573057812,0.14726249873638153,-0.0234375,2.253068996643885,2.3065371513366699,0,-4.9999999999999991
V15.23C,MINUS_5_HOLD,38,623,6.2214335529999998,0.38012614599999939,-5,0.48223012556951639,0.48223012556951639,-0.017391808535664025,-7.9897196576246025e-06,-0.34361249208450317,-0.0234375,2.253068996643885,2.3063454627990723,0,-4.9999999999999991
V15.23C,MINUS_5_HOLD,39,624,6.2313820849999999,0.39007467799999951,-5,0.48223012556951639,0.48223012556951639,-0.017392344093784141,-0.011048235419056918,-0.24543750286102295,-0.0234375,2.253068996643885,2.3063454627990723,0,-4.9999999999999991
V15.23C,FINAL_CENTER_HOLD,0,710,7.0913723339999999,0,0,-0.38877480385046415,0.38877480385046415,4.0265303803331465,5.3098637854076447,0.14726249873638153,0.01171875,2.8054656982421875,2.7625141143798828,0,0
V15.23C,FINAL_CENTER_HOLD,1,711,7.1012578040000003,0.0098854700000003959,0,-0.36447745762864936,0.36447745762864936,2.9047587921006235,5.0471920057781068,0.049087498337030411,0.0078125,2.8054656982421875,2.7651984691619873,0,0
V15.23C,FINAL_CENTER_HOLD,2,712,7.1114038380000002,0.020031504000000311,0,-0.32976542157057215,0.32976542157057215,2.5675560391977781,4.642077518695932,0.46633124351501465,0.00390625,2.8054656982421875,2.7690334320068359,0,0
V15.23C,FINAL_CENTER_HOLD,3,713,7.1213689750000002,0.029996641000000324,0,-0.28811097830087962,0.28811097830087962,3.0121387758106302,4.197315235828885,0.24543750286102295,-0.00390625,2.8054656982421875,2.7736353874206543,0,0
V15.23C,FINAL_CENTER_HOLD,4,714,7.1313659749999996,0.039993640999999691,0,-0.24819159732467128,0.24819159732467128,3.5721150150410867,3.8766908624985201,0.14726249873638153,0,2.8054656982421875,2.778045654296875,0,0
V15.23C,FINAL_CENTER_HOLD,5,715,7.1412888140000002,0.049916480000000263,0,-0.22389209306517804,0.22389209306517804,3.6269662357089651,3.6214561618100891,-0.049087498337030411,0,2.8054656982421875,2.7807302474975586,0,0
V15.23C,FINAL_CENTER_HOLD,6,716,7.1513701919999999,0.059997858000000015,0,-0.21000727864194718,0.21000727864194718,3.0409969180394039,3.2923078590750197,-0.049087498337030411,0,2.8054656982421875,2.782264232635498,0,0
V15.23C,FINAL_CENTER_HOLD,7,717,7.1613696869999997,0.069997352999999762,0,-0.19612246421871629,0.19612246421871629,2.2206997635912002,2.9688942698268863,0.12271875143051147,0.00390625,2.8054656982421875,2.7837982177734375,0,0
V15.23C,FINAL_CENTER_HOLD,8,718,7.1713211149999996,0.079948780999999691,0,-0.18744499471361664,0.18744499471361664,1.4926386889802334,2.7213246563414679,-0.24543750286102295,0.0078125,2.8054656982421875,2.7847568988800049,0,0
V15.23C,FINAL_CENTER_HOLD,9,719,7.1813684780000004,0.089996144000000555,0,-0.17703246291503272,0.17703246291503272,1.1616802733428526,2.5233383796751223,0.34361249208450317,0.00390625,2.8054656982421875,2.7859072685241699,0,0
V15.23C,FINAL_CENTER_HOLD,10,720,7.1913698720000001,0.099997538000000219,0,-0.17529524258387003,0.17529524258387003,0.88506486872474555,2.2416662072484437,0,0.01171875,2.8054656982421875,2.7860991954803467,0,0
V15.23C,FINAL_CENTER_HOLD,11,721,7.201373662,0.11000132800000006,0,-0.17356018029038575,0.17356018029038575,0.57239113287546139,1.8674528151373793,0.12271875143051147,0.00390625,2.8054656982421875,2.7862908840179443,0,0
V15.23C,FINAL_CENTER_HOLD,12,722,7.2113781499999998,0.12000581599999993,0,-0.17356018029038575,0.17356018029038575,0.31221019521153787,1.4306916815891846,-0.073631249368190765,0,2.8054656982421875,2.7862908840179443,0,0
V15.23C,FINAL_CENTER_HOLD,13,723,7.221348452,0.12997611800000008,0,-0.17356018029038575,0.17356018029038575,0.086845067259883099,1.0095298339742835,-0.098174996674060822,0.00390625,2.8054656982421875,2.7862908840179443,0,0
V15.23C,FINAL_CENTER_HOLD,14,724,7.231372822,0.14000048800000009,0,-0.17182511799690153,0.17182511799690153,0.069434388085714158,0.68139984268867027,0.24543750286102295,0.0078125,2.8054656982421875,2.786482572555542,0,0
V15.23C,FINAL_CENTER_HOLD,15,725,7.2413597420000002,0.14998740800000032,0,-0.17182511799690153,0.17182511799690153,0.052085404885358906,0.46536985361718697,0,0.0078125,2.8054656982421875,2.786482572555542,0,0
V15.23C,FINAL_CENTER_HOLD,16,726,7.2513519889999998,0.15997965499999989,0,-0.17356018029038575,0.17356018029038575,0.017378930671486763,0.30452499278057044,0.024543749168515205,0.01171875,2.8054656982421875,2.7862908840179443,0,0
V15.23C,FINAL_CENTER_HOLD,17,727,7.2613762380000004,0.17000390400000054,0,-0.17182511799690153,0.17182511799690153,0.017378888809589921,0.18144592926318154,-0.17180624604225159,0.0078125,2.8054656982421875,2.786482572555542,0,0
V15.23C,FINAL_CENTER_HOLD,18,728,7.2713772729999997,0.18000493899999981,0,-0.17009005570341729,0.17009005570341729,0.034727457630285091,0.10730003022219271,0.098174996674060822,0.00390625,2.8054656982421875,2.7866742610931396,0,0
V15.23C,FINAL_CENTER_HOLD,19,729,7.2812913249999998,0.18991899099999987,0,-0.17356018029038575,0.17356018029038575,0.00014828300904724898,0.041054950102409671,-0.34361249208450317,0.00390625,2.8054656982421875,2.7862908840179443,0,0
V15.23C,FINAL_CENTER_HOLD,20,730,7.2913669719999996,0.19999463799999972,0,-0.17182511799690153,0.17182511799690153,0.017520248602559903,0.026838864808252247,-0.098174996674060822,0.00390625,2.8054656982421875,2.786482572555542,0,0
V15.23C,FINAL_CENTER_HOLD,21,731,7.3013823049999997,0.21000997099999985,0,-0.17009005570341729,0.17009005570341729,0.017539746451497626,0.025259984450864557,-0.024543749168515205,0.0078125,2.8054656982421875,2.7866742610931396,0,0
V15.23C,FINAL_CENTER_HOLD,22,732,7.311328252,0.21995591800000014,0,-0.17182511799690153,0.17182511799690153,0.00020654823666261209,0.020530883185388312,-0.53996247053146362,0.0078125,2.8054656982421875,2.786482572555542,0,0
V15.23C,FINAL_CENTER_HOLD,23,733,7.3213825100000003,0.2300101760000004,0,-0.16835283537225457,0.16835283537225457,0.10411690678157808,0.030006370213701426,0,0.00390625,2.8054656982421875,2.7868661880493164,0,0
V15.23C,FINAL_CENTER_HOLD,24,734,7.3313705320000002,0.23999819800000033,0,-0.17009005570341729,0.17009005570341729,0.052158392510987306,0.026849034852921592,-0.44178751111030579,0.0078125,2.8054656982421875,2.7866742610931396,0,0
V15.23C,FINAL_CENTER_HOLD,25,735,7.3412733040000004,0.24990097000000056,0,-0.16661777307877035,0.16661777307877035,0.086938047112444766,0.045781643322026652,0.049087498337030411,0.00390625,2.8054656982421875,2.7870578765869141,0,0
V15.23C,FINAL_CENTER_HOLD,26,736,7.3514474940000003,0.26007516000000042,0,-0.16661777307877035,0.16661777307877035,0.12127597199427322,0.059968348981579253,-0.098174996674060822,0.0078125,2.8054656982421875,2.7870578765869141,0,0
V15.23C,FINAL_CENTER_HOLD,27,737,7.3613953460000001,0.27002301200000023,0,-0.16661777307877035,0.16661777307877035,0.069277182920909508,0.059965013789893246,-0.39269998669624329,0.01171875,2.8054656982421875,2.7870578765869141,0,0
V15.23C,FINAL_CENTER_HOLD,28,738,7.3713488590000003,0.27997652500000036,0,-0.16314764849180186,0.16314764849180186,0.13855258543513274,0.078878109362017335,0.12271875143051147,0.01171875,2.8054656982421875,2.7874412536621094,0,0
V15.23C,FINAL_CENTER_HOLD,29,739,7.3814038369999997,0.2900315029999998,0,-0.16488271078528607,0.16488271078528607,0.069142397330844069,0.091452710338686266,-0.36815625429153442,0.0078125,2.8054656982421875,2.7872495651245117,0,0
V15.23C,FINAL_CENTER_HOLD,30,740,7.3914081700000001,0.30003583600000017,0,-0.16488271078528607,0.16488271078528607,0.051962744617750266,0.08042601851684715,-0.41724374890327454,0.0078125,2.8054656982421875,2.7872495651245117,0,0
V15.23C,FINAL_CENTER_HOLD,31,741,7.4014347389999999,0.31006240500000004,0,-0.16314764849180186,0.16314764849180186,0.051891102456974689,0.078825912664026873,-0.22089375555515289,0.0078125,2.8054656982421875,2.7874412536621094,0,0
V15.23C,FINAL_CENTER_HOLD,32,742,7.411459314,0.32008698000000013,0,-0.16314764849180186,0.16314764849180186,0.017280757324436204,0.078784396008006172,-0.31906875967979431,0.00390625,2.8054656982421875,2.7874412536621094,0,0
V15.23C,FINAL_CENTER_HOLD,33,743,7.4214384239999998,0.33006608999999987,0,-0.16314764849180186,0.16314764849180186,0.052006056500515041,0.063024047135912961,-0.24543750286102295,0.0078125,2.8054656982421875,2.7874412536621094,0,0
V15.23C,FINAL_CENTER_HOLD,34,744,7.4314606840000001,0.34008835000000026,0,-0.15967536586715492,0.15967536586715492,0.1040470664230055,0.074049057303027965,-0.024543749168515205,0.0078125,2.8054656982421875,2.7878248691558838,0,0
V15.23C,FINAL_CENTER_HOLD,35,745,7.4412730390000004,0.34990070500000048,0,-0.16141042816063914,0.16141042816063914,0.069836445684994128,0.059928389179359713,-0.098174996674060822,0,2.8054656982421875,2.7876331806182861,0,0
V15.23C,FINAL_CENTER_HOLD,36,746,7.4512733979999997,0.35990106399999977,0,-0.15967536586715492,0.15967536586715492,0.087470004320460482,0.06474309800056044,0.14726249873638153,0.0078125,2.8054656982421875,2.7878248691558838,0,0
V15.23C,FINAL_CENTER_HOLD,37,747,7.461274038,0.36990170400000011,0,-0.15967536586715492,0.15967536586715492,0.069959920973966291,0.063186140097806084,0,0.0078125,2.8054656982421875,2.7878248691558838,0,0
V15.23C,FINAL_CENTER_HOLD,38,748,7.4712682609999996,0.37989592699999974,0,-0.15967536586715492,0.15967536586715492,0.017548772975252411,0.055313204378322427,-0.024543749168515205,0.0078125,2.8054656982421875,2.7878248691558838,0,0
V15.23C,FINAL_CENTER_HOLD,39,749,7.4812698620000004,0.38989752800000055,0,-0.15967536586715492,0.15967536586715492,0.034706932095966758,0.060104453761132347,-0.14726249873638153,0.01171875,2.8054656982421875,2.7878248691558838,0,0
V15.23C,FINAL_CENTER_HOLD,40,750,7.4912670869999998,0.39989475299999988,0,-0.15967536586715492,0.15967536586715492,0,0.052204030126576942,-0.44178751111030579,0.01171875,2.8054656982421875,2.7878248691558838,0,0
V15.23C,FINAL_CENTER_HOLD,41,751,7.5012712959999996,0.40989896199999976,0,-0.15620524128018642,0.15620524128018642,0.069415852841627212,0.055365548753983924,-0.098174996674060822,0.01171875,2.8054656982421875,2.7882082462310791,0,0
V15.23C,FINAL_CENTER_HOLD,42,752,7.5112710890000001,0.41989875500000018,0,-0.1544680209490237,0.1544680209490237,0.1388427964287608,0.06801199618706702,-0.073631249368190765,0.0078125,2.8054656982421875,2.7884001731872559,0,0
V15.23C,FINAL_CENTER_HOLD,43,753,7.5212699499999998,0.42989761599999987,0,-0.15099789636205524,0.15099789636205524,0.22561620368447871,0.08852907590112051,0.12271875143051147,0,2.8054656982421875,2.7887835502624512,0,0
V15.23C,FINAL_CENTER_HOLD,44,754,7.5312689649999998,0.43989663099999987,0,-0.15099789636205524,0.15099789636205524,0.22562111274042398,0.097952908183884954,0,0.00390625,2.8054656982421875,2.7887835502624512,0,0
V15.23C,FINAL_CENTER_HOLD,45,755,7.5412668419999997,0.44989450799999986,0,-0.15099789636205524,0.15099789636205524,0.1388650293439809,0.11517984909993564,-0.024543749168515205,0.00390625,2.8054656982421875,2.7887835502624512,0,0
V15.23C,FINAL_CENTER_HOLD,46,756,7.5512694250000001,0.4598970910000002,0,-0.15099789636205524,0.15099789636205524,0.069405057894898328,0.11518038837599823,0.024543749168515205,0.0078125,2.8054656982421875,2.7887835502624512,0,0
V15.23C,FINAL_CENTER_HOLD,47,757,7.561282469,0.46991013500000012,0,-0.15099789636205524,0.15099789636205524,0,0.11516902442505458,-0.024543749168515205,0,2.8054656982421875,2.7887835502624512,0,0
V15.23C,FINAL_CENTER_HOLD,48,758,7.571270996,0.47989866200000009,0,-0.15099789636205524,0.15099789636205524,0,0.1072787529516994,0,0.01171875,2.8054656982421875,2.7887835502624512,0,0
V15.23C,FINAL_CENTER_HOLD,49,759,7.5812686009999997,0.48989626699999977,0,-0.15099789636205524,0.15099789636205524,0,0.091505451005083172,-0.14726249873638153,0.00390625,2.8054656982421875,2.7887835502624512,0,0
V15.23C-R1,PLUS_5_HOLD,0,335,3.3420472339999998,0,5,-0.31387729019726179,0.31387729019726179,0.95290237573398839,2.6027168873970692,-0.024543749168515205,0.0078125,3.3407968747855583,3.3061199188232422,0,4.9999999999999991
V15.23C-R1,PLUS_5_HOLD,1,336,3.3520547280000001,0.010007494000000339,5,-0.308672103316809,0.308672103316809,0.72732252413383403,2.2308170726173864,-0.073631249368190765,0.01171875,3.3407968747855583,3.3066949844360352,0,4.9999999999999991
V15.23C-R1,PLUS_5_HOLD,2,337,3.3620595180000001,0.020012284000000324,5,-0.30172969610519362,0.30172969610519362,0.62313737824116866,1.8166488757932184,-0.19634999334812164,0.01953125,3.3407968747855583,3.3074619770050049,0,4.9999999999999991
V15.23C-R1,PLUS_5_HOLD,3,338,3.3720000969999999,0.029952863000000107,5,-0.29131500626893125,0.29131500626893125,0.67602780326424772,1.4150357473611221,0,0.01171875,3.3407968747855583,3.308612585067749,0,4.9999999999999991
V15.23C-R1,PLUS_5_HOLD,4,339,3.3818529150000001,0.039805681000000259,5,-0.27916525413918458,0.27916525413918458,0.87119687241047761,1.099318440381831,0.049087498337030411,0.0078125,3.3407968747855583,3.3099548816680908,0,4.9999999999999991
V15.23C-R1,PLUS_5_HOLD,5,340,3.3919927730000001,0.049945539000000316,5,-0.26354537742246947,0.26354537742246947,1.1321708763136205,0.94659399980711922,0.073631249368190765,0.00390625,3.3407968747855583,3.3116805553436279,0,4.9999999999999991
V15.23C-R1,PLUS_5_HOLD,6,341,3.401957678,0.059910444000000229,5,-0.25313284562388555,0.25313284562388555,1.2525212306928806,0.91526563596215504,-0.34361249208450317,0.0078125,3.3407968747855583,3.312830924987793,0,4.9999999999999991
V15.23C-R1,PLUS_5_HOLD,7,342,3.4119554409999999,0.069908207000000111,5,-0.23230562398903931,0.23230562398903931,1.4404249760304704,0.9834303032384526,0.19634999334812164,0,3.3407968747855583,3.3151319026947021,0,4.9999999999999991
V15.23C-R1,PLUS_5_HOLD,8,343,3.4218566909999999,0.079809457000000084,5,-0.21147840235419302,0.21147840235419302,1.6661084926964445,1.1134074208171583,0.34361249208450317,0.00390625,3.3407968747855583,3.3174328804016113,0,4.9999999999999991
V15.23C-R1,PLUS_5_HOLD,9,344,3.4318702509999999,0.089823017000000061,5,-0.19759358793096213,0.19759358793096213,1.7414811749786752,1.2482858066032934,0.049087498337030411,0.00390625,3.3407968747855583,3.3189668655395508,0,4.9999999999999991
V15.23C-R1,PLUS_5_HOLD,10,345,3.441866439,0.099819205000000188,5,-0.18544383580121551,0.18544383580121551,1.7051968605109926,1.3675888064895945,-0.049087498337030411,0.0078125,3.3407968747855583,3.3203091621398926,0,4.9999999999999991
V15.23C-R1,PLUS_5_HOLD,11,346,3.4518479759999998,0.10980074200000001,5,-0.17676636629611586,0.17676636629611586,1.3736205040646454,1.4324147216396574,0.024543749168515205,0.00390625,3.3407968747855583,3.32126784324646,0,4.9999999999999991
V15.23C-R1,PLUS_5_HOLD,12,347,3.4618685880000002,0.11982135400000038,5,-0.17676636629611586,0.17676636629611586,0.90245841463200893,1.4002600087245327,-0.22089375555515289,0.0078125,3.3407968747855583,3.32126784324646,0,4.9999999999999991
V15.23C-R1,PLUS_5_HOLD,13,348,3.4718484269999998,0.12980119300000004,5,-0.17502914596495314,0.17502914596495314,0.5382298427043205,1.2937786789489634,-0.12271875143051147,0.0078125,3.3407968747855583,3.3214597702026367,0,4.9999999999999991
V15.23C-R1,PLUS_5_HOLD,14,349,3.4818490529999999,0.1398018190000001,5,-0.17329408367146892,0.17329408367146892,0.26041836136095481,1.1370387476670196,0,0.0078125,3.3407968747855583,3.3216514587402344,0,4.9999999999999991
V15.23C-R1,PLUS_5_HOLD,15,350,3.4918682099999998,0.14982097599999999,5,-0.17329408367146892,0.17329408367146892,0.104126040617911,0.93966556042498184,-0.049087498337030411,0.0078125,3.3407968747855583,3.3216514587402344,0,4.9999999999999991
V15.23C-R1,PLUS_5_HOLD,16,351,3.5018672180000001,0.1598199840000003,5,-0.17329408367146892,0.17329408367146892,0.086758482137228879,0.7308174583157252,0,0.00390625,3.3407968747855583,3.3216514587402344,0,4.9999999999999991
V15.23C-R1,PLUS_5_HOLD,17,352,3.511866081,0.16981884700000016,5,-0.17329408367146892,0.17329408367146892,0.034683867684794367,0.49702472421565852,0,0.0078125,3.3407968747855583,3.3216514587402344,0,4.9999999999999991
V15.23C-R1,PLUS_5_HOLD,18,353,3.5218478559999999,0.17980062200000013,5,-0.17329408367146892,0.17329408367146892,0,0.30453568239774537,-0.024543749168515205,0.0078125,3.3407968747855583,3.3216514587402344,0,4.9999999999999991
V15.23C-R1,PLUS_5_HOLD,19,354,3.5318481589999999,0.18980092500000012,5,-0.17676636629611586,0.17676636629611586,-0.069488867609672128,0.15621491623777575,-0.68722498416900635,0.01171875,3.3407968747855583,3.32126784324646,0,4.9999999999999991
V15.23C-R1,PLUS_5_HOLD,20,355,3.541867882,0.19982064800000021,5,-0.17329408367146892,0.17329408367146892,-0.034695157660134653,0.067847457744714387,-0.073631249368190765,0.0078125,3.3407968747855583,3.3216514587402344,0,4.9999999999999991
V15.23C-R1,PLUS_5_HOLD,21,356,3.551866827,0.20981959300000019,5,-0.17329408367146892,0.17329408367146892,3.8879760896498767e-05,0.02367327282100876,-0.26998123526573181,0.00390625,3.3407968747855583,3.3216514587402344,0,4.9999999999999991
V15.23C-R1,PLUS_5_HOLD,22,357,3.5618664600000001,0.21981922600000026,5,-0.17155902137798468,0.17155902137798468,0.069397833750768537,0.023667387273335495,0.12271875143051147,0.00390625,3.3407968747855583,3.321843147277832,0,4.9999999999999991
V15.23C-R1,PLUS_5_HOLD,23,358,3.5718701410000002,0.22982290700000041,5,-0.17155902137798468,0.17155902137798468,0.12146406369429021,0.018928842199551689,-0.024543749168515205,0.00390625,3.3407968747855583,3.321843147277832,0,4.9999999999999991
V15.23C-R1,PLUS_5_HOLD,24,359,3.5818509820000002,0.23980374800000037,5,-0.17155902137798468,0.17155902137798468,0.052073557015952711,0.018931497331384724,-0.024543749168515205,0.0078125,3.3407968747855583,3.321843147277832,0,4.9999999999999991
V15.23C-R1,PLUS_5_HOLD,25,360,3.5918481839999998,0.24980095000000002,5,-0.17155902137798468,0.17155902137798468,0.034726933122725429,0.025246523660124889,-0.22089375555515289,0.01171875,3.3407968747855583,3.321843147277832,0,4.9999999999999991
V15.23C-R1,PLUS_5_HOLD,26,361,3.6018664889999998,0.25981925500000003,5,-0.17155902137798468,0.17155902137798468,0,0.029978273375839918,-0.17180624604225159,0.00390625,3.3407968747855583,3.321843147277832,0,4.9999999999999991
V15.23C-R1,PLUS_5_HOLD,27,362,3.6118639410000002,0.26981670700000038,5,-0.17155902137798468,0.17155902137798468,0,0.033132329282689318,-0.17180624604225159,0.0078125,3.3407968747855583,3.321843147277832,0,4.9999999999999991
V15.23C-R1,PLUS_5_HOLD,28,363,3.6218724619999998,0.27982522799999998,5,-0.1698239590845004,0.1698239590845004,0.034681411277555176,0.04259356899720692,0,0.0078125,3.3407968747855583,3.3220348358154297,0,4.9999999999999991
V15.23C-R1,PLUS_5_HOLD,29,364,3.6318661539999999,0.28981892000000009,5,-0.1698239590845004,0.1698239590845004,0.052028579973082308,0.048907516146295911,-0.17180624604225159,0.0078125,3.3407968747855583,3.3220348358154297,0,4.9999999999999991
V15.23C-R1,PLUS_5_HOLD,30,365,3.6418677709999998,0.299820537,5,-0.1698239590845004,0.1698239590845004,0.052054348660238649,0.033124002624974412,-0.24543750286102295,0.0078125,3.3407968747855583,3.3220348358154297,0,4.9999999999999991
V15.23C-R1,PLUS_5_HOLD,31,366,3.651868764,0.30982153000000023,5,-0.1698239590845004,0.1698239590845004,0.034704532783682046,0.029968290343490221,-0.14726249873638153,0.0078125,3.3407968747855583,3.3220348358154297,0,4.9999999999999991
V15.23C-R1,PLUS_5_HOLD,32,367,3.6618612590000001,0.31981402500000033,5,-0.16808673875333771,0.16808673875333771,0.03474769833218895,0.031555183721848734,0.098174996674060822,0.0078125,3.3407968747855583,3.3222267627716064,0,4.9999999999999991
V15.23C-R1,PLUS_5_HOLD,33,368,3.6718496759999999,0.32980244200000008,5,-0.1698239590845004,0.1698239590845004,0.017383374356131603,0.029978535249690727,-0.24543750286102295,0.0078125,3.3407968747855583,3.3220348358154297,0,4.9999999999999991
V15.23C-R1,PLUS_5_HOLD,34,369,3.6818484279999999,0.33980119400000008,5,-0.1698239590845004,0.1698239590845004,3.6165534526207184e-06,0.02682335445899579,-0.26998123526573181,0.00390625,3.3407968747855583,3.3220348358154297,0,4.9999999999999991
V15.23C-R1,PLUS_5_HOLD,35,370,3.6918487619999998,0.34980152799999997,5,-0.16808673875333771,0.16808673875333771,0.017389296535412185,0.029988852324539263,0,0.0078125,3.3407968747855583,3.3222267627716064,0,4.9999999999999991
V15.23C-R1,PLUS_5_HOLD,36,371,3.701848043,0.35980080900000022,5,-0.16808673875333771,0.16808673875333771,0.017389291492586608,0.029998166471828836,-0.024543749168515205,0.0078125,3.3407968747855583,3.3222267627716064,0,4.9999999999999991
V15.23C-R1,PLUS_5_HOLD,37,372,3.7118493479999999,0.36980211400000007,5,-0.17155902137798468,0.17155902137798468,-0.017331824684366129,0.011058494926383514,-0.63813751935958862,0.01171875,3.3407968747855583,3.321843147277832,0,4.9999999999999991
V15.23C-R1,PLUS_5_HOLD,38,373,3.7218484520000001,0.37980121800000033,5,-0.17155902137798468,0.17155902137798468,-0.069424919010305411,-0.0078826063276517602,-0.63813751935958862,0.00390625,3.3407968747855583,3.321843147277832,0,4.9999999999999991
V15.23C-R1,PLUS_5_HOLD,39,374,3.7318482949999998,0.389801061,5,-0.16808673875333771,0.16808673875333771,-0.034725413089148456,-0.0015665049332735982,0,0.01953125,3.3407968747855583,3.3222267627716064,0,4.9999999999999991
V15.23C-R1,FIRST_CENTER_HOLD,0,460,4.5918487460000001,0,0,0.56580510872781831,0.56580510872781831,-2.9959315841918643,-3.2911218258309529,-0.39269998669624329,-0.02734375,2.7884001731872559,2.850909948348999,0,0
V15.23C-R1,FIRST_CENTER_HOLD,1,461,4.6018482570000003,0.009999511000000183,0,0.55886270151620299,0.55886270151620299,-1.8644252312370366,-3.0745389744642031,-0.24543750286102295,-0.01953125,2.7884001731872559,2.8501429557800293,0,0
V15.23C-R1,FIRST_CENTER_HOLD,2,462,4.6118479350000001,0.019999188999999973,0,0.55192029430458744,0.55192029430458744,-1.1486530701328315,-2.8209914544228232,-0.24543750286102295,-0.02734375,2.7884001731872559,2.8493759632110596,0,0
V15.23C-R1,FIRST_CENTER_HOLD,3,463,4.6218664340000002,0.030017688000000042,0,0.54845016971761906,0.54845016971761906,-0.76363310443588117,-2.5079993790797626,-0.44178751111030579,-0.02734375,2.7884001731872559,2.8489925861358643,0,0
V15.23C-R1,FIRST_CENTER_HOLD,4,464,4.6318485359999997,0.039999789999999535,0,0.54671294938645632,0.54671294938645632,-0.48589880826323317,-2.1187263564466186,0.12271875143051147,-0.02734375,2.7884001731872559,2.8488006591796875,0,0
V15.23C-R1,FIRST_CENTER_HOLD,5,465,4.6418676320000003,0.050018886000000151,0,0.53803547988135658,0.53803547988135658,-0.46846536175545539,-1.690392139099723,-0.53996247053146362,-0.02734375,2.7884001731872559,2.8478419780731201,0,0
V15.23C-R1,FIRST_CENTER_HOLD,6,466,4.6518693640000004,0.060020618000000248,0,0.53630041758787239,0.53630041758787239,-0.41639296640483453,-1.252348420524994,-0.049087498337030411,-0.02734375,2.7884001731872559,2.8476502895355225,0,0
V15.23C-R1,FIRST_CENTER_HOLD,7,467,4.6618664340000002,0.070017688000000078,0,0.53456535529438809,0.53456535529438809,-0.38178460696660543,-0.84298351379031367,0.073631249368190765,-0.02734375,2.7884001731872559,2.8474586009979248,0,0
V15.23C-R1,FIRST_CENTER_HOLD,8,468,4.6719663630000001,0.080117616999999974,0,0.53109307266974126,0.53109307266974126,-0.34626638193851728,-0.59460129131007367,-0.24543750286102295,-0.01953125,2.7884001731872559,2.8470749855041504,0,0
V15.23C-R1,FIRST_CENTER_HOLD,9,469,4.6818845209999997,0.090035774999999596,0,0.53282813496322545,0.53282813496322545,-0.15617976335778463,-0.44307657753712698,0.098174996674060822,-0.0234375,2.7884001731872559,2.847266674041748,0,0
V15.23C-R1,FIRST_CENTER_HOLD,10,470,4.6919616550000001,0.10011290899999992,0,0.52762294808277277,0.52762294808277277,-0.19073060062506547,-0.35937226413228496,-0.61359375715255737,-0.01171875,2.7884001731872559,2.8466916084289551,0,0
V15.23C-R1,FIRST_CENTER_HOLD,11,471,4.7019584080000003,0.11010966200000016,0,0.52935801037625696,0.52935801037625696,-0.13880802602629239,-0.29627156700581819,-0.24543750286102295,-0.01953125,2.7884001731872559,2.8468832969665527,0,0
V15.23C-R1,FIRST_CENTER_HOLD,12,472,4.711853949,0.12000520299999984,0,0.52762294808277277,0.52762294808277277,-0.10442683412290578,-0.24597581977956637,-0.56450623273849487,-0.02734375,2.7884001731872559,2.8466916084289551,0,0
V15.23C-R1,FIRST_CENTER_HOLD,13,473,4.7219564710000004,0.13010772500000023,0,0.52935801037625696,0.52935801037625696,-0.06943231660352521,-0.19708033233939581,0,-0.01953125,2.7884001731872559,2.8468832969665527,0,0
V15.23C-R1,FIRST_CENTER_HOLD,14,474,4.7318641479999997,0.14001540199999951,0,0.52935801037625696,0.52935801037625696,0.034876809570219415,-0.14671548996767519,-0.24543750286102295,-0.01953125,2.7884001731872559,2.8468832969665527,0,0
V15.23C-R1,FIRST_CENTER_HOLD,15,475,4.7419573640000001,0.15010861799999997,0,0.53109307266974126,0.53109307266974126,0.052222219616477022,-0.080457086859222232,0.22089375555515289,-0.0234375,2.7884001731872559,2.8470749855041504,0,0
V15.23C-R1,FIRST_CENTER_HOLD,16,476,4.7520169819999998,0.16016823599999963,0,0.52762294808277277,0.52762294808277277,0.017265525596003667,-0.063086134115310805,-0.31906875967979431,-0.01953125,2.7884001731872559,2.8466916084289551,0,0
V15.23C-R1,FIRST_CENTER_HOLD,17,477,4.7619568609999998,0.17010811499999967,0,0.52762294808277277,0.52762294808277277,-0.052006178766463393,-0.045741910330394868,-0.24543750286102295,-0.01953125,2.7884001731872559,2.8466916084289551,0,0
V15.23C-R1,FIRST_CENTER_HOLD,18,478,4.771995005,0.18014625899999981,0,0.52935801037625696,0.52935801037625696,-0.034621243797679113,-0.022073457711162817,0.098174996674060822,-0.02734375,2.7884001731872559,2.8468832969665527,0,0
V15.23C-R1,FIRST_CENTER_HOLD,19,479,4.7818518140000004,0.19000306800000022,0,0.52762294808277277,0.52762294808277277,-0.052219989440063737,-0.0205021996527609,-0.24543750286102295,-0.0234375,2.7884001731872559,2.8466916084289551,0,0
V15.23C-R1,FIRST_CENTER_HOLD,20,480,4.7918506049999996,0.20000185899999945,0,0.52935801037625696,0.52935801037625696,0.034966820124173487,0.0015837978022904349,0.34361249208450317,-0.01953125,2.7884001731872559,2.8468832969665527,0,0
V15.23C-R1,FIRST_CENTER_HOLD,21,481,4.8019510560000001,0.2101023099999999,0,0.52762294808277277,0.52762294808277277,6.045670839624194e-06,-0.0094593413574380822,0,-0.01953125,2.7884001731872559,2.8466916084289551,0,0
V15.23C-R1,FIRST_CENTER_HOLD,22,482,4.8119535930000001,0.22010484699999999,0,0.52588572775161002,0.52588572775161002,-0.069470990493977924,-0.01893270146620504,-0.19634999334812164,-0.0234375,2.7884001731872559,2.8464996814727783,0,0
V15.23C-R1,FIRST_CENTER_HOLD,23,483,4.8220338829999996,0.23018513699999943,0,0.52415066545812572,0.52415066545812572,-0.10374249338056926,-0.042626212674418525,-0.58904999494552612,-0.02734375,2.7884001731872559,2.8463079929351807,0,0
V15.23C-R1,FIRST_CENTER_HOLD,24,484,4.8318508150000001,0.24000206899999998,0,0.52588572775161002,0.52588572775161002,-0.10440447400416042,-0.045803567218030146,-0.14726249873638153,-0.01953125,2.7884001731872559,2.8464996814727783,0,0
V15.23C-R1,FIRST_CENTER_HOLD,25,485,4.8419999149999997,0.25015116899999956,0,0.52415066545812572,0.52415066545812572,-0.069668080147764475,-0.053710723287561948,-0.53996247053146362,-0.01953125,2.7884001731872559,2.8463079929351807,0,0
V15.23C-R1,FIRST_CENTER_HOLD,26,486,4.851875218,0.26002647199999984,0,0.52588572775161002,0.52588572775161002,-0.00025851219260325677,-0.039530675500139362,-0.14726249873638153,-0.02734375,2.7884001731872559,2.8464996814727783,0,0
V15.23C-R1,FIRST_CENTER_HOLD,27,487,4.8618482649999999,0.26999951899999974,0,0.52415066545812572,0.52415066545812572,-0.00020477270335218204,-0.047411955652380502,-0.4908750057220459,-0.01953125,2.7884001731872559,2.8463079929351807,0,0
V15.23C-R1,FIRST_CENTER_HOLD,28,488,4.871848301,0.27999955499999984,0,0.52241560316464153,0.52241560316464153,-0.069631237954895314,-0.060039646667421391,-0.34361249208450317,-0.02734375,2.7884001731872559,2.846116304397583,0,0
V15.23C-R1,FIRST_CENTER_HOLD,29,489,4.8818486439999997,0.28999989799999959,0,0.52415066545812572,0.52415066545812572,-0.034883794793485849,-0.050565144721759069,0.024543749168515205,-0.02734375,2.7884001731872559,2.8463079929351807,0,0
V15.23C-R1,FIRST_CENTER_HOLD,30,490,4.8918660750000003,0.30001732900000011,0,0.52415066545812572,0.52415066545812572,-0.034666936780541766,-0.045847925667392125,0.12271875143051147,-0.02734375,2.7884001731872559,2.8463079929351807,0,0
V15.23C-R1,FIRST_CENTER_HOLD,31,491,4.9018495680000003,0.31000082200000012,0,0.52068054087115723,0.52068054087115723,-0.052014909556416522,-0.044264946737033836,-0.26998123526573181,-0.01953125,2.7884001731872559,2.8459246158599854,0,0
V15.23C-R1,FIRST_CENTER_HOLD,32,492,4.91186817,0.32001942399999983,0,0.52241560316464153,0.52241560316464153,-0.034657432529190652,-0.036349077391523835,0.12271875143051147,-0.01953125,2.7884001731872559,2.846116304397583,0,0
V15.23C-R1,FIRST_CENTER_HOLD,33,493,4.9218700320000002,0.33002128600000002,0,0.51894332053999459,0.51894332053999459,-0.12141354067874918,-0.048993913480671322,0,-0.02734375,2.7884001731872559,2.8457326889038086,0,0
V15.23C-R1,FIRST_CENTER_HOLD,34,494,4.9318481399999996,0.33999939399999946,0,0.5154731959530261,0.5154731959530261,-0.19090004874473401,-0.080513799988322088,-0.17180624604225159,-0.01171875,2.7884001731872559,2.8453493118286133,0,0
V15.23C-R1,FIRST_CENTER_HOLD,35,495,4.9418664010000004,0.35001765500000026,0,0.51200091332837916,0.51200091332837916,-0.24294088912618114,-0.11054383987732541,0.12271875143051147,-0.01953125,2.7884001731872559,2.8449656963348389,0,0
V15.23C-R1,FIRST_CENTER_HOLD,36,496,4.9518480199999999,0.35999927399999976,0,0.50332344382327943,0.50332344382327943,-0.45144803323311344,-0.17670542428523608,-0.098174996674060822,-0.01953125,2.7884001731872559,2.8440070152282715,0,0
V15.23C-R1,FIRST_CENTER_HOLD,37,497,4.9618646970000002,0.37001595100000007,0,0.4946459743181798,0.4946459743181798,-0.60753284003615604,-0.2539872569224409,-0.049087498337030411,-0.0234375,2.7884001731872559,2.8430483341217041,0,0
V15.23C-R1,FIRST_CENTER_HOLD,38,498,4.9718709829999996,0.38002223699999949,0,0.48249622218843324,0.48249622218843324,-0.83271709282770856,-0.36758524218660632,-0.29452499747276306,-0.01171875,2.7884001731872559,2.8417060375213623,0,0
V15.23C-R1,FIRST_CENTER_HOLD,39,499,4.9818521960000002,0.39000345000000003,0,0.46514128317823389,0.46514128317823389,-1.1454780408718193,-0.53168598252145116,-0.44178751111030579,-0.01171875,2.7884001731872559,2.8397886753082275,0,0
V15.23C-R1,MINUS_5_HOLD,0,585,5.8419918979999998,0,-5,0.60719345537859415,0.60719345537859415,0.086869468132064864,-0.05834305218732052,0.049087498337030411,-0.02734375,2.2360034715889534,2.3030858039855957,0,-4.9999999999999991
V15.23C-R1,MINUS_5_HOLD,1,586,5.8519995739999997,0.010007675999999854,-5,0.60719345537859415,0.60719345537859415,0.051991498802170813,-0.020478573903231597,0.12271875143051147,-0.02734375,2.2360034715889534,2.3030858039855957,0,-4.9999999999999991
V15.23C-R1,MINUS_5_HOLD,2,587,5.8620183529999998,0.020026454999999999,-5,0.6037211727539471,0.6037211727539471,-0.034927473868334218,-0.011027056642701013,-0.24543750286102295,-0.0234375,2.2360034715889534,2.3027021884918213,0,-4.9999999999999991
V15.23C-R1,MINUS_5_HOLD,3,588,5.8719593520000002,0.029967454000000338,-5,0.60545839308510985,0.60545839308510985,-0.069321970410673409,0.0031320451672333083,-0.049087498337030411,-0.02734375,2.2360034715889534,2.302894115447998,0,-4.9999999999999991
V15.23C-R1,MINUS_5_HOLD,4,589,5.8819981319999997,0.040006233999999807,-5,0.60545839308510985,0.60545839308510985,-0.052116050986796496,0.011027077494653198,-0.34361249208450317,-0.02734375,2.2360034715889534,2.302894115447998,0,-4.9999999999999991
V15.23C-R1,MINUS_5_HOLD,5,590,5.8920530759999998,0.050061177999999984,-5,0.60545839308510985,0.60545839308510985,-0.01733149048084788,0.011035083521552962,-0.31906875967979431,-0.02734375,2.2360034715889534,2.302894115447998,0,-4.9999999999999991
V15.23C-R1,MINUS_5_HOLD,6,591,5.9019905609999999,0.059998663000000008,-5,0.60545839308510985,0.60545839308510985,0.034692658665328217,0.0015613575678661929,0,-0.0234375,2.2360034715889534,2.302894115447998,0,-4.9999999999999991
V15.23C-R1,MINUS_5_HOLD,7,592,5.9120682020000004,0.070076304000000533,-5,0.6037211727539471,0.6037211727539471,-0.034692717444687562,-0.017379307491438581,-0.26998123526573181,-0.02734375,2.2360034715889534,2.3027021884918213,0,-4.9999999999999991
V15.23C-R1,MINUS_5_HOLD,8,593,5.9220025820000002,0.080010684000000332,-5,0.60545839308510985,0.60545839308510985,-0.017443109765640352,-0.018948233525543114,-0.098174996674060822,-0.02734375,2.2360034715889534,2.302894115447998,0,-4.9999999999999991
V15.23C-R1,MINUS_5_HOLD,9,594,5.9318506480000002,0.08985875000000032,-5,0.60545839308510985,0.60545839308510985,-0.00013164889530741341,-0.020533324317039942,0,-0.02734375,2.2360034715889534,2.302894115447998,0,-4.9999999999999991
V15.23C-R1,MINUS_5_HOLD,10,595,5.9419585489999998,0.099966650999999906,-5,0.60545839308510985,0.60545839308510985,0.017305760519799214,-0.0126454407530477,-0.17180624604225159,-0.02734375,2.2360034715889534,2.302894115447998,0,-4.9999999999999991
V15.23C-R1,MINUS_5_HOLD,11,596,5.9520120030000001,0.11002010500000026,-5,0.60545839308510985,0.60545839308510985,0.034696026686350898,-0.0031665379942403976,-0.31906875967979431,-0.02734375,2.2360034715889534,2.302894115447998,0,-4.9999999999999991
V15.23C-R1,MINUS_5_HOLD,12,597,5.9619590210000002,0.11996712300000034,-5,0.60545839308510985,0.60545839308510985,0,0.0078876139109883871,0.049087498337030411,-0.03515625,2.2360034715889534,2.302894115447998,0,-4.9999999999999991
V15.23C-R1,MINUS_5_HOLD,13,598,5.9718776099999999,0.1298857120000001,-5,0.60545839308510985,0.60545839308510985,0,0.0015673978910989846,0,-0.02734375,2.2360034715889534,2.302894115447998,0,-4.9999999999999991
V15.23C-R1,MINUS_5_HOLD,14,599,5.9818527850000001,0.13986088700000021,-5,0.6037211727539471,0.6037211727539471,-0.034847297271456135,-0.0047506991654581356,-0.39269998669624329,-0.02734375,2.2360034715889534,2.3027021884918213,0,-4.9999999999999991
V15.23C-R1,MINUS_5_HOLD,15,600,5.9919063640000001,0.14991446600000025,-5,0.60545839308510985,0.60545839308510985,-0.017362703856790569,-0.0015853970875589051,0.12271875143051147,-0.02734375,2.2360034715889534,2.302894115447998,0,-4.9999999999999991
V15.23C-R1,MINUS_5_HOLD,16,601,6.0018673610000004,0.15987546300000055,-5,0.60719345537859415,0.60719345537859415,0.034834059831503277,0.0094766156860733013,0.073631249368190765,-0.03515625,2.2360034715889534,2.3030858039855957,0,-4.9999999999999991
V15.23C-R1,MINUS_5_HOLD,17,602,6.012018672,0.1700267740000001,-5,0.60545839308510985,0.60545839308510985,0.03454263684130069,0.011049120341891951,-0.24543750286102295,-0.02734375,2.2360034715889534,2.302894115447998,0,-4.9999999999999991
V15.23C-R1,MINUS_5_HOLD,18,603,6.021992966,0.18000106800000015,-5,0.60719345537859415,0.60719345537859415,0.069040726829695337,0.011049901342960935,-0.29452499747276306,-0.0234375,2.2360034715889534,2.3030858039855957,0,-4.9999999999999991
V15.23C-R1,MINUS_5_HOLD,19,604,6.0318509689999997,0.18985907099999988,-5,0.60545839308510985,0.60545839308510985,1.0050093787847448e-05,0.009477291382904502,0,-0.02734375,2.2360034715889534,2.302894115447998,0,-4.9999999999999991
V15.23C-R1,MINUS_5_HOLD,20,605,6.0419874650000001,0.19999556700000021,-5,0.6037211727539471,0.6037211727539471,-0.069465858782421355,-4.6756537874249379e-06,-0.34361249208450317,-0.02734375,2.2360034715889534,2.3027021884918213,0,-4.9999999999999991
V15.23C-R1,MINUS_5_HOLD,21,606,6.0519880730000004,0.20999617500000056,-5,0.60545839308510985,0.60545839308510985,-0.034759078255942738,-7.4963382166066946e-07,-0.36815625429153442,-0.0234375,2.2360034715889534,2.302894115447998,0,-4.9999999999999991
V15.23C-R1,MINUS_5_HOLD,22,607,6.0619927819999999,0.22000088400000006,-5,0.60545839308510985,0.60545839308510985,-0.034596604868814815,3.1670237642954795e-06,-0.24543750286102295,-0.03515625,2.2360034715889534,2.302894115447998,0,-4.9999999999999991
V15.23C-R1,MINUS_5_HOLD,23,608,6.0719571649999997,0.22996526699999986,-5,0.6037211727539471,0.6037211727539471,-0.017355533811875871,-0.0078744660477698264,-0.31906875967979431,-0.02734375,2.2360034715889534,2.3027021884918213,0,-4.9999999999999991
V15.23C-R1,MINUS_5_HOLD,24,609,6.0818542860000004,0.23986238800000059,-5,0.60545839308510985,0.60545839308510985,0.017418679343471584,-0.006303887962068635,0.12271875143051147,-0.02734375,2.2360034715889534,2.302894115447998,0,-4.9999999999999991
V15.23C-R1,MINUS_5_HOLD,25,610,6.0919595019999999,0.24996760400000007,-5,0.6037211727539471,0.6037211727539471,-0.03490825291703116,-0.022107449241579282,-0.24543750286102295,-0.02734375,2.2360034715889534,2.3027021884918213,0,-4.9999999999999991
V15.23C-R1,MINUS_5_HOLD,26,611,6.1019641130000002,0.25997221500000034,-5,0.6037211727539471,0.6037211727539471,-0.034858921909572328,-0.028426445040470913,-0.24543750286102295,-0.02734375,2.2360034715889534,2.3027021884918213,0,-4.9999999999999991
V15.23C-R1,MINUS_5_HOLD,27,612,6.112034886,0.27004298800000015,-5,0.60719345537859415,0.60719345537859415,0.051904894792103182,-0.0078847520866862537,0.098174996674060822,-0.02734375,2.2360034715889534,2.3030858039855957,0,-4.9999999999999991
V15.23C-R1,MINUS_5_HOLD,28,613,6.1219960579999997,0.28000415999999984,-5,0.60719345537859415,0.60719345537859415,0.069112913344476265,0.0031664324522394176,0.14726249873638153,-0.0234375,2.2360034715889534,2.3030858039855957,0,-4.9999999999999991
V15.23C-R1,MINUS_5_HOLD,29,614,6.131859349,0.28986745100000011,-5,0.60545839308510985,0.60545839308510985,0.069887597199135204,0.014205380084984207,-0.024543749168515205,-0.02734375,2.2360034715889534,2.302894115447998,0,-4.9999999999999991
V15.23C-R1,MINUS_5_HOLD,30,615,6.1418850809999999,0.29989318300000001,-5,0.60545839308510985,0.60545839308510985,0.017717931630773395,0.017396817787695539,0,-0.0234375,2.2360034715889534,2.302894115447998,0,-4.9999999999999991
V15.23C-R1,MINUS_5_HOLD,31,616,6.151943052,0.30995115400000017,-5,0.60545839308510985,0.60545839308510985,-0.05210870509107908,0.011076576723600502,-0.29452499747276306,-0.02734375,2.2360034715889534,2.302894115447998,0,-4.9999999999999991
V15.23C-R1,MINUS_5_HOLD,32,617,6.1619917519999996,0.31999985399999975,-5,0.60545839308510985,0.60545839308510985,-0.034543004345114578,0.012651113080444922,-0.24543750286102295,-0.02734375,2.2360034715889534,2.302894115447998,0,-4.9999999999999991
V15.23C-R1,MINUS_5_HOLD,33,618,6.1719625049999998,0.32997060699999992,-5,0.6037211727539471,0.6037211727539471,-0.034586827144574776,0.0063294830510516719,-0.31906875967979431,-0.02734375,2.2360034715889534,2.3027021884918213,0,-4.9999999999999991
V15.23C-R1,MINUS_5_HOLD,34,619,6.1818521349999997,0.3398602369999999,-5,0.6037211727539471,0.6037211727539471,-0.052096267930759277,-0.007867380807165451,-0.24543750286102295,-0.02734375,2.2360034715889534,2.3027021884918213,0,-4.9999999999999991
V15.23C-R1,MINUS_5_HOLD,35,620,6.1919606869999999,0.34996878900000006,-5,0.60545839308510985,0.60545839308510985,-0.017287500931686371,-0.0047038147442361837,-0.049087498337030411,-0.02734375,2.2360034715889534,2.302894115447998,0,-4.9999999999999991
V15.23C-R1,MINUS_5_HOLD,36,621,6.201994666,0.3600027680000002,-5,0.60545839308510985,0.60545839308510985,0.017527010588082377,-0.011014709347264489,0.073631249368190765,-0.0234375,2.2360034715889534,2.302894115447998,0,-4.9999999999999991
V15.23C-R1,MINUS_5_HOLD,37,622,6.2118568019999998,0.36986490399999994,-5,0.60545839308510985,0.60545839308510985,0.052250346197725513,-0.01892159630472532,-0.36815625429153442,-0.02734375,2.2360034715889534,2.302894115447998,0,-4.9999999999999991
V15.23C-R1,MINUS_5_HOLD,38,623,6.2219596020000001,0.37996770400000024,-5,0.60719345537859415,0.60719345537859415,0.069476763843487652,-0.0015569424904236975,0,-0.02734375,2.2360034715889534,2.3030858039855957,0,-4.9999999999999991
V15.23C-R1,MINUS_5_HOLD,39,624,6.2318501980000001,0.38985830000000021,-5,0.60719345537859415,0.60719345537859415,0.052250883039902704,0.015774516283710592,0.12271875143051147,-0.02734375,2.2360034715889534,2.3030858039855957,0,-4.9999999999999991
V15.23C-R1,FINAL_CENTER_HOLD,0,710,7.0919018349999998,0,0,-0.89730559259187481,0.89730559259187481,0.034800288007720323,0.18621977692125982,-0.049087498337030411,0.0546875,2.7884001731872559,2.6892664432525635,0,0
V15.23C-R1,FINAL_CENTER_HOLD,1,711,7.1020451329999998,0.010143298000000023,0,-0.89730559259187481,0.89730559259187481,0.017307531086421586,0.12935698153102629,0,0.05859375,2.7884001731872559,2.6892664432525635,0,0
V15.23C-R1,FINAL_CENTER_HOLD,2,712,7.1120547189999996,0.020152883999999816,0,-0.89557053029839062,0.89557053029839062,0.069108091167768115,0.089890709615376652,-0.024543749168515205,0.0546875,2.7884001731872559,2.6894581317901611,0,0
V15.23C-R1,FINAL_CENTER_HOLD,3,713,7.1220324670000004,0.030130632000000546,0,-0.89383546800490632,0.89383546800490632,0.086201730367195473,0.080430409636297676,0.31906875967979431,0.0546875,2.7884001731872559,2.6896498203277588,0,0
V15.23C-R1,FINAL_CENTER_HOLD,4,714,7.1318561410000001,0.039954306000000273,0,-0.89557053029839062,0.89557053029839062,0.069655358222464533,0.061567696285010444,0.26998123526573181,0.0546875,2.7884001731872559,2.6894581317901611,0,0
V15.23C-R1,FINAL_CENTER_HOLD,5,715,7.1420290519999998,0.050127217000000002,0,-0.89557053029839062,0.89557053029839062,0.034839084696523574,0.044198559248871581,0.26998123526573181,0.0546875,2.7884001731872559,2.6894581317901611,0,0
V15.23C-R1,FINAL_CENTER_HOLD,6,716,7.1520007300000001,0.060098895000000319,0,-0.89557053029839062,0.89557053029839062,-0.017323111860762467,0.039441643577922278,0.46633124351501465,0.05859375,2.7884001731872559,2.6894581317901611,0,0
V15.23C-R1,FINAL_CENTER_HOLD,7,717,7.1620315239999996,0.070129688999999829,0,-0.89557053029839062,0.89557053029839062,-0.034528190487228362,0.031540575152092146,-0.049087498337030411,0.05078125,2.7884001731872559,2.6894581317901611,0,0
V15.23C-R1,FINAL_CENTER_HOLD,8,718,7.1720389170000001,0.080137082000000248,0,-0.89730559259187481,0.89730559259187481,-0.034528944705990321,0.022073557885748041,-0.19634999334812164,0.05078125,2.7884001731872559,2.6892664432525635,0,0
V15.23C-R1,FINAL_CENTER_HOLD,9,719,7.1818563839999996,0.089954548999999773,0,-0.89904281292303745,0.89904281292303745,-0.086942349083833331,-0.0046843741460390123,-0.44178751111030579,0.0546875,2.7884001731872559,2.6890745162963867,0,0
V15.23C-R1,FINAL_CENTER_HOLD,10,720,7.1919061879999999,0.1000043530000001,0,-0.89557053029839062,0.89557053029839062,-0.034716802930168753,-0.0062859042498728509,0.14726249873638153,0.0546875,2.7884001731872559,2.6894581317901611,0,0
V15.23C-R1,FINAL_CENTER_HOLD,11,721,7.2019832949999998,0.11008145999999996,0,-0.89730559259187481,0.89730559259187481,-0.017224051693573831,-0.017359646484618477,-0.53996247053146362,0.05078125,2.7884001731872559,2.6892664432525635,0,0
V15.23C-R1,FINAL_CENTER_HOLD,12,722,7.2119858499999996,0.12008401499999977,0,-0.89557053029839062,0.89557053029839062,0.052192336149751252,-0.020497840894649788,0.19634999334812164,0.05859375,2.7884001731872559,2.6894581317901611,0,0
V15.23C-R1,FINAL_CENTER_HOLD,13,723,7.222033809,0.13013197400000021,0,-0.89557053029839062,0.89557053029839062,0.069126998245103224,-0.015738114523614254,-0.049087498337030411,0.05078125,2.7884001731872559,2.6894581317901611,0,0
V15.23C-R1,FINAL_CENTER_HOLD,14,724,7.2318564939999996,0.13995465899999981,0,-0.89557053029839062,0.89557053029839062,0.017314858004040784,-0.0015603985650678902,0.049087498337030411,0.05078125,2.7884001731872559,2.6894581317901611,0,0
V15.23C-R1,FINAL_CENTER_HOLD,15,725,7.2420329450000001,0.15013111000000023,0,-0.89557053029839062,0.89557053029839062,0.034713027329305757,0.0047663040488795045,0.14726249873638153,0.05078125,2.7884001731872559,2.6894581317901611,0,0
V15.23C-R1,FINAL_CENTER_HOLD,16,726,7.2520206500000004,0.16011881500000058,0,-0.89730559259187481,0.89730559259187481,-0.034712952913361683,0.0031790254383973812,-0.19634999334812164,0.05078125,2.7884001731872559,2.6892664432525635,0,0
V15.23C-R1,FINAL_CENTER_HOLD,17,727,7.2620222129999998,0.17012037800000002,0,-0.89557053029839062,0.89557053029839062,-0.017348892574019482,0.011061830046196354,-0.098174996674060822,0.05078125,2.7884001731872559,2.6894581317901611,0,0
V15.23C-R1,FINAL_CENTER_HOLD,18,728,7.2719833429999996,0.18008150799999978,0,-0.89557053029839062,0.89557053029839062,-6.4785071057486118e-05,0.018930165332027366,-0.073631249368190765,0.0546875,2.7884001731872559,2.6894581317901611,0,0
V15.23C-R1,FINAL_CENTER_HOLD,19,729,7.2818553809999997,0.18995354599999992,0,-0.89904281292303745,0.89904281292303745,-0.052125698773251433,0.0016263477128018804,-0.61359375715255737,0.05078125,2.7884001731872559,2.6890745162963867,0,0
V15.23C-R1,FINAL_CENTER_HOLD,20,730,7.2918562759999999,0.19995444100000004,0,-0.89557053029839062,0.89557053029839062,0.00017345525731175338,-0.007885022714635077,-0.29452499747276306,0.05859375,2.7884001731872559,2.6894581317901611,0,0
V15.23C-R1,FINAL_CENTER_HOLD,21,731,7.3020328819999998,0.21013104699999996,0,-0.89383546800490632,0.89383546800490632,0.035247070678242363,0.0063456088659166405,0.14726249873638153,0.0546875,2.7884001731872559,2.6896498203277588,0,0
V15.23C-R1,FINAL_CENTER_HOLD,22,732,7.3120471409999999,0.22014530600000004,0,-0.89730559259187481,0.89730559259187481,0.017585462908225657,-0.0062858430852143739,-0.44178751111030579,0.05078125,2.7884001731872559,2.6892664432525635,0,0
V15.23C-R1,FINAL_CENTER_HOLD,23,733,7.3220376050000002,0.23013577000000041,0,-0.89557053029839062,0.89557053029839062,0.051875649848274363,-0.0015478553600788432,0.098174996674060822,0.05078125,2.7884001731872559,2.6894581317901611,0,0
V15.23C-R1,FINAL_CENTER_HOLD,24,734,7.3318798699999999,0.23997803500000003,0,-0.89730559259187481,0.89730559259187481,-0.05186323017502617,-0.0046934597638716808,-0.26998123526573181,0.0546875,2.7884001731872559,2.6892664432525635,0,0
V15.23C-R1,FINAL_CENTER_HOLD,25,735,7.3419830819999996,0.25008124699999978,0,-0.89730559259187481,0.89730559259187481,-0.069572916106294833,-0.0062686465262976948,-0.24543750286102295,0.05078125,2.7884001731872559,2.6892664432525635,0,0
V15.23C-R1,FINAL_CENTER_HOLD,26,736,7.3520337720000004,0.26013193700000059,0,-0.89730559259187481,0.89730559259187481,-0.017306736835427869,-0.0062684942860370225,0,0.0546875,2.7884001731872559,2.6892664432525635,0,0
V15.23C-R1,FINAL_CENTER_HOLD,27,737,7.3620007919999999,0.27009895700000008,0,-0.89557053029839062,0.89557053029839062,0.0001114680338220636,-0.0062568769745096784,-0.12271875143051147,0.05078125,2.7884001731872559,2.6894581317901611,0,0
V15.23C-R1,FINAL_CENTER_HOLD,28,738,7.3720368079999998,0.28013497300000001,0,-0.89383546800490632,0.89383546800490632,0.086376352257193714,0.0095034932446254675,-0.22089375555515289,0.0546875,2.7884001731872559,2.6896498203277588,0,0
V15.23C-R1,FINAL_CENTER_HOLD,29,739,7.3818569959999998,0.28995516099999996,0,-0.89383546800490632,0.89383546800490632,0.10440821317096137,0.023672423119809941,0.049087498337030411,0.05859375,2.7884001731872559,2.6896498203277588,0,0
V15.23C-R1,FINAL_CENTER_HOLD,30,740,7.3918600870000004,0.29995825200000059,0,-0.89557053029839062,0.89557053029839062,0.052395361768277443,0.0094667669999049919,0.049087498337030411,0.05859375,2.7884001731872559,2.6894581317901611,0,0
V15.23C-R1,FINAL_CENTER_HOLD,31,741,7.401998603,0.31009676800000019,0,-0.89557053029839062,0.89557053029839062,-0.017426262506113871,0.011057922566132606,-0.098174996674060822,0.0546875,2.7884001731872559,2.6894581317901611,0,0
V15.23C-R1,FINAL_CENTER_HOLD,32,742,7.412032902,0.32013106700000016,0,-0.89383546800490632,0.89383546800490632,-0.01720776332230799,0.029992275886411412,0,0.0546875,2.7884001731872559,2.6896498203277588,0,0
V15.23C-R1,FINAL_CENTER_HOLD,33,743,7.4220454680000003,0.33014363300000049,0,-0.89383546800490632,0.89383546800490632,0.017262471417373103,0.029973087467621042,0.024543749168515205,0.05859375,2.7884001731872559,2.6896498203277588,0,0
V15.23C-R1,FINAL_CENTER_HOLD,34,744,7.4318807060000003,0.33997887100000046,0,-0.89557053029839062,0.89557053029839062,0.017581561921780186,0.028405661978800099,-0.098174996674060822,0.05078125,2.7884001731872559,2.6894581317901611,0,0
V15.23C-R1,FINAL_CENTER_HOLD,35,745,7.4420446419999999,0.35014280700000011,0,-0.89730559259187481,0.89730559259187481,-0.052055735207824028,0.0094537102152670964,-0.41724374890327454,0.0546875,2.7884001731872559,2.6892664432525635,0,0
V15.23C-R1,FINAL_CENTER_HOLD,36,746,7.4519959650000001,0.36009413000000023,0,-0.89730559259187481,0.89730559259187481,-0.10419185879727652,-0.0094758210500782009,-0.31906875967979431,0.0546875,2.7884001731872559,2.6892664432525635,0,0
V15.23C-R1,FINAL_CENTER_HOLD,37,747,7.4619831230000004,0.37008128800000062,0,-0.89730559259187481,0.89730559259187481,-0.086764961748042962,-0.028375533199180448,-0.39269998669624329,0.0546875,2.7884001731872559,2.6892664432525635,0,0
V15.23C-R1,FINAL_CENTER_HOLD,38,748,7.472050147,0.38014831200000021,0,-0.89383546800490632,0.89383546800490632,0.034523407088869876,-0.022039746008101779,0.049087498337030411,0.0546875,2.7884001731872559,2.6896498203277588,0,0
V15.23C-R1,FINAL_CENTER_HOLD,39,749,7.4818558199999998,0.389953985,0,-0.89557053029839062,0.89557053029839062,0.069849690388098545,-0.015755411986134463,-0.29452499747276306,0.05859375,2.7884001731872559,2.6894581317901611,0,0
V15.23C-R1,FINAL_CENTER_HOLD,40,750,7.4919352220000004,0.40003338700000057,0,-0.89557053029839062,0.89557053029839062,0.052372269753176222,-0.0078722693190368433,-0.073631249368190765,0.0546875,2.7884001731872559,2.6894581317901611,0,0
V15.23C-R1,FINAL_CENTER_HOLD,41,751,7.5020599670000001,0.41015813200000029,0,-0.89730559259187481,0.89730559259187481,-0.01736457478133601,-0.01577860884135673,-0.44178751111030579,0.05859375,2.7884001731872559,2.6892664432525635,0,0
V15.23C-R1,FINAL_CENTER_HOLD,42,752,7.5120464010000001,0.42014456600000027,0,-0.89383546800490632,0.89383546800490632,-0.017200739591078977,-0.0062952928445180146,0,0.0546875,2.7884001731872559,2.6896498203277588,0,0
V15.23C-R1,FINAL_CENTER_HOLD,43,753,7.5220342379999998,0.430132403,0,-0.89383546800490632,0.89383546800490632,0.051626615471285546,0.011047740602974108,0.024543749168515205,0.05078125,2.7884001731872559,2.6896498203277588,0,0
V15.23C-R1,FINAL_CENTER_HOLD,44,754,7.5318612040000001,0.43995936900000032,0,-0.89557053029839062,0.89557053029839062,0.034879147224071483,0.020507067923629468,-0.098174996674060822,0.0546875,2.7884001731872559,2.6894581317901611,0,0
V15.23C-R1,FINAL_CENTER_HOLD,45,755,7.542107143,0.45020530800000014,0,-0.89557053029839062,0.89557053029839062,0.017379645825225654,0.022084571101171031,-0.17180624604225159,0.06640625,2.7884001731872559,2.6894581317901611,0,0
V15.23C-R1,FINAL_CENTER_HOLD,46,756,7.5521220119999999,0.46022017700000006,0,-0.89557053029839062,0.89557053029839062,-0.051796220521537227,0.014183831915287597,-0.19634999334812164,0.05078125,2.7884001731872559,2.6894581317901611,0,0
V15.23C-R1,FINAL_CENTER_HOLD,47,757,7.5620302239999999,0.47012838900000009,0,-0.89383546800490632,0.89383546800490632,4.3736546489776954e-06,0.012609398844865278,0.12271875143051147,0.04296875,2.7884001731872559,2.6896498203277588,0,0
V15.23C-R1,FINAL_CENTER_HOLD,48,758,7.5720387340000004,0.48013689900000056,0,-0.89730559259187481,0.89730559259187481,-0.017268584287000937,-0.0078649338970652998,-0.61359375715255737,0.04296875,2.7884001731872559,2.6892664432525635,0,0
V15.23C-R1,FINAL_CENTER_HOLD,49,759,7.5818890139999997,0.48998717899999988,0,-0.89383546800490632,0.89383546800490632,0.017257079633837491,0.0062860801568184466,0,0.0546875,2.7884001731872559,2.6896498203277588,0,0
