cycle,request_monotonic_s,receive_monotonic_s,rtt_ms,valid,can_id,state,state_name,position_rad,velocity_rad_s,torque_protocol,mos_temperature_c,coil_temperature_c
0,1806870.025692002,1806870.125264169,99.572167,1,0,0,DISABLED,1.053444724193179,0.010989010989007397,-0.0024420024420024333,39,35
1,1806870.035772115,1806870.125291311,89.519196,1,0,0,DISABLED,1.0538261997405964,0.0329670329670364,-0.0024420024420024333,39,35
2,1806870.045890363,1806870.125298421,79.408058,1,0,0,DISABLED,1.0538261997405964,-0.0329670329670364,-0.0024420024420024333,39,35
3,1806870.055868626,1806870.125303865,69.435239,1,0,0,DISABLED,1.0538261997405964,0.010989010989007397,-0.0024420024420024333,39,35
4,1806870.065899129,1806870.125309176,59.410047,1,0,0,DISABLED,1.053444724193179,-0.0329670329670364,-0.0024420024420024333,39,35
5,1806870.075879948,1806870.125314384,49.434436,1,0,0,DISABLED,1.0538261997405964,0.010989010989007397,-0.0024420024420024333,39,35
6,1806870.085890016,1806870.125319714,39.429698,1,0,0,DISABLED,1.0538261997405964,-0.010989010989007397,-0.0024420024420024333,39,35
7,1806870.095892312,1806870.125324659,29.432347,1,0,0,DISABLED,1.0538261997405964,-0.0549450549450512,-0.0024420024420024333,39,35
8,1806870.105847748,1806870.125330597,19.482849,1,0,0,DISABLED,1.0538261997405964,0.010989010989007397,-0.0024420024420024333,39,35
9,1806870.115852356,1806870.125336329,9.483973,1,0,0,DISABLED,1.0538261997405964,-0.010989010989007397,-0.0024420024420024333,39,35
10,1806870.125860482,1806870.225598956,99.738474,1,0,0,DISABLED,1.0538261997405964,0.010989010989007397,-0.0024420024420024333,39,35
11,1806870.135886149,1806870.225630353,89.744204,1,0,0,DISABLED,1.053444724193179,-0.0329670329670364,-0.0024420024420024333,39,35
12,1806870.145892267,1806870.225640800,79.748533,1,0,0,DISABLED,1.0538261997405964,0.0329670329670364,-0.0024420024420024333,39,35
13,1806870.155884723,1806870.225646161,69.761438,1,0,0,DISABLED,1.0538261997405964,-0.0549450549450512,-0.0024420024420024333,39,35
14,1806870.165889806,1806870.225651064,59.761258,1,0,0,DISABLED,1.0538261997405964,-0.0329670329670364,-0.0024420024420024333,39,35
15,1806870.175896086,1806870.225655953,49.759867,1,0,0,DISABLED,1.053444724193179,0.010989010989007397,-0.0024420024420024333,39,35
16,1806870.185861434,1806870.225660290,39.798856,1,0,0,DISABLED,1.053444724193179,0.010989010989007397,-0.0024420024420024333,39,35
17,1806870.195857450,1806870.225664405,29.806955,1,0,0,DISABLED,1.0538261997405964,0.010989010989007397,-0.0024420024420024333,39,35
18,1806870.205892636,1806870.225669716,19.777080,1,0,0,DISABLED,1.0542076752880138,-0.0329670329670364,-0.0024420024420024333,39,35
19,1806870.215907108,1806870.225674719,9.767611,1,0,0,DISABLED,1.0538261997405964,-0.0329670329670364,-0.0024420024420024333,39,35
20,1806870.225791326,1806870.325829482,100.038156,1,0,0,DISABLED,1.053444724193179,-0.0329670329670364,-0.0024420024420024333,39,35
21,1806870.235859005,1806870.325859341,90.000336,1,0,0,DISABLED,1.053444724193179,0.010989010989007397,-0.0024420024420024333,39,35
22,1806870.245897256,1806870.325866693,79.969437,1,0,0,DISABLED,1.0538261997405964,-0.0329670329670364,-0.0024420024420024333,39,35
23,1806870.255888867,1806870.325876100,69.987233,1,0,0,DISABLED,1.0538261997405964,-0.0329670329670364,-0.0024420024420024333,39,35
24,1806870.265872413,1806870.325883873,60.011460,1,0,0,DISABLED,1.0538261997405964,0.010989010989007397,-0.0024420024420024333,39,35
25,1806870.275889516,1806870.325890163,50.000647,1,0,0,DISABLED,1.0538261997405964,-0.010989010989007397,-0.0024420024420024333,39,35
26,1806870.285921147,1806870.325896336,39.975189,1,0,0,DISABLED,1.0538261997405964,0.010989010989007397,-0.0024420024420024333,39,35
27,1806870.295886709,1806870.325902430,30.015721,1,0,0,DISABLED,1.053444724193179,0.010989010989007397,-0.0024420024420024333,39,35
28,1806870.305897025,1806870.325908475,20.011450,1,0,0,DISABLED,1.0538261997405964,-0.010989010989007397,-0.0024420024420024333,39,35
29,1806870.315852572,1806870.325914245,10.061673,1,0,0,DISABLED,1.053444724193179,-0.0329670329670364,-0.0024420024420024333,39,35
30,1806870.325953386,1806870.426145559,100.192173,1,0,0,DISABLED,1.0538261997405964,-0.0329670329670364,-0.0024420024420024333,39,35
31,1806870.335862703,1806870.426186404,90.323701,1,0,0,DISABLED,1.053444724193179,0.010989010989007397,-0.0024420024420024333,39,35
32,1806870.345891068,1806870.426195837,80.304769,1,0,0,DISABLED,1.053444724193179,0.010989010989007397,-0.0024420024420024333,39,35
33,1806870.355888324,1806870.426200295,70.311971,1,0,0,DISABLED,1.053444724193179,0.010989010989007397,-0.0024420024420024333,39,35
34,1806870.365847834,1806870.426205359,60.357525,1,0,0,DISABLED,1.0542076752880138,-0.0329670329670364,-0.0024420024420024333,39,35
35,1806870.375896368,1806870.426210333,50.313965,1,0,0,DISABLED,1.0538261997405964,0.010989010989007397,-0.0024420024420024333,39,35
36,1806870.385890107,1806870.426215136,40.325029,1,0,0,DISABLED,1.0538261997405964,-0.0329670329670364,-0.0024420024420024333,39,35
37,1806870.395856871,1806870.426219807,30.362936,1,0,0,DISABLED,1.0538261997405964,-0.010989010989007397,-0.0024420024420024333,39,35
38,1806870.405847626,1806870.426225236,20.377610,1,0,0,DISABLED,1.0538261997405964,-0.010989010989007397,-0.0024420024420024333,39,35
39,1806870.415862090,1806870.426230006,10.367916,1,0,0,DISABLED,1.053444724193179,-0.0329670329670364,-0.0024420024420024333,39,35
40,1806870.425942536,1806870.526389479,100.446943,1,0,0,DISABLED,1.0538261997405964,-0.010989010989007397,-0.0024420024420024333,39,35
41,1806870.435860512,1806870.526410231,90.549719,1,0,0,DISABLED,1.0538261997405964,-0.010989010989007397,-0.0024420024420024333,39,35
42,1806870.445918203,1806870.526415902,80.497699,1,0,0,DISABLED,1.053444724193179,0.0329670329670364,-0.0024420024420024333,39,35
43,1806870.455934804,1806870.526420408,70.485604,1,0,0,DISABLED,1.053444724193179,0.010989010989007397,-0.0024420024420024333,39,35
44,1806870.465862687,1806870.526425520,60.562833,1,0,0,DISABLED,1.053444724193179,-0.010989010989007397,-0.0024420024420024333,39,35
45,1806870.475955861,1806870.526429846,50.473985,1,0,0,DISABLED,1.053444724193179,-0.010989010989007397,-0.0024420024420024333,39,35
46,1806870.485903433,1806870.526434401,40.530968,1,0,0,DISABLED,1.053444724193179,-0.0549450549450512,-0.0024420024420024333,39,35
47,1806870.495857443,1806870.526438918,30.581475,1,0,0,DISABLED,1.053444724193179,0.010989010989007397,-0.0024420024420024333,39,35
48,1806870.506000331,1806870.526443349,20.443018,1,0,0,DISABLED,1.053444724193179,0.010989010989007397,-0.0024420024420024333,39,35
49,1806870.515859374,1806870.526447521,10.588147,1,0,0,DISABLED,1.0538261997405964,0.010989010989007397,-0.0024420024420024333,39,35
50,1806870.525848792,1806870.526452139,0.603347,1,0,0,DISABLED,1.053444724193179,-0.010989010989007397,-0.0024420024420024333,39,35
51,1806870.535944344,1806870.626544893,90.600549,1,0,0,DISABLED,1.053444724193179,-0.010989010989007397,-0.0024420024420024333,39,35
52,1806870.545946945,1806870.626566290,80.619345,1,0,0,DISABLED,1.0538261997405964,-0.0329670329670364,-0.0024420024420024333,39,35
53,1806870.555852866,1806870.626572577,70.719711,1,0,0,DISABLED,1.0538261997405964,-0.010989010989007397,-0.0024420024420024333,39,35
54,1806870.565935827,1806870.626578689,60.642862,1,0,0,DISABLED,1.053444724193179,-0.0549450549450512,-0.0024420024420024333,39,35
55,1806870.575940545,1806870.626584793,50.644248,1,0,0,DISABLED,1.0538261997405964,-0.010989010989007397,-0.0024420024420024333,39,35
56,1806870.585863036,1806870.626589388,40.726352,1,0,0,DISABLED,1.053444724193179,0.010989010989007397,-0.0024420024420024333,39,35
57,1806870.595866796,1806870.626594160,30.727364,1,0,0,DISABLED,1.053444724193179,0.010989010989007397,-0.0024420024420024333,39,35
58,1806870.606029289,1806870.626599030,20.569741,1,0,0,DISABLED,1.0538261997405964,-0.010989010989007397,-0.0024420024420024333,39,35
59,1806870.615933041,1806870.626604409,10.671368,1,0,0,DISABLED,1.0538261997405964,-0.0329670329670364,-0.0024420024420024333,39,35
60,1806870.625943849,1806870.626609069,0.665220,1,0,0,DISABLED,1.053444724193179,-0.010989010989007397,-0.0024420024420024333,39,35
61,1806870.635938601,1806870.726798090,90.859489,1,0,0,DISABLED,1.053444724193179,-0.010989010989007397,-0.0024420024420024333,39,35
62,1806870.645939897,1806870.726819588,80.879691,1,0,0,DISABLED,1.053444724193179,-0.0329670329670364,-0.0024420024420024333,39,35
63,1806870.655900772,1806870.726828038,70.927266,1,0,0,DISABLED,1.053444724193179,0.0329670329670364,-0.0024420024420024333,39,35
64,1806870.665909312,1806870.726833971,60.924659,1,0,0,DISABLED,1.053444724193179,0.010989010989007397,-0.0024420024420024333,39,35
65,1806870.675848010,1806870.726840488,50.992478,1,0,0,DISABLED,1.0542076752880138,0.010989010989007397,-0.0024420024420024333,39,35
66,1806870.685886775,1806870.726846696,40.959921,1,0,0,DISABLED,1.053444724193179,-0.0329670329670364,-0.0024420024420024333,39,35
67,1806870.695890742,1806870.726852349,30.961607,1,0,0,DISABLED,1.0538261997405964,-0.010989010989007397,-0.0024420024420024333,39,35
68,1806870.705859093,1806870.726858173,20.999080,1,0,0,DISABLED,1.053444724193179,0.010989010989007397,-0.0024420024420024333,39,35
69,1806870.715871472,1806870.726863587,10.992115,1,0,0,DISABLED,1.0542076752880138,-0.0329670329670364,-0.0024420024420024333,39,35
70,1806870.725895224,1806870.726869102,0.973878,1,0,0,DISABLED,1.0538261997405964,-0.0329670329670364,-0.0024420024420024333,39,35
71,1806870.735794457,1806870.827077061,91.282604,1,0,0,DISABLED,1.0538261997405964,-0.010989010989007397,-0.0024420024420024333,39,35
72,1806870.745889824,1806870.827097520,81.207696,1,0,0,DISABLED,1.0542076752880138,0.010989010989007397,-0.0024420024420024333,39,35
73,1806870.755911104,1806870.827104259,71.193155,1,0,0,DISABLED,1.0542076752880138,-0.0329670329670364,-0.0024420024420024333,39,35
74,1806870.765894178,1806870.827109598,61.215420,1,0,0,DISABLED,1.0538261997405964,-0.010989010989007397,-0.0024420024420024333,39,35
75,1806870.775892832,1806870.827114885,51.222053,1,0,0,DISABLED,1.053444724193179,-0.010989010989007397,-0.0024420024420024333,39,35
76,1806870.785750279,1806870.827119906,41.369627,1,0,0,DISABLED,1.053444724193179,-0.010989010989007397,-0.0024420024420024333,39,35
77,1806870.795889136,1806870.827125074,31.235938,1,0,0,DISABLED,1.053444724193179,-0.0329670329670364,-0.0024420024420024333,39,35
78,1806870.805896589,1806870.827129953,21.233364,1,0,0,DISABLED,1.053444724193179,0.010989010989007397,-0.0024420024420024333,39,35
79,1806870.815890299,1806870.827136238,11.245939,1,0,0,DISABLED,1.0538261997405964,0.010989010989007397,-0.0024420024420024333,39,35
80,1806870.825895285,1806870.827141589,1.246304,1,0,0,DISABLED,1.0542076752880138,0.010989010989007397,-0.0024420024420024333,39,35
81,1806870.835846380,1806870.927235097,91.388717,1,0,0,DISABLED,1.0538261997405964,-0.010989010989007397,-0.0024420024420024333,39,35
82,1806870.845889822,1806870.927254692,81.364870,1,0,0,DISABLED,1.0538261997405964,-0.0329670329670364,-0.0024420024420024333,39,35
83,1806870.855888435,1806870.927259952,71.371517,1,0,0,DISABLED,1.053444724193179,0.010989010989007397,-0.0024420024420024333,39,35
84,1806870.865894325,1806870.927264555,61.370230,1,0,0,DISABLED,1.0538261997405964,-0.0329670329670364,-0.0024420024420024333,39,35
85,1806870.875894211,1806870.927269016,51.374805,1,0,0,DISABLED,1.0538261997405964,-0.0329670329670364,-0.0024420024420024333,39,35
86,1806870.885846663,1806870.927273276,41.426613,1,0,0,DISABLED,1.0542076752880138,-0.0329670329670364,-0.0024420024420024333,39,35
87,1806870.895893301,1806870.927277544,31.384243,1,0,0,DISABLED,1.0538261997405964,-0.0549450549450512,-0.0024420024420024333,39,35
88,1806870.905870794,1806870.927281800,21.411006,1,0,0,DISABLED,1.0538261997405964,0.010989010989007397,-0.0024420024420024333,39,35
89,1806870.915748533,1806870.927286738,11.538205,1,0,0,DISABLED,1.0542076752880138,-0.0549450549450512,-0.0024420024420024333,39,35
90,1806870.925900990,1806870.927290890,1.389900,1,0,0,DISABLED,1.0538261997405964,0.010989010989007397,-0.0024420024420024333,39,35
91,1806870.935879525,1806871.027621150,91.741625,1,0,0,DISABLED,1.053444724193179,-0.0329670329670364,-0.0024420024420024333,39,35
92,1806870.945891211,1806871.027650993,81.759782,1,0,0,DISABLED,1.0538261997405964,0.0329670329670364,-0.0024420024420024333,39,35
93,1806870.955890617,1806871.027656811,71.766194,1,0,0,DISABLED,1.0538261997405964,-0.010989010989007397,-0.0024420024420024333,39,35
94,1806870.965846388,1806871.027661964,61.815576,1,0,0,DISABLED,1.0538261997405964,-0.010989010989007397,-0.0024420024420024333,39,35
95,1806870.975889688,1806871.027667384,51.777696,1,0,0,DISABLED,1.0538261997405964,0.010989010989007397,-0.0024420024420024333,39,35
96,1806870.985887312,1806871.027672129,41.784817,1,0,0,DISABLED,1.0538261997405964,-0.0329670329670364,-0.0024420024420024333,39,35
97,1806870.995864451,1806871.027677152,31.812701,1,0,0,DISABLED,1.0538261997405964,-0.010989010989007397,-0.0024420024420024333,39,35
98,1806871.005917361,1806871.027681924,21.764563,1,0,0,DISABLED,1.053444724193179,-0.0329670329670364,-0.0024420024420024333,39,35
99,1806871.015921175,1806871.027687459,11.766284,1,0,0,DISABLED,1.053444724193179,-0.010989010989007397,-0.0024420024420024333,39,35
100,1806871.025948071,1806871.027692466,1.744395,1,0,0,DISABLED,1.053444724193179,-0.010989010989007397,-0.0024420024420024333,39,35
101,1806871.035943634,1806871.127994337,92.050703,1,0,0,DISABLED,1.053444724193179,-0.0549450549450512,-0.0024420024420024333,39,35
102,1806871.045856236,1806871.128022062,82.165826,1,0,0,DISABLED,1.053444724193179,0.010989010989007397,-0.0024420024420024333,39,35
103,1806871.055944514,1806871.128052170,72.107656,1,0,0,DISABLED,1.0538261997405964,-0.0329670329670364,-0.0024420024420024333,39,35
104,1806871.065850046,1806871.128057179,62.207133,1,0,0,DISABLED,1.0538261997405964,0.010989010989007397,-0.0024420024420024333,39,35
105,1806871.075935627,1806871.128062390,52.126763,1,0,0,DISABLED,1.0538261997405964,-0.010989010989007397,-0.0024420024420024333,39,35
106,1806871.086030556,1806871.128066822,42.036266,1,0,0,DISABLED,1.053444724193179,-0.0329670329670364,-0.0024420024420024333,39,35
107,1806871.095936239,1806871.128070963,32.134724,1,0,0,DISABLED,1.053444724193179,-0.0549450549450512,-0.0024420024420024333,39,35
108,1806871.105958167,1806871.128075289,22.117122,1,0,0,DISABLED,1.0538261997405964,-0.010989010989007397,-0.0024420024420024333,39,35
109,1806871.115850697,1806871.128080589,12.229892,1,0,0,DISABLED,1.053444724193179,-0.0549450549450512,-0.0024420024420024333,39,35
110,1806871.125946648,1806871.128084884,2.138236,1,0,0,DISABLED,1.053444724193179,0.010989010989007397,-0.0024420024420024333,39,35
111,1806871.135757774,1806871.228273657,92.515883,1,0,0,DISABLED,1.0538261997405964,0.010989010989007397,-0.0024420024420024333,39,35
112,1806871.145935834,1806871.228294523,82.358689,1,0,0,DISABLED,1.0542076752880138,0.010989010989007397,-0.0024420024420024333,39,35
113,1806871.155768449,1806871.228300004,72.531555,1,0,0,DISABLED,1.0538261997405964,0.010989010989007397,-0.0024420024420024333,39,35
114,1806871.165861045,1806871.228304302,62.443257,1,0,0,DISABLED,1.053444724193179,-0.0329670329670364,-0.0024420024420024333,39,35
115,1806871.175901499,1806871.228308677,52.407178,1,0,0,DISABLED,1.0538261997405964,-0.010989010989007397,-0.0024420024420024333,39,35
116,1806871.185748230,1806871.228326385,42.578155,1,0,0,DISABLED,1.0538261997405964,-0.010989010989007397,-0.0024420024420024333,39,35
117,1806871.195899801,1806871.228332761,32.432960,1,0,0,DISABLED,1.0538261997405964,-0.0329670329670364,-0.0024420024420024333,39,35
118,1806871.205892298,1806871.228338254,22.445956,1,0,0,DISABLED,1.053444724193179,0.010989010989007397,-0.0024420024420024333,39,35
119,1806871.215938653,1806871.228344177,12.405524,1,0,0,DISABLED,1.053444724193179,0.010989010989007397,-0.0024420024420024333,39,35
120,1806871.225892494,1806871.228349182,2.456688,1,0,0,DISABLED,1.0542076752880138,-0.010989010989007397,-0.0024420024420024333,39,35
121,1806871.235856822,1806871.328543437,92.686615,1,0,0,DISABLED,1.0538261997405964,-0.0549450549450512,-0.0024420024420024333,39,35
122,1806871.245888619,1806871.328563095,82.674476,1,0,0,DISABLED,1.0538261997405964,-0.0329670329670364,-0.0024420024420024333,39,35
123,1806871.255886890,1806871.328568427,72.681537,1,0,0,DISABLED,1.0538261997405964,-0.010989010989007397,-0.0024420024420024333,39,35
124,1806871.265873724,1806871.328572801,62.699077,1,0,0,DISABLED,1.0538261997405964,0.010989010989007397,-0.0024420024420024333,39,35
125,1806871.275889410,1806871.328577261,52.687851,1,0,0,DISABLED,1.053444724193179,-0.0329670329670364,-0.0024420024420024333,39,35
126,1806871.285898517,1806871.328581552,42.683035,1,0,0,DISABLED,1.053444724193179,0.010989010989007397,-0.0024420024420024333,39,35
127,1806871.295890409,1806871.328586134,32.695725,1,0,0,DISABLED,1.0538261997405964,0.010989010989007397,-0.0024420024420024333,39,35
128,1806871.305856120,1806871.328590537,22.734417,1,0,0,DISABLED,1.0538261997405964,-0.010989010989007397,-0.0024420024420024333,39,35
129,1806871.315863452,1806871.328595430,12.731978,1,0,0,DISABLED,1.0542076752880138,0.010989010989007397,-0.0024420024420024333,39,35
130,1806871.325890356,1806871.328599576,2.709220,1,0,0,DISABLED,1.053444724193179,-0.010989010989007397,-0.0024420024420024333,39,35
131,1806871.335890465,1806871.428687691,92.797226,1,0,0,DISABLED,1.0538261997405964,-0.010989010989007397,-0.0024420024420024333,39,35
132,1806871.345889658,1806871.428709296,82.819638,1,0,0,DISABLED,1.053444724193179,-0.010989010989007397,-0.0024420024420024333,39,35
133,1806871.355887989,1806871.428714520,72.826531,1,0,0,DISABLED,1.0542076752880138,-0.0549450549450512,-0.0024420024420024333,39,35
134,1806871.365867344,1806871.428719003,62.851659,1,0,0,DISABLED,1.053444724193179,-0.010989010989007397,-0.0024420024420024333,39,35
135,1806871.375783556,1806871.428723294,52.939738,1,0,0,DISABLED,1.053444724193179,0.010989010989007397,-0.0024420024420024333,39,35
136,1806871.385817794,1806871.428727609,42.909815,1,0,0,DISABLED,1.0538261997405964,0.0329670329670364,-0.0024420024420024333,39,35
137,1806871.395884348,1806871.428731853,32.847505,1,0,0,DISABLED,1.0538261997405964,-0.0549450549450512,-0.0024420024420024333,39,35
138,1806871.405890828,1806871.428736830,22.846002,1,0,0,DISABLED,1.0538261997405964,-0.0329670329670364,-0.0024420024420024333,39,35
139,1806871.415910589,1806871.428741758,12.831169,1,0,0,DISABLED,1.0538261997405964,-0.0329670329670364,-0.0024420024420024333,39,35
140,1806871.425890938,1806871.428745873,2.854935,1,0,0,DISABLED,1.0538261997405964,0.010989010989007397,-0.0024420024420024333,39,35
141,1806871.435887338,1806871.528994990,93.107652,1,0,0,DISABLED,1.0538261997405964,-0.0549450549450512,-0.0024420024420024333,39,35
142,1806871.445874811,1806871.529021101,83.146290,1,0,0,DISABLED,1.053444724193179,0.010989010989007397,-0.0024420024420024333,39,35
143,1806871.455889813,1806871.529040921,73.151108,1,0,0,DISABLED,1.0542076752880138,0.010989010989007397,-0.0024420024420024333,39,35
144,1806871.465894461,1806871.529046194,63.151733,1,0,0,DISABLED,1.0542076752880138,-0.010989010989007397,-0.0024420024420024333,39,35
145,1806871.475873110,1806871.529051313,53.178203,1,0,0,DISABLED,1.053444724193179,0.010989010989007397,-0.0024420024420024333,39,35
146,1806871.485881927,1806871.529056439,43.174512,1,0,0,DISABLED,1.053444724193179,-0.010989010989007397,-0.0024420024420024333,39,35
147,1806871.495892767,1806871.529061275,33.168508,1,0,0,DISABLED,1.0538261997405964,-0.010989010989007397,-0.0024420024420024333,39,35
148,1806871.505891926,1806871.529066183,23.174257,1,0,0,DISABLED,1.053444724193179,-0.0549450549450512,-0.0024420024420024333,39,35
149,1806871.515867735,1806871.529071939,13.204204,1,0,0,DISABLED,1.0538261997405964,-0.0329670329670364,-0.0024420024420024333,39,35
150,1806871.525851143,1806871.529076979,3.225836,1,0,0,DISABLED,1.053444724193179,0.0329670329670364,-0.0024420024420024333,39,35
151,1806871.535894326,1806871.629266499,93.372173,1,0,0,DISABLED,1.053444724193179,-0.010989010989007397,-0.0024420024420024333,39,35
152,1806871.545888575,1806871.629290073,83.401498,1,0,0,DISABLED,1.0538261997405964,0.0329670329670364,-0.0024420024420024333,39,35
153,1806871.555881306,1806871.629295605,73.414299,1,0,0,DISABLED,1.0538261997405964,-0.0549450549450512,-0.0024420024420024333,39,35
154,1806871.565809110,1806871.629300150,63.491040,1,0,0,DISABLED,1.0538261997405964,-0.010989010989007397,-0.0024420024420024333,39,35
155,1806871.575887388,1806871.629304919,53.417531,1,0,0,DISABLED,1.0538261997405964,-0.0329670329670364,-0.0024420024420024333,39,35
156,1806871.585748958,1806871.629309711,43.560753,1,0,0,DISABLED,1.0538261997405964,-0.0329670329670364,-0.0024420024420024333,39,35
157,1806871.595902305,1806871.629314524,33.412219,1,0,0,DISABLED,1.0542076752880138,-0.0329670329670364,-0.0024420024420024333,39,35
158,1806871.605896100,1806871.629319576,23.423476,1,0,0,DISABLED,1.0538261997405964,-0.0329670329670364,-0.0024420024420024333,39,35
159,1806871.615890409,1806871.629325620,13.435211,1,0,0,DISABLED,1.0538261997405964,0.010989010989007397,-0.0024420024420024333,39,35
160,1806871.625843580,1806871.629330821,3.487241,1,0,0,DISABLED,1.0542076752880138,-0.010989010989007397,-0.0024420024420024333,39,35
161,1806871.635884783,1806871.729583666,93.698883,1,0,0,DISABLED,1.0538261997405964,0.010989010989007397,-0.0024420024420024333,39,35
162,1806871.645894531,1806871.729605015,83.710484,1,0,0,DISABLED,1.0538261997405964,0.0329670329670364,-0.0024420024420024333,39,35
163,1806871.655855141,1806871.729610374,73.755233,1,0,0,DISABLED,1.053444724193179,-0.010989010989007397,-0.0024420024420024333,39,35
164,1806871.665888577,1806871.729614908,63.726331,1,0,0,DISABLED,1.0538261997405964,-0.0329670329670364,-0.0024420024420024333,39,35
165,1806871.675848276,1806871.729619268,53.770992,1,0,0,DISABLED,1.053444724193179,-0.0329670329670364,-0.0024420024420024333,39,35
166,1806871.685792632,1806871.729623438,43.830806,1,0,0,DISABLED,1.053444724193179,0.010989010989007397,-0.0024420024420024333,39,35
167,1806871.695884451,1806871.729627954,33.743503,1,0,0,DISABLED,1.0538261997405964,0.0329670329670364,-0.0024420024420024333,39,35
168,1806871.705887789,1806871.729632224,23.744435,1,0,0,DISABLED,1.0538261997405964,0.010989010989007397,-0.0024420024420024333,39,35
169,1806871.715874326,1806871.729637219,13.762893,1,0,0,DISABLED,1.053444724193179,-0.0329670329670364,-0.0024420024420024333,39,35
170,1806871.725861357,1806871.729641449,3.780092,1,0,0,DISABLED,1.0542076752880138,-0.010989010989007397,-0.0024420024420024333,39,35
171,1806871.735754095,1806871.829900907,94.146812,1,0,0,DISABLED,1.0538261997405964,-0.010989010989007397,-0.0024420024420024333,39,35
172,1806871.745890112,1806871.829920055,84.029943,1,0,0,DISABLED,1.0542076752880138,-0.0329670329670364,-0.0024420024420024333,39,35
173,1806871.755866073,1806871.829926544,74.060471,1,0,0,DISABLED,1.053444724193179,-0.010989010989007397,-0.0024420024420024333,39,35
174,1806871.765900370,1806871.829932117,64.031747,1,0,0,DISABLED,1.0538261997405964,-0.0549450549450512,-0.0024420024420024333,39,35
175,1806871.775892727,1806871.829937738,54.045011,1,0,0,DISABLED,1.0542076752880138,0.010989010989007397,-0.0024420024420024333,39,35
176,1806871.785891716,1806871.829943080,44.051364,1,0,0,DISABLED,1.0538261997405964,-0.010989010989007397,-0.0024420024420024333,39,35
177,1806871.795887349,1806871.829948458,34.061109,1,0,0,DISABLED,1.0542076752880138,-0.010989010989007397,-0.0024420024420024333,39,35
178,1806871.805848209,1806871.829953558,24.105349,1,0,0,DISABLED,1.053444724193179,-0.010989010989007397,-0.0024420024420024333,39,35
179,1806871.815889167,1806871.829959276,14.070109,1,0,0,DISABLED,1.0538261997405964,-0.010989010989007397,-0.0024420024420024333,39,35
180,1806871.825858036,1806871.829963825,4.105789,1,0,0,DISABLED,1.053444724193179,-0.0329670329670364,-0.0024420024420024333,39,35
181,1806871.835846777,1806871.930246695,94.399918,1,0,0,DISABLED,1.053444724193179,-0.0329670329670364,-0.0024420024420024333,39,35
182,1806871.845886596,1806871.930269975,84.383379,1,0,0,DISABLED,1.053444724193179,0.0329670329670364,-0.0024420024420024333,39,35
183,1806871.855866022,1806871.930275890,74.409868,1,0,0,DISABLED,1.053444724193179,-0.010989010989007397,-0.0024420024420024333,39,35
184,1806871.865886981,1806871.930280513,64.393532,1,0,0,DISABLED,1.0538261997405964,0.010989010989007397,-0.0024420024420024333,39,35
185,1806871.875896604,1806871.930285001,54.388397,1,0,0,DISABLED,1.053444724193179,-0.0329670329670364,-0.0024420024420024333,39,35
186,1806871.885849052,1806871.930289222,44.440170,1,0,0,DISABLED,1.0538261997405964,-0.010989010989007397,-0.0024420024420024333,39,35
187,1806871.895859254,1806871.930293336,34.434082,1,0,0,DISABLED,1.0542076752880138,-0.010989010989007397,-0.0024420024420024333,39,35
188,1806871.905890159,1806871.930297785,24.407626,1,0,0,DISABLED,1.0542076752880138,-0.010989010989007397,-0.0024420024420024333,39,35
189,1806871.915860375,1806871.930302975,14.442600,1,0,0,DISABLED,1.053444724193179,-0.010989010989007397,-0.0024420024420024333,39,35
190,1806871.925890296,1806871.930307493,4.417197,1,0,0,DISABLED,1.0538261997405964,-0.010989010989007397,-0.0024420024420024333,39,35
191,1806871.935893883,1806872.030404515,94.510632,1,0,0,DISABLED,1.0538261997405964,0.0329670329670364,-0.0024420024420024333,39,35
192,1806871.945889103,1806872.030428262,84.539159,1,0,0,DISABLED,1.0542076752880138,-0.0329670329670364,-0.0024420024420024333,39,35
193,1806871.955887609,1806872.030433846,74.546237,1,0,0,DISABLED,1.0538261997405964,-0.010989010989007397,-0.0024420024420024333,39,35
194,1806871.965870171,1806872.030438291,64.568120,1,0,0,DISABLED,1.053444724193179,-0.0329670329670364,-0.0024420024420024333,39,35
195,1806871.975891440,1806872.030442765,54.551325,1,0,0,DISABLED,1.0542076752880138,-0.010989010989007397,-0.0024420024420024333,39,35
196,1806871.985894003,1806872.030447076,44.553073,1,0,0,DISABLED,1.0542076752880138,-0.010989010989007397,-0.0024420024420024333,39,35
197,1806871.995887044,1806872.030451317,34.564273,1,0,0,DISABLED,1.053444724193179,-0.0329670329670364,-0.0024420024420024333,39,35
198,1806872.005895625,1806872.030455401,24.559776,1,0,0,DISABLED,1.053444724193179,0.0329670329670364,-0.0024420024420024333,39,35
199,1806872.015903486,1806872.030460455,14.556969,1,0,0,DISABLED,1.0538261997405964,-0.0329670329670364,-0.0024420024420024333,39,35
200,1806872.025887059,1806872.030464675,4.577616,1,0,0,DISABLED,1.0538261997405964,0.010989010989007397,-0.0024420024420024333,39,35
201,1806872.035858841,1806872.130726207,94.867366,1,0,0,DISABLED,1.0538261997405964,-0.010989010989007397,-0.0024420024420024333,39,35
202,1806872.045891782,1806872.130750158,84.858376,1,0,0,DISABLED,1.0542076752880138,0.010989010989007397,-0.0024420024420024333,39,35
203,1806872.055892178,1806872.130755520,74.863342,1,0,0,DISABLED,1.053444724193179,-0.0329670329670364,-0.0024420024420024333,39,35
204,1806872.065846796,1806872.130759967,64.913171,1,0,0,DISABLED,1.0538261997405964,-0.0549450549450512,-0.0024420024420024333,39,35
205,1806872.075888772,1806872.130764389,54.875617,1,0,0,DISABLED,1.053444724193179,-0.010989010989007397,-0.0024420024420024333,39,35
206,1806872.086109971,1806872.130771799,44.661828,1,0,0,DISABLED,1.0538261997405964,-0.0329670329670364,-0.0024420024420024333,39,35
207,1806872.095892015,1806872.130776908,34.884893,1,0,0,DISABLED,1.0542076752880138,0.0329670329670364,-0.0024420024420024333,39,35
208,1806872.105859554,1806872.130781072,24.921518,1,0,0,DISABLED,1.0542076752880138,-0.0549450549450512,-0.0024420024420024333,39,35
209,1806872.115869507,1806872.130786368,14.916861,1,0,0,DISABLED,1.0542076752880138,0.010989010989007397,-0.0024420024420024333,39,35
210,1806872.125806468,1806872.130790517,4.984049,1,0,0,DISABLED,1.0538261997405964,-0.0329670329670364,-0.0024420024420024333,39,35
211,1806872.135785661,1806872.231056112,95.270451,1,0,0,DISABLED,1.0538261997405964,0.010989010989007397,-0.0024420024420024333,39,35
212,1806872.145781547,1806872.231079347,85.297800,1,0,0,DISABLED,1.053444724193179,-0.0549450549450512,-0.0024420024420024333,39,35
213,1806872.155794075,1806872.231084952,75.290877,1,0,0,DISABLED,1.0538261997405964,-0.0329670329670364,-0.0024420024420024333,39,35
214,1806872.165886749,1806872.231089449,65.202700,1,0,0,DISABLED,1.0538261997405964,0.010989010989007397,-0.0024420024420024333,39,35
215,1806872.175754046,1806872.231093731,55.339685,1,0,0,DISABLED,1.0538261997405964,-0.010989010989007397,-0.0024420024420024333,39,35
216,1806872.185895407,1806872.231098155,45.202748,1,0,0,DISABLED,1.0538261997405964,-0.010989010989007397,-0.0024420024420024333,39,35
217,1806872.195866692,1806872.231102363,35.235671,1,0,0,DISABLED,1.0538261997405964,-0.0329670329670364,-0.0024420024420024333,39,35
218,1806872.205885684,1806872.231106534,25.220850,1,0,0,DISABLED,1.0538261997405964,0.010989010989007397,-0.0024420024420024333,39,35
219,1806872.215893386,1806872.231111417,15.218031,1,0,0,DISABLED,1.0538261997405964,-0.010989010989007397,-0.0024420024420024333,39,35
220,1806872.225904251,1806872.231115662,5.211411,1,0,0,DISABLED,1.0538261997405964,-0.0329670329670364,-0.0024420024420024333,39,35
221,1806872.235885572,1806872.331202640,95.317068,1,0,0,DISABLED,1.0538261997405964,-0.010989010989007397,-0.0024420024420024333,39,35
222,1806872.245938812,1806872.331220934,85.282122,1,0,0,DISABLED,1.0538261997405964,-0.0329670329670364,-0.0024420024420024333,39,35
223,1806872.255896531,1806872.331226643,75.330112,1,0,0,DISABLED,1.0542076752880138,0.010989010989007397,-0.0024420024420024333,39,35
224,1806872.265891540,1806872.331230964,65.339424,1,0,0,DISABLED,1.0538261997405964,-0.0329670329670364,-0.0024420024420024333,39,35
225,1806872.275848470,1806872.331235359,55.386889,1,0,0,DISABLED,1.053444724193179,-0.010989010989007397,-0.0024420024420024333,39,35
226,1806872.285890143,1806872.331239617,45.349474,1,0,0,DISABLED,1.0538261997405964,-0.010989010989007397,-0.0024420024420024333,39,35
227,1806872.295890222,1806872.331244026,35.353804,1,0,0,DISABLED,1.053444724193179,0.010989010989007397,-0.0024420024420024333,39,35
228,1806872.305891830,1806872.331248349,25.356519,1,0,0,DISABLED,1.053444724193179,-0.0549450549450512,-0.0024420024420024333,39,35
229,1806872.315858136,1806872.331253302,15.395166,1,0,0,DISABLED,1.053444724193179,0.010989010989007397,-0.0024420024420024333,39,35
230,1806872.325852666,1806872.331257427,5.404761,1,0,0,DISABLED,1.0538261997405964,0.010989010989007397,-0.0024420024420024333,39,35
231,1806872.335887321,1806872.431447508,95.560187,1,0,0,DISABLED,1.0538261997405964,-0.0329670329670364,-0.0024420024420024333,39,35
232,1806872.345884337,1806872.431469137,85.584800,1,0,0,DISABLED,1.0538261997405964,-0.010989010989007397,-0.0024420024420024333,39,35
233,1806872.355871839,1806872.431475874,75.604035,1,0,0,DISABLED,1.053444724193179,-0.010989010989007397,-0.0024420024420024333,39,35
234,1806872.365883541,1806872.431481276,65.597735,1,0,0,DISABLED,1.0538261997405964,0.010989010989007397,-0.0024420024420024333,39,35
235,1806872.375879967,1806872.431486748,55.606781,1,0,0,DISABLED,1.053444724193179,-0.010989010989007397,-0.0024420024420024333,39,35
236,1806872.385849402,1806872.431492068,45.642666,1,0,0,DISABLED,1.0545891508354313,-0.0329670329670364,-0.0024420024420024333,39,35
237,1806872.395891495,1806872.431497325,35.605830,1,0,0,DISABLED,1.053444724193179,-0.010989010989007397,-0.0024420024420024333,39,35
238,1806872.405847491,1806872.431502474,25.654983,1,0,0,DISABLED,1.053444724193179,-0.010989010989007397,-0.0024420024420024333,39,35
239,1806872.415889756,1806872.431508562,15.618806,1,0,0,DISABLED,1.0538261997405964,0.0329670329670364,-0.0024420024420024333,39,35
240,1806872.425890936,1806872.431513578,5.622642,1,0,0,DISABLED,1.0538261997405964,-0.0549450549450512,-0.0024420024420024333,39,35
241,1806872.435891294,1806872.531723313,95.832019,1,0,0,DISABLED,1.0538261997405964,-0.010989010989007397,-0.0024420024420024333,39,35
242,1806872.445888033,1806872.531745636,85.857603,1,0,0,DISABLED,1.053444724193179,-0.010989010989007397,-0.0024420024420024333,39,35
243,1806872.455849748,1806872.531752714,75.902966,1,0,0,DISABLED,1.053444724193179,-0.010989010989007397,-0.0024420024420024333,39,35
244,1806872.465889213,1806872.531759815,65.870602,1,0,0,DISABLED,1.053444724193179,-0.0329670329670364,-0.0024420024420024333,39,35
245,1806872.475816757,1806872.531766100,55.949343,1,0,0,DISABLED,1.0538261997405964,0.010989010989007397,-0.0024420024420024333,39,35
246,1806872.485751651,1806872.531772276,46.020625,1,0,0,DISABLED,1.0538261997405964,-0.010989010989007397,-0.0024420024420024333,39,35
247,1806872.495886149,1806872.531778028,35.891879,1,0,0,DISABLED,1.053444724193179,0.010989010989007397,-0.0024420024420024333,39,35
248,1806872.505927971,1806872.531783907,25.855936,1,0,0,DISABLED,1.0538261997405964,0.010989010989007397,-0.0024420024420024333,39,35
249,1806872.515861102,1806872.531789328,15.928226,1,0,0,DISABLED,1.053444724193179,-0.010989010989007397,-0.0024420024420024333,39,35
250,1806872.525902822,1806872.531794360,5.891538,1,0,0,DISABLED,1.0538261997405964,-0.010989010989007397,-0.0024420024420024333,39,35
251,1806872.535747902,1806872.631974371,96.226469,1,0,0,DISABLED,1.0538261997405964,-0.0329670329670364,-0.0024420024420024333,39,35
252,1806872.545887103,1806872.631993335,86.106232,1,0,0,DISABLED,1.0538261997405964,-0.0329670329670364,-0.0024420024420024333,39,35
253,1806872.555858643,1806872.631998823,76.140180,1,0,0,DISABLED,1.053444724193179,0.0329670329670364,-0.0024420024420024333,39,35
254,1806872.565903649,1806872.632006429,66.102780,1,0,0,DISABLED,1.0538261997405964,0.010989010989007397,-0.0024420024420024333,39,35
255,1806872.575871802,1806872.632011929,56.140127,1,0,0,DISABLED,1.0538261997405964,0.010989010989007397,-0.0024420024420024333,39,35
256,1806872.585889827,1806872.632016334,46.126507,1,0,0,DISABLED,1.053444724193179,-0.0329670329670364,-0.0024420024420024333,39,35
257,1806872.595888389,1806872.632020508,36.132119,1,0,0,DISABLED,1.0542076752880138,0.010989010989007397,-0.0024420024420024333,39,35
258,1806872.605890987,1806872.632024756,26.133769,1,0,0,DISABLED,1.0538261997405964,-0.010989010989007397,-0.0024420024420024333,39,35
259,1806872.615860617,1806872.632056582,16.195965,1,0,0,DISABLED,1.0538261997405964,-0.010989010989007397,-0.0024420024420024333,39,35
260,1806872.625863745,1806872.632062628,6.198883,1,0,0,DISABLED,1.0538261997405964,-0.0769230769230802,-0.0024420024420024333,39,35
261,1806872.635901613,1806872.732272990,96.371377,1,0,0,DISABLED,1.053444724193179,0.010989010989007397,-0.0024420024420024333,39,35
262,1806872.645754678,1806872.732295594,86.540916,1,0,0,DISABLED,1.0542076752880138,0.0329670329670364,-0.0024420024420024333,39,35
263,1806872.655794110,1806872.732301944,76.507834,1,0,0,DISABLED,1.0542076752880138,-0.0329670329670364,-0.0024420024420024333,39,35
264,1806872.665867647,1806872.732307697,66.440050,1,0,0,DISABLED,1.0542076752880138,-0.010989010989007397,-0.0024420024420024333,39,35
265,1806872.675772533,1806872.732312812,56.540279,1,0,0,DISABLED,1.053444724193179,0.010989010989007397,-0.0024420024420024333,39,35
266,1806872.685767833,1806872.732318206,46.550373,1,0,0,DISABLED,1.0538261997405964,0.010989010989007397,-0.0024420024420024333,39,35
267,1806872.695784703,1806872.732323176,36.538473,1,0,0,DISABLED,1.0538261997405964,-0.0329670329670364,-0.0024420024420024333,39,35
268,1806872.705782642,1806872.732328247,26.545605,1,0,0,DISABLED,1.0538261997405964,-0.010989010989007397,-0.0024420024420024333,39,35
269,1806872.715751718,1806872.732333290,16.581572,1,0,0,DISABLED,1.053444724193179,0.010989010989007397,-0.0024420024420024333,39,35
270,1806872.725814783,1806872.732338343,6.523560,1,0,0,DISABLED,1.053444724193179,-0.010989010989007397,-0.0024420024420024333,39,35
271,1806872.735749821,1806872.832451884,96.702063,1,0,0,DISABLED,1.0538261997405964,0.010989010989007397,-0.0024420024420024333,39,35
272,1806872.745889526,1806872.832467925,86.578399,1,0,0,DISABLED,1.0538261997405964,-0.0329670329670364,-0.0024420024420024333,39,35
273,1806872.755891792,1806872.832473256,76.581464,1,0,0,DISABLED,1.0538261997405964,0.010989010989007397,-0.0024420024420024333,39,35
274,1806872.765869211,1806872.832477662,66.608451,1,0,0,DISABLED,1.0538261997405964,-0.0329670329670364,-0.0024420024420024333,39,35
275,1806872.775866686,1806872.832482303,56.615617,1,0,0,DISABLED,1.0542076752880138,-0.010989010989007397,-0.0024420024420024333,39,35
276,1806872.785872648,1806872.832486643,46.613995,1,0,0,DISABLED,1.0538261997405964,-0.010989010989007397,-0.0024420024420024333,39,35
277,1806872.795863543,1806872.832491555,36.628012,1,0,0,DISABLED,1.053444724193179,-0.0329670329670364,-0.0024420024420024333,39,35
278,1806872.805862477,1806872.832496268,26.633791,1,0,0,DISABLED,1.0538261997405964,0.010989010989007397,-0.0024420024420024333,39,35
279,1806872.815749188,1806872.832500690,16.751502,1,0,0,DISABLED,1.0538261997405964,-0.0329670329670364,-0.0024420024420024333,39,35
280,1806872.825786937,1806872.832504892,6.717955,1,0,0,DISABLED,1.053444724193179,0.010989010989007397,-0.0024420024420024333,39,35
281,1806872.835767484,1806872.932685536,96.918052,1,0,0,DISABLED,1.053444724193179,-0.010989010989007397,-0.0024420024420024333,39,35
282,1806872.845742937,1806872.932704551,86.961614,1,0,0,DISABLED,1.0538261997405964,0.010989010989007397,-0.0024420024420024333,39,35
283,1806872.855759942,1806872.932710119,76.950177,1,0,0,DISABLED,1.0538261997405964,-0.0329670329670364,-0.0024420024420024333,39,35
284,1806872.865753527,1806872.932714611,66.961084,1,0,0,DISABLED,1.053444724193179,-0.0329670329670364,-0.0024420024420024333,39,35
285,1806872.875755349,1806872.932719116,56.963767,1,0,0,DISABLED,1.0538261997405964,0.010989010989007397,-0.0024420024420024333,39,35
286,1806872.885858481,1806872.932723339,46.864858,1,0,0,DISABLED,1.053444724193179,-0.010989010989007397,-0.0024420024420024333,39,35
287,1806872.895859461,1806872.932728370,36.868909,1,0,0,DISABLED,1.0542076752880138,0.010989010989007397,-0.0024420024420024333,39,35
288,1806872.905867433,1806872.932732865,26.865432,1,0,0,DISABLED,1.0538261997405964,-0.0549450549450512,-0.0024420024420024333,39,35
289,1806872.915864984,1806872.932737876,16.872892,1,0,0,DISABLED,1.0542076752880138,0.0329670329670364,-0.0024420024420024333,39,35
290,1806872.925844600,1806872.932742448,6.897848,1,0,0,DISABLED,1.0538261997405964,-0.010989010989007397,-0.0024420024420024333,39,35
291,1806872.935851691,1806873.032929251,97.077560,1,0,0,DISABLED,1.0542076752880138,-0.0329670329670364,-0.0024420024420024333,39,35
292,1806872.945841759,1806873.032949127,87.107368,1,0,0,DISABLED,1.053444724193179,-0.0329670329670364,-0.0024420024420024333,39,35
293,1806872.955856628,1806873.032955451,77.098823,1,0,0,DISABLED,1.053444724193179,0.010989010989007397,-0.0024420024420024333,39,35
294,1806872.965847217,1806873.032960316,67.113099,1,0,0,DISABLED,1.0538261997405964,-0.010989010989007397,-0.0024420024420024333,39,35
295,1806872.975756245,1806873.032964959,57.208714,1,0,0,DISABLED,1.0538261997405964,-0.0329670329670364,-0.0024420024420024333,39,35
296,1806872.985782019,1806873.032969474,47.187455,1,0,0,DISABLED,1.0538261997405964,-0.0549450549450512,-0.0024420024420024333,39,35
297,1806872.995859041,1806873.032974363,37.115322,1,0,0,DISABLED,1.053444724193179,-0.010989010989007397,-0.0024420024420024333,39,35
298,1806873.005851696,1806873.032978719,27.127023,1,0,0,DISABLED,1.0538261997405964,0.010989010989007397,-0.0024420024420024333,39,35
299,1806873.015863647,1806873.032983472,17.119825,1,0,0,DISABLED,1.0542076752880138,0.010989010989007397,-0.0024420024420024333,39,35
300,1806873.025862898,1806873.032987697,7.124799,1,0,0,DISABLED,1.053444724193179,-0.010989010989007397,-0.0024420024420024333,39,35
301,1806873.035857781,1806873.133178616,97.320835,1,0,0,DISABLED,1.0542076752880138,0.010989010989007397,-0.0024420024420024333,39,35
302,1806873.045864799,1806873.133198253,87.333454,1,0,0,DISABLED,1.0538261997405964,-0.010989010989007397,-0.0024420024420024333,39,35
303,1806873.055870326,1806873.133204145,77.333819,1,0,0,DISABLED,1.053444724193179,-0.0549450549450512,-0.0024420024420024333,39,35
304,1806873.065854394,1806873.133208602,67.354208,1,0,0,DISABLED,1.0538261997405964,-0.010989010989007397,-0.0024420024420024333,39,35
305,1806873.075857390,1806873.133212912,57.355522,1,0,0,DISABLED,1.053444724193179,0.010989010989007397,-0.0024420024420024333,39,35
306,1806873.085853760,1806873.133217142,47.363382,1,0,0,DISABLED,1.0542076752880138,-0.010989010989007397,-0.0024420024420024333,39,35
307,1806873.095861119,1806873.133221395,37.360276,1,0,0,DISABLED,1.0538261997405964,-0.0329670329670364,-0.0024420024420024333,39,35
308,1806873.105854430,1806873.133225601,27.371171,1,0,0,DISABLED,1.053444724193179,-0.010989010989007397,-0.0024420024420024333,39,35
309,1806873.115872161,1806873.133230402,17.358241,1,0,0,DISABLED,1.0538261997405964,-0.010989010989007397,-0.0024420024420024333,39,35
310,1806873.125868730,1806873.133235021,7.366291,1,0,0,DISABLED,1.0542076752880138,-0.010989010989007397,-0.0024420024420024333,39,35
311,1806873.135856765,1806873.233439828,97.583063,1,0,0,DISABLED,1.0538261997405964,0.010989010989007397,-0.0024420024420024333,39,35
312,1806873.145869995,1806873.233459833,87.589838,1,0,0,DISABLED,1.0538261997405964,-0.0329670329670364,-0.0024420024420024333,39,35
313,1806873.155855969,1806873.233465244,77.609275,1,0,0,DISABLED,1.0538261997405964,0.010989010989007397,-0.0024420024420024333,39,35
314,1806873.165865884,1806873.233469654,67.603770,1,0,0,DISABLED,1.0538261997405964,0.010989010989007397,-0.0024420024420024333,39,35
315,1806873.175858340,1806873.233474052,57.615712,1,0,0,DISABLED,1.0538261997405964,-0.010989010989007397,-0.0024420024420024333,39,35
316,1806873.185857374,1806873.233478413,47.621039,1,0,0,DISABLED,1.053444724193179,-0.0329670329670364,-0.0024420024420024333,39,35
317,1806873.195852614,1806873.233483837,37.631223,1,0,0,DISABLED,1.0538261997405964,-0.010989010989007397,-0.0024420024420024333,39,35
318,1806873.205843301,1806873.233488622,27.645321,1,0,0,DISABLED,1.0538261997405964,-0.0549450549450512,-0.0024420024420024333,39,35
319,1806873.215885095,1806873.233493839,17.608744,1,0,0,DISABLED,1.0538261997405964,-0.010989010989007397,-0.0024420024420024333,39,35
320,1806873.225861305,1806873.233498079,7.636774,1,0,0,DISABLED,1.0538261997405964,0.010989010989007397,-0.0024420024420024333,39,35
321,1806873.235858677,1806873.333680305,97.821628,1,0,0,DISABLED,1.0542076752880138,-0.010989010989007397,-0.0024420024420024333,39,35
322,1806873.245872150,1806873.333699755,87.827605,1,0,0,DISABLED,1.0542076752880138,-0.010989010989007397,-0.0024420024420024333,39,35
323,1806873.255858707,1806873.333705808,77.847101,1,0,0,DISABLED,1.0538261997405964,0.0329670329670364,-0.0024420024420024333,39,35
324,1806873.265862043,1806873.333711190,67.849147,1,0,0,DISABLED,1.0538261997405964,-0.010989010989007397,-0.0024420024420024333,39,35
325,1806873.275882284,1806873.333715764,57.833480,1,0,0,DISABLED,1.0538261997405964,0.010989010989007397,-0.0024420024420024333,39,35
326,1806873.285873396,1806873.333720343,47.846947,1,0,0,DISABLED,1.0538261997405964,0.010989010989007397,-0.0024420024420024333,39,35
327,1806873.295851841,1806873.333724716,37.872875,1,0,0,DISABLED,1.0538261997405964,-0.010989010989007397,-0.0024420024420024333,39,35
328,1806873.305792739,1806873.333729161,27.936422,1,0,0,DISABLED,1.0538261997405964,-0.0329670329670364,-0.0024420024420024333,39,35
329,1806873.315843019,1806873.333733593,17.890574,1,0,0,DISABLED,1.0538261997405964,-0.0329670329670364,-0.0024420024420024333,39,35
330,1806873.325755639,1806873.333737931,7.982292,1,0,0,DISABLED,1.0538261997405964,-0.0329670329670364,-0.0024420024420024333,39,35
331,1806873.335752941,1806873.433941830,98.188889,1,0,0,DISABLED,1.0542076752880138,0.010989010989007397,-0.0024420024420024333,39,35
332,1806873.345753094,1806873.433962485,88.209391,1,0,0,DISABLED,1.0538261997405964,0.010989010989007397,-0.0024420024420024333,39,35
333,1806873.355746794,1806873.433968201,78.221407,1,0,0,DISABLED,1.053444724193179,0.010989010989007397,-0.0024420024420024333,39,35
334,1806873.365749647,1806873.433973175,68.223528,1,0,0,DISABLED,1.053444724193179,-0.010989010989007397,-0.0024420024420024333,39,35
335,1806873.375747331,1806873.433978759,58.231428,1,0,0,DISABLED,1.053444724193179,-0.010989010989007397,-0.0024420024420024333,39,35
336,1806873.385750791,1806873.433983865,48.233074,1,0,0,DISABLED,1.053444724193179,-0.010989010989007397,-0.0024420024420024333,39,35
337,1806873.395853101,1806873.433988693,38.135592,1,0,0,DISABLED,1.053444724193179,-0.0329670329670364,-0.0024420024420024333,39,35
338,1806873.405797781,1806873.433993946,28.196165,1,0,0,DISABLED,1.053444724193179,0.010989010989007397,-0.0024420024420024333,39,35
339,1806873.415864976,1806873.433999261,18.134285,1,0,0,DISABLED,1.0538261997405964,-0.010989010989007397,-0.0024420024420024333,39,35
340,1806873.425751957,1806873.434008567,8.256610,1,0,0,DISABLED,1.0538261997405964,-0.010989010989007397,-0.0024420024420024333,39,35
341,1806873.435753893,1806873.534211243,98.457350,1,0,0,DISABLED,1.0538261997405964,0.010989010989007397,-0.0024420024420024333,39,35
342,1806873.445854466,1806873.534230441,88.375975,1,0,0,DISABLED,1.0538261997405964,-0.010989010989007397,-0.0024420024420024333,39,35
343,1806873.455851500,1806873.534236286,78.384786,1,0,0,DISABLED,1.0538261997405964,-0.010989010989007397,-0.0024420024420024333,39,35
344,1806873.465844795,1806873.534240998,68.396203,1,0,0,DISABLED,1.0538261997405964,-0.0329670329670364,-0.0024420024420024333,39,35
345,1806873.475856260,1806873.534245779,58.389519,1,0,0,DISABLED,1.0538261997405964,-0.010989010989007397,-0.0024420024420024333,39,35
346,1806873.485853555,1806873.534250510,48.396955,1,0,0,DISABLED,1.0538261997405964,-0.0329670329670364,-0.0024420024420024333,39,35
347,1806873.495749759,1806873.534256148,38.506389,1,0,0,DISABLED,1.053444724193179,-0.0329670329670364,-0.0024420024420024333,39,35
348,1806873.505749442,1806873.534260870,28.511428,1,0,0,DISABLED,1.0542076752880138,-0.010989010989007397,-0.0024420024420024333,39,35
349,1806873.515863689,1806873.534265168,18.401479,1,0,0,DISABLED,1.0538261997405964,-0.010989010989007397,-0.0024420024420024333,39,35
350,1806873.525846391,1806873.534269640,8.423249,1,0,0,DISABLED,1.0538261997405964,-0.010989010989007397,-0.0024420024420024333,39,35
351,1806873.535871516,1806873.634355430,98.483914,1,0,0,DISABLED,1.053444724193179,-0.010989010989007397,-0.0024420024420024333,39,35
352,1806873.545848993,1806873.634376535,88.527542,1,0,0,DISABLED,1.0538261997405964,-0.010989010989007397,-0.0024420024420024333,39,35
353,1806873.555794336,1806873.634383116,78.588780,1,0,0,DISABLED,1.0538261997405964,-0.010989010989007397,-0.0024420024420024333,39,35
354,1806873.565780442,1806873.634388430,68.607988,1,0,0,DISABLED,1.053444724193179,-0.010989010989007397,-0.0024420024420024333,39,35
355,1806873.575753906,1806873.634393915,58.640009,1,0,0,DISABLED,1.0538261997405964,-0.010989010989007397,-0.0024420024420024333,39,35
356,1806873.585756952,1806873.634399346,48.642394,1,0,0,DISABLED,1.0542076752880138,-0.010989010989007397,-0.0024420024420024333,39,35
357,1806873.595868901,1806873.634405267,38.536366,1,0,0,DISABLED,1.0542076752880138,-0.0329670329670364,-0.0024420024420024333,39,35
358,1806873.605756506,1806873.634410439,28.653933,1,0,0,DISABLED,1.0538261997405964,-0.010989010989007397,-0.0024420024420024333,39,35
359,1806873.615754596,1806873.634416348,18.661752,1,0,0,DISABLED,1.0538261997405964,-0.010989010989007397,-0.0024420024420024333,39,35
360,1806873.625749850,1806873.634421417,8.671567,1,0,0,DISABLED,1.0538261997405964,-0.010989010989007397,-0.0024420024420024333,39,35
361,1806873.635746791,1806873.734535566,98.788775,1,0,0,DISABLED,1.0538261997405964,0.010989010989007397,-0.0024420024420024333,39,35
362,1806873.645761383,1806873.734555664,88.794281,1,0,0,DISABLED,1.0538261997405964,-0.010989010989007397,-0.0024420024420024333,39,35
363,1806873.655746768,1806873.734562056,78.815288,1,0,0,DISABLED,1.0538261997405964,0.010989010989007397,-0.0024420024420024333,39,35
364,1806873.665776170,1806873.734567293,68.791123,1,0,0,DISABLED,1.0538261997405964,-0.010989010989007397,-0.0024420024420024333,39,35
365,1806873.675859548,1806873.734572504,58.712956,1,0,0,DISABLED,1.0542076752880138,-0.010989010989007397,-0.0024420024420024333,39,35
366,1806873.685780072,1806873.734577698,48.797626,1,0,0,DISABLED,1.0538261997405964,-0.010989010989007397,-0.0024420024420024333,39,35
367,1806873.695854659,1806873.734584001,38.729342,1,0,0,DISABLED,1.053444724193179,-0.010989010989007397,-0.0024420024420024333,39,35
368,1806873.705752834,1806873.734588968,28.836134,1,0,0,DISABLED,1.0538261997405964,-0.010989010989007397,-0.0024420024420024333,39,35
369,1806873.715862005,1806873.734594747,18.732742,1,0,0,DISABLED,1.053444724193179,-0.010989010989007397,-0.0024420024420024333,39,35
370,1806873.725873378,1806873.734600134,8.726756,1,0,0,DISABLED,1.0542076752880138,-0.010989010989007397,-0.0024420024420024333,39,35
371,1806873.735874091,1806873.834798226,98.924135,1,0,0,DISABLED,1.0538261997405964,-0.010989010989007397,-0.0024420024420024333,39,35
372,1806873.745873537,1806873.834832910,88.959373,1,0,0,DISABLED,1.0538261997405964,-0.0329670329670364,-0.0024420024420024333,39,35
373,1806873.755910626,1806873.834839942,78.929316,1,0,0,DISABLED,1.0538261997405964,-0.010989010989007397,-0.0024420024420024333,39,35
374,1806873.765782350,1806873.834845516,69.063166,1,0,0,DISABLED,1.053444724193179,-0.010989010989007397,-0.0024420024420024333,39,35
375,1806873.775782754,1806873.834851236,59.068482,1,0,0,DISABLED,1.0538261997405964,-0.010989010989007397,-0.0024420024420024333,39,35
376,1806873.785774779,1806873.834856801,49.082022,1,0,0,DISABLED,1.0538261997405964,-0.0329670329670364,-0.0024420024420024333,39,35
377,1806873.795779750,1806873.834862213,39.082463,1,0,0,DISABLED,1.053444724193179,0.010989010989007397,-0.0024420024420024333,39,35
378,1806873.805745333,1806873.834868645,29.123312,1,0,0,DISABLED,1.0542076752880138,-0.010989010989007397,-0.0024420024420024333,39,35
379,1806873.815747326,1806873.834874739,19.127413,1,0,0,DISABLED,1.053444724193179,-0.010989010989007397,-0.0024420024420024333,39,35
380,1806873.825744773,1806873.834880155,9.135382,1,0,0,DISABLED,1.0538261997405964,0.010989010989007397,-0.0024420024420024333,39,35
381,1806873.835783466,1806873.935229568,99.446102,1,0,0,DISABLED,1.0538261997405964,-0.010989010989007397,-0.0024420024420024333,39,35
382,1806873.845763237,1806873.935258293,89.495056,1,0,0,DISABLED,1.0542076752880138,-0.010989010989007397,-0.0024420024420024333,39,35
383,1806873.855762502,1806873.935265106,79.502604,1,0,0,DISABLED,1.0538261997405964,-0.0329670329670364,-0.0024420024420024333,39,35
384,1806873.865762179,1806873.935269904,69.507725,1,0,0,DISABLED,1.053444724193179,-0.0329670329670364,-0.0024420024420024333,39,35
385,1806873.875743389,1806873.935274900,59.531511,1,0,0,DISABLED,1.0538261997405964,-0.010989010989007397,-0.0024420024420024333,39,35
386,1806873.885761148,1806873.935279592,49.518444,1,0,0,DISABLED,1.0538261997405964,-0.010989010989007397,-0.0024420024420024333,39,35
387,1806873.895743432,1806873.935284555,39.541123,1,0,0,DISABLED,1.0538261997405964,-0.010989010989007397,-0.0024420024420024333,39,35
388,1806873.905900768,1806873.935289269,29.388501,1,0,0,DISABLED,1.0538261997405964,-0.010989010989007397,-0.0024420024420024333,39,35
389,1806873.915860442,1806873.935294841,19.434399,1,0,0,DISABLED,1.0538261997405964,-0.010989010989007397,-0.0024420024420024333,39,35
390,1806873.925940154,1806873.935299725,9.359571,1,0,0,DISABLED,1.0538261997405964,0.010989010989007397,-0.0024420024420024333,39,35
391,1806873.935929821,1806874.035482055,99.552234,1,0,0,DISABLED,1.053444724193179,-0.010989010989007397,-0.0024420024420024333,39,35
392,1806873.945874695,1806874.035508188,89.633493,1,0,0,DISABLED,1.0538261997405964,-0.0329670329670364,-0.0024420024420024333,39,35
393,1806873.955941107,1806874.035513575,79.572468,1,0,0,DISABLED,1.0538261997405964,-0.010989010989007397,-0.0024420024420024333,39,35
394,1806873.965858282,1806874.035517949,69.659667,1,0,0,DISABLED,1.0538261997405964,-0.0329670329670364,-0.0024420024420024333,39,35
395,1806873.975918555,1806874.035522391,59.603836,1,0,0,DISABLED,1.053444724193179,0.010989010989007397,-0.0024420024420024333,39,35
396,1806873.985943713,1806874.035526609,49.582896,1,0,0,DISABLED,1.0538261997405964,-0.0329670329670364,-0.0024420024420024333,39,35
397,1806873.996030776,1806874.035530934,39.500158,1,0,0,DISABLED,1.0538261997405964,0.010989010989007397,-0.0024420024420024333,39,35
398,1806874.005941160,1806874.035535167,29.594007,1,0,0,DISABLED,1.0538261997405964,0.010989010989007397,-0.0024420024420024333,39,35
399,1806874.015935604,1806874.035541170,19.605566,1,0,0,DISABLED,1.0542076752880138,-0.0329670329670364,-0.0024420024420024333,39,35
400,1806874.025935025,1806874.035545723,9.610698,1,0,0,DISABLED,1.0538261997405964,-0.010989010989007397,-0.0024420024420024333,39,35
401,1806874.035749994,1806874.135673091,99.923097,1,0,0,DISABLED,1.053444724193179,-0.010989010989007397,-0.0024420024420024333,39,35
402,1806874.045938823,1806874.135697888,89.759065,1,0,0,DISABLED,1.053444724193179,-0.010989010989007397,-0.0024420024420024333,39,35
403,1806874.055930383,1806874.135703581,79.773198,1,0,0,DISABLED,1.0538261997405964,-0.0329670329670364,-0.0024420024420024333,39,35
404,1806874.065946335,1806874.135708441,69.762106,1,0,0,DISABLED,1.053444724193179,0.010989010989007397,-0.0024420024420024333,39,35
405,1806874.075938098,1806874.135713305,59.775207,1,0,0,DISABLED,1.053444724193179,-0.010989010989007397,-0.0024420024420024333,39,35
406,1806874.085940525,1806874.135718093,49.777568,1,0,0,DISABLED,1.0538261997405964,-0.0329670329670364,-0.0024420024420024333,39,35
407,1806874.095914407,1806874.135722766,39.808359,1,0,0,DISABLED,1.053444724193179,0.010989010989007397,-0.0024420024420024333,39,35
408,1806874.105992497,1806874.135727586,29.735089,1,0,0,DISABLED,1.0538261997405964,-0.0329670329670364,-0.0024420024420024333,39,35
409,1806874.115747179,1806874.135733297,19.986118,1,0,0,DISABLED,1.053444724193179,-0.010989010989007397,-0.0024420024420024333,39,35
410,1806874.125813292,1806874.135738100,9.924808,1,0,0,DISABLED,1.0538261997405964,-0.010989010989007397,-0.0024420024420024333,39,35
411,1806874.135744560,1806874.236007595,100.263035,1,0,0,DISABLED,1.0538261997405964,0.010989010989007397,-0.0024420024420024333,39,35
412,1806874.145767875,1806874.236044857,90.276982,1,0,0,DISABLED,1.0538261997405964,-0.010989010989007397,-0.0024420024420024333,39,35
413,1806874.155930049,1806874.236075167,80.145118,1,0,0,DISABLED,1.0538261997405964,0.010989010989007397,-0.0024420024420024333,39,35
414,1806874.165948053,1806874.236080892,70.132839,1,0,0,DISABLED,1.053444724193179,-0.0329670329670364,-0.0024420024420024333,39,35
415,1806874.175930938,1806874.236087005,60.156067,1,0,0,DISABLED,1.0538261997405964,-0.010989010989007397,-0.0024420024420024333,39,35
416,1806874.185922833,1806874.236092418,50.169585,1,0,0,DISABLED,1.053444724193179,-0.0549450549450512,-0.0024420024420024333,39,35
417,1806874.195763312,1806874.236097551,40.334239,1,0,0,DISABLED,1.053444724193179,-0.010989010989007397,-0.0024420024420024333,39,35
418,1806874.205968751,1806874.236102823,30.134072,1,0,0,DISABLED,1.0538261997405964,0.010989010989007397,-0.0024420024420024333,39,35
419,1806874.215951948,1806874.236109193,20.157245,1,0,0,DISABLED,1.0538261997405964,-0.010989010989007397,-0.0024420024420024333,39,35
420,1806874.225933724,1806874.236117900,10.184176,1,0,0,DISABLED,1.0538261997405964,0.010989010989007397,-0.0024420024420024333,39,35
421,1806874.235917502,1806874.336376721,100.459219,1,0,0,DISABLED,1.053444724193179,-0.0329670329670364,-0.0024420024420024333,39,35
422,1806874.245931849,1806874.336405366,90.473517,1,0,0,DISABLED,1.053444724193179,-0.010989010989007397,-0.0024420024420024333,39,35
423,1806874.255758481,1806874.336416845,80.658364,1,0,0,DISABLED,1.0538261997405964,0.0329670329670364,-0.0024420024420024333,39,35
424,1806874.265980372,1806874.336425226,70.444854,1,0,0,DISABLED,1.0538261997405964,-0.0329670329670364,-0.0024420024420024333,39,35
425,1806874.275754404,1806874.336433167,60.678763,1,0,0,DISABLED,1.0538261997405964,-0.010989010989007397,-0.0024420024420024333,39,35
426,1806874.285965202,1806874.336440772,50.475570,1,0,0,DISABLED,1.0538261997405964,0.010989010989007397,-0.0024420024420024333,39,35
427,1806874.296023516,1806874.336448967,40.425451,1,0,0,DISABLED,1.0538261997405964,0.010989010989007397,-0.0024420024420024333,39,35
428,1806874.305848331,1806874.336456790,30.608459,1,0,0,DISABLED,1.0538261997405964,-0.010989010989007397,-0.0024420024420024333,39,35
429,1806874.315758464,1806874.336465536,20.707072,1,0,0,DISABLED,1.0538261997405964,-0.0329670329670364,-0.0024420024420024333,39,35
430,1806874.325975142,1806874.336472882,10.497740,1,0,0,DISABLED,1.053444724193179,-0.0329670329670364,-0.0024420024420024333,39,35
431,1806874.335847093,1806874.336479866,0.632773,1,0,0,DISABLED,1.0542076752880138,-0.0329670329670364,-0.0024420024420024333,39,35
432,1806874.345758220,1806874.436568831,90.810611,1,0,0,DISABLED,1.053444724193179,-0.0549450549450512,-0.0024420024420024333,39,35
433,1806874.355786732,1806874.436588487,80.801755,1,0,0,DISABLED,1.0538261997405964,0.010989010989007397,-0.0024420024420024333,39,35
434,1806874.365754677,1806874.436593821,70.839144,1,0,0,DISABLED,1.0538261997405964,0.010989010989007397,-0.0024420024420024333,39,35
435,1806874.375942535,1806874.436598488,60.655953,1,0,0,DISABLED,1.0538261997405964,-0.010989010989007397,-0.0024420024420024333,39,35
436,1806874.386031653,1806874.436603324,50.571671,1,0,0,DISABLED,1.0538261997405964,0.010989010989007397,-0.0024420024420024333,39,35
437,1806874.395757768,1806874.436607448,40.849680,1,0,0,DISABLED,1.053444724193179,-0.0549450549450512,-0.0024420024420024333,39,35
438,1806874.406036713,1806874.436611833,30.575120,1,0,0,DISABLED,1.053444724193179,-0.010989010989007397,-0.0024420024420024333,39,35
439,1806874.415866820,1806874.436616003,20.749183,1,0,0,DISABLED,1.053444724193179,-0.010989010989007397,-0.0024420024420024333,39,35
440,1806874.425756460,1806874.436621708,10.865248,1,0,0,DISABLED,1.0538261997405964,-0.010989010989007397,-0.0024420024420024333,39,35
441,1806874.435833184,1806874.436626123,0.792939,1,0,0,DISABLED,1.0538261997405964,-0.010989010989007397,-0.0024420024420024333,39,35
442,1806874.445748451,1806874.536808745,91.060294,1,0,0,DISABLED,1.0542076752880138,0.010989010989007397,-0.0024420024420024333,39,35
443,1806874.455757236,1806874.536834517,81.077281,1,0,0,DISABLED,1.0538261997405964,0.010989010989007397,-0.0024420024420024333,39,35
444,1806874.465933929,1806874.536841155,70.907226,1,0,0,DISABLED,1.053444724193179,-0.0549450549450512,-0.0024420024420024333,39,35
445,1806874.475757649,1806874.536846992,61.089343,1,0,0,DISABLED,1.0542076752880138,-0.010989010989007397,-0.0024420024420024333,39,35
446,1806874.485958140,1806874.536852702,50.894562,1,0,0,DISABLED,1.053444724193179,-0.010989010989007397,-0.0024420024420024333,39,35
447,1806874.495954674,1806874.536858434,40.903760,1,0,0,DISABLED,1.053444724193179,-0.0549450549450512,-0.0024420024420024333,39,35
448,1806874.505903117,1806874.536863651,30.960534,1,0,0,DISABLED,1.0538261997405964,-0.010989010989007397,-0.0024420024420024333,39,35
449,1806874.515810506,1806874.536868919,21.058413,1,0,0,DISABLED,1.053444724193179,0.0329670329670364,-0.0024420024420024333,39,35
450,1806874.525835211,1806874.536875036,11.039825,1,0,0,DISABLED,1.0538261997405964,-0.010989010989007397,-0.0024420024420024333,39,35
451,1806874.535953276,1806874.536880027,0.926751,1,0,0,DISABLED,1.0538261997405964,0.010989010989007397,-0.0024420024420024333,39,35
452,1806874.545931323,1806874.637147942,91.216619,1,0,0,DISABLED,1.0542076752880138,-0.010989010989007397,-0.0024420024420024333,39,35
453,1806874.555922165,1806874.637168809,81.246644,1,0,0,DISABLED,1.053444724193179,-0.0329670329670364,-0.0024420024420024333,39,35
454,1806874.565948026,1806874.637174038,71.226012,1,0,0,DISABLED,1.0542076752880138,-0.010989010989007397,-0.0024420024420024333,39,35
455,1806874.575937020,1806874.637179050,61.242030,1,0,0,DISABLED,1.0538261997405964,-0.010989010989007397,-0.0024420024420024333,39,35
456,1806874.585771561,1806874.637183527,51.411966,1,0,0,DISABLED,1.053444724193179,0.010989010989007397,-0.0024420024420024333,39,35
457,1806874.595742057,1806874.637188075,41.446018,1,0,0,DISABLED,1.053444724193179,-0.010989010989007397,-0.0024420024420024333,39,35
458,1806874.605762714,1806874.637192437,31.429723,1,0,0,DISABLED,1.0538261997405964,-0.010989010989007397,-0.0024420024420024333,39,35
459,1806874.615760534,1806874.637197177,21.436643,1,0,0,DISABLED,1.0538261997405964,-0.010989010989007397,-0.0024420024420024333,39,35
460,1806874.625760994,1806874.637201425,11.440431,1,0,0,DISABLED,1.053444724193179,-0.0329670329670364,-0.0024420024420024333,39,35
461,1806874.635760859,1806874.637205855,1.444996,1,0,0,DISABLED,1.0538261997405964,-0.010989010989007397,-0.0024420024420024333,39,35
462,1806874.645742123,1806874.737294411,91.552288,1,0,0,DISABLED,1.053444724193179,-0.0329670329670364,-0.0024420024420024333,39,35
463,1806874.655761138,1806874.737317548,81.556410,1,0,0,DISABLED,1.0538261997405964,-0.010989010989007397,-0.0024420024420024333,39,35
464,1806874.665762769,1806874.737324441,71.561672,1,0,0,DISABLED,1.053444724193179,-0.0329670329670364,-0.0024420024420024333,39,35
465,1806874.675761472,1806874.737330074,61.568602,1,0,0,DISABLED,1.0538261997405964,0.010989010989007397,-0.0024420024420024333,39,35
466,1806874.685761374,1806874.737335335,51.573961,1,0,0,DISABLED,1.0542076752880138,0.010989010989007397,-0.0024420024420024333,39,35
467,1806874.695741902,1806874.737340448,41.598546,1,0,0,DISABLED,1.0538261997405964,-0.0329670329670364,-0.0024420024420024333,39,35
468,1806874.705761143,1806874.737345355,31.584212,1,0,0,DISABLED,1.0542076752880138,0.0329670329670364,-0.0024420024420024333,39,35
469,1806874.715769177,1806874.737350206,21.581029,1,0,0,DISABLED,1.053444724193179,-0.0329670329670364,-0.0024420024420024333,39,35
470,1806874.725761786,1806874.737355777,11.593991,1,0,0,DISABLED,1.0538261997405964,0.010989010989007397,-0.0024420024420024333,39,35
471,1806874.735792100,1806874.737361115,1.569015,1,0,0,DISABLED,1.0542076752880138,-0.010989010989007397,-0.0024420024420024333,39,35
472,1806874.745934628,1806874.837641693,91.707065,1,0,0,DISABLED,1.0538261997405964,-0.010989010989007397,-0.0024420024420024333,39,35
473,1806874.755895832,1806874.837678860,81.783028,1,0,0,DISABLED,1.053444724193179,-0.010989010989007397,-0.0024420024420024333,39,35
474,1806874.765844714,1806874.837685177,71.840463,1,0,0,DISABLED,1.0538261997405964,0.010989010989007397,-0.0024420024420024333,39,35
475,1806874.775747065,1806874.837690935,61.943870,1,0,0,DISABLED,1.053444724193179,0.010989010989007397,-0.0024420024420024333,39,35
476,1806874.785881954,1806874.837696539,51.814585,1,0,0,DISABLED,1.053444724193179,-0.0329670329670364,-0.0024420024420024333,39,35
477,1806874.795897841,1806874.837701770,41.803929,1,0,0,DISABLED,1.0538261997405964,-0.0329670329670364,-0.0024420024420024333,39,35
478,1806874.805852479,1806874.837707044,31.854565,1,0,0,DISABLED,1.0538261997405964,0.010989010989007397,-0.0024420024420024333,39,35
479,1806874.815934939,1806874.837713042,21.778103,1,0,0,DISABLED,1.0538261997405964,-0.0329670329670364,-0.0024420024420024333,39,35
480,1806874.825791886,1806874.837717890,11.926004,1,0,0,DISABLED,1.053444724193179,-0.010989010989007397,-0.0024420024420024333,39,35
481,1806874.835772074,1806874.837723230,1.951156,1,0,0,DISABLED,1.053444724193179,0.010989010989007397,-0.0024420024420024333,39,35
482,1806874.845764699,1806874.937934272,92.169573,1,0,0,DISABLED,1.053444724193179,0.010989010989007397,-0.0024420024420024333,39,35
483,1806874.855762271,1806874.937966652,82.204381,1,0,0,DISABLED,1.0538261997405964,-0.0549450549450512,-0.0024420024420024333,39,35
484,1806874.865741925,1806874.937973398,72.231473,1,0,0,DISABLED,1.0538261997405964,-0.010989010989007397,-0.0024420024420024333,39,35
485,1806874.875760260,1806874.937979080,62.218820,1,0,0,DISABLED,1.053444724193179,-0.010989010989007397,-0.0024420024420024333,39,35
486,1806874.885764981,1806874.937984374,52.219393,1,0,0,DISABLED,1.0538261997405964,-0.010989010989007397,-0.0024420024420024333,39,35
487,1806874.895761028,1806874.937989448,42.228420,1,0,0,DISABLED,1.053444724193179,-0.010989010989007397,-0.0024420024420024333,39,35
488,1806874.905762165,1806874.937994824,32.232659,1,0,0,DISABLED,1.053444724193179,-0.010989010989007397,-0.0024420024420024333,39,35
489,1806874.915742363,1806874.938000132,22.257769,1,0,0,DISABLED,1.053444724193179,0.010989010989007397,-0.0024420024420024333,39,35
490,1806874.925762459,1806874.938013596,12.251137,1,0,0,DISABLED,1.0542076752880138,-0.010989010989007397,-0.0024420024420024333,39,35
491,1806874.935760991,1806874.938019113,2.258122,1,0,0,DISABLED,1.0538261997405964,-0.010989010989007397,-0.0024420024420024333,39,35
492,1806874.945742945,1806875.038253259,92.510314,1,0,0,DISABLED,1.0538261997405964,-0.0329670329670364,-0.0024420024420024333,39,35
493,1806874.955948368,1806875.038276340,82.327972,1,0,0,DISABLED,1.0538261997405964,0.010989010989007397,-0.0024420024420024333,39,35
494,1806874.965941714,1806875.038282018,72.340304,1,0,0,DISABLED,1.053444724193179,-0.010989010989007397,-0.0024420024420024333,39,35
495,1806874.975961111,1806875.038289580,62.328469,1,0,0,DISABLED,1.053444724193179,-0.0329670329670364,-0.0024420024420024333,39,35
496,1806874.985889211,1806875.038294562,52.405351,1,0,0,DISABLED,1.053444724193179,-0.010989010989007397,-0.0024420024420024333,39,35
497,1806874.995976495,1806875.038298807,42.322312,1,0,0,DISABLED,1.053444724193179,0.010989010989007397,-0.0024420024420024333,39,35
498,1806875.005946764,1806875.038302976,32.356212,1,0,0,DISABLED,1.0542076752880138,0.010989010989007397,-0.0024420024420024333,39,35
499,1806875.015883862,1806875.038308888,22.425026,1,0,0,DISABLED,1.053444724193179,-0.010989010989007397,-0.0024420024420024333,39,35
