run_id,source_csv,kp,phase,rows,q_ref_min_deg,q_ref_max_deg,a_tau_min_sdk_units,a_tau_max_sdk_units,a_tau_mean_sdk_units,a_tau_median_sdk_units,a_tau_p05_sdk_units,a_tau_p95_sdk_units,b_tau_min_sdk_units,b_tau_max_sdk_units,b_tau_mean_sdk_units,b_tau_median_sdk_units,b_tau_p05_sdk_units,b_tau_p95_sdk_units,a_feedback_distinct_counts,b_feedback_distinct_counts,logical_j2_effort_from_paired_medians_nm
RUN_A,j2_installed_load_run.csv,0.6,DUAL_CURRENT_HOLD,150,0.0,0.0,-0.0078125,0.0078125,5.208333333333334e-05,0.0,-0.00390625,0.00390625,-0.0078125,0.0078125,0.0003125,0.0,-0.00390625,0.0078125,5,5,0.0
RUN_A,j2_installed_load_run.csv,0.6,FINAL_CENTER_ENDPOINT,50,0.0,0.0,-0.01953125,0.0,-0.00765625,-0.0078125,-0.01171875,-0.00390625,0.00390625,0.01953125,0.01140625,0.009765625,0.0078125,0.01953125,5,4,0.11126952990889549
RUN_A,j2_installed_load_run.csv,0.6,FINAL_CENTER_PROFILE,85,-5.0,0.0,-0.01953125,0.33203125,0.12876838235294116,0.109375,-0.01171875,0.31640625,-0.328125,0.02734375,-0.12247242647058823,-0.09375,-0.3125,0.01953125,43,52,-1.2857812345027924
RUN_A,j2_installed_load_run.csv,0.6,FIRST_CENTER_ENDPOINT,40,0.0,0.0,0.0078125,0.0234375,0.012109375,0.01171875,0.0078125,0.0234375,-0.0078125,0.00390625,-0.00146484375,0.0,-0.0078125,0.0,4,4,-0.07417968660593033
RUN_A,j2_installed_load_run.csv,0.6,FIRST_CENTER_PROFILE,85,0.0,5.0,-0.3203125,0.0234375,-0.12284007352941176,-0.1015625,-0.315625,0.01953125,-0.01171875,0.34765625,0.13598345588235294,0.109375,-0.0078125,0.3359375,45,47,1.335234358906746
RUN_A,j2_installed_load_run.csv,0.6,MINUS_5_ENDPOINT,40,-5.0,-5.0,0.31640625,0.33984375,0.32783203125,0.328125,0.3203125,0.3322265625,-0.33203125,-0.31640625,-0.32109375,-0.3203125,-0.328125,-0.31640625,6,4,-4.104609325528145
RUN_A,j2_installed_load_run.csv,0.6,MINUS_5_PROFILE,85,-5.0,0.0,0.0078125,0.33984375,0.1971047794117647,0.21484375,0.0234375,0.33515625,-0.328125,0.0,-0.18984375,-0.20703125,-0.328125,-0.0078125,46,43,-2.670468717813492
RUN_A,j2_installed_load_run.csv,0.6,PLUS_5_ENDPOINT,40,5.0,5.0,-0.33203125,-0.31640625,-0.32119140625,-0.3203125,-0.328125,-0.31640625,0.328125,0.34765625,0.3357421875,0.3359375,0.33203125,0.340234375,4,5,4.154062449932098
RUN_A,j2_installed_load_run.csv,0.6,PLUS_5_PROFILE,85,0.0,5.0,-0.3359375,0.00390625,-0.19145220588235295,-0.21875,-0.328125,-0.004687500000000011,0.0,0.34765625,0.19765625,0.22265625,0.0007812500000000007,0.34609375,50,48,2.7941015288233757
RUN_A_OPERATOR_REPEAT,j2_installed_load_run_operator_repeat.csv,0.6,DUAL_CURRENT_HOLD,150,0.0,0.0,-0.0078125,0.01171875,0.0033333333333333335,0.00390625,-0.00390625,0.0078125,-0.0078125,0.01171875,0.0015364583333333333,0.0,-0.00390625,0.0078125,6,6,-0.024726562201976776
RUN_A_OPERATOR_REPEAT,j2_installed_load_run_operator_repeat.csv,0.6,FINAL_CENTER_ENDPOINT,50,0.0,0.0,-0.0078125,0.0078125,-0.0003125,0.0,-0.00390625,0.00390625,0.0,0.01171875,0.00390625,0.00390625,0.0,0.0078125,5,4,0.024726562201976776
RUN_A_OPERATOR_REPEAT,j2_installed_load_run_operator_repeat.csv,0.6,FINAL_CENTER_PROFILE,85,-5.0,0.0,-0.00390625,0.33984375,0.14025735294117647,0.1171875,-0.00390625,0.33515625,-0.33203125,0.01953125,-0.1352481617647059,-0.109375,-0.328125,0.00390625,50,49,-1.434140607714653
RUN_A_OPERATOR_REPEAT,j2_installed_load_run_operator_repeat.csv,0.6,FIRST_CENTER_ENDPOINT,40,0.0,0.0,0.0078125,0.02734375,0.02177734375,0.0234375,0.01171875,0.02734375,-0.0234375,0.0,-0.01357421875,-0.01171875,-0.0234375,-0.0078125,5,5,-0.22253905981779099
RUN_A_OPERATOR_REPEAT,j2_installed_load_run_operator_repeat.csv,0.6,FIRST_CENTER_PROFILE,85,0.0,5.0,-0.3125,0.03515625,-0.11383272058823529,-0.08984375,-0.3046875,0.02734375,-0.01953125,0.33203125,0.12541360294117648,0.1015625,-0.01953125,0.31640625,48,45,1.211601547896862
RUN_A_OPERATOR_REPEAT,j2_installed_load_run_operator_repeat.csv,0.6,MINUS_5_ENDPOINT,40,-5.0,-5.0,0.33203125,0.34765625,0.341796875,0.33984375,0.3359375,0.34765625,-0.33984375,-0.3203125,-0.33291015625,-0.33203125,-0.33984375,-0.328125,4,5,-4.2529686987400055
RUN_A_OPERATOR_REPEAT,j2_installed_load_run_operator_repeat.csv,0.6,MINUS_5_PROFILE,85,-5.0,0.0,0.0234375,0.34765625,0.20588235294117646,0.21875,0.02734375,0.34765625,-0.34765625,-0.0078125,-0.2000919117647059,-0.21484375,-0.3359375,-0.01953125,44,46,-2.744648404419422
RUN_A_OPERATOR_REPEAT,j2_installed_load_run_operator_repeat.csv,0.6,PLUS_5_ENDPOINT,40,5.0,5.0,-0.31640625,-0.3046875,-0.3115234375,-0.3125,-0.31640625,-0.3046875,0.31640625,0.3359375,0.3265625,0.328125,0.31640625,0.3322265625,3,4,4.055156201124191
RUN_A_OPERATOR_REPEAT,j2_installed_load_run_operator_repeat.csv,0.6,PLUS_5_PROFILE,85,0.0,5.0,-0.328125,0.00390625,-0.18189338235294117,-0.203125,-0.31640625,-0.0007812500000000111,0.0,0.33984375,0.19232536764705882,0.20703125,0.0078125,0.33203125,46,46,2.5962890312075615
RUN_B,j2_installed_load_kp070.csv,0.7,DUAL_CURRENT_HOLD,150,0.0,0.0,-0.0078125,0.0078125,0.0011458333333333333,0.0,-0.00390625,0.006054687499999933,-0.0078125,0.01171875,0.00203125,0.0,0.0,0.0078125,5,5,0.0
RUN_B,j2_installed_load_kp070.csv,0.7,FINAL_CENTER_ENDPOINT,50,0.0,0.0,-0.01171875,0.0078125,0.00109375,0.0,-0.00390625,0.006054687499999989,0.0,0.01171875,0.0040625,0.00390625,0.0,0.0078125,5,4,0.024726562201976776
RUN_B,j2_installed_load_kp070.csv,0.7,FINAL_CENTER_PROFILE,85,-5.0,0.0,-0.0078125,0.39453125,0.16277573529411765,0.13671875,-0.00390625,0.37890625,-0.3828125,0.01953125,-0.15854779411764705,-0.125,-0.37734375,0.0078125,54,51,-1.656679667532444
RUN_B,j2_installed_load_kp070.csv,0.7,FIRST_CENTER_ENDPOINT,40,0.0,0.0,0.0234375,0.0390625,0.03388671875,0.03515625,0.0271484375,0.0390625,-0.02734375,-0.01171875,-0.01982421875,-0.01953125,-0.02734375,-0.01171875,4,4,-0.34617187082767487
RUN_B,j2_installed_load_kp070.csv,0.7,FIRST_CENTER_PROFILE,85,0.0,5.0,-0.35546875,0.0390625,-0.1274356617647059,-0.10546875,-0.34609375000000003,0.03515625,-0.02734375,0.3671875,0.13938419117647058,0.1171875,-0.0234375,0.35546875,50,50,1.4094140455126762
RUN_B,j2_installed_load_kp070.csv,0.7,MINUS_5_ENDPOINT,40,-5.0,-5.0,0.3828125,0.3984375,0.38671875,0.38671875,0.3828125,0.39453125,-0.38671875,-0.3671875,-0.38251953125,-0.3828125,-0.38671875,-0.378515625,4,5,-4.871132753789425
RUN_B,j2_installed_load_kp070.csv,0.7,MINUS_5_PROFILE,85,-5.0,0.0,0.03515625,0.40234375,0.2359375,0.265625,0.0390625,0.39296875,-0.39453125,-0.01171875,-0.23019301470588235,-0.2578125,-0.38671875,-0.01953125,47,46,-3.313359335064888
RUN_B,j2_installed_load_kp070.csv,0.7,PLUS_5_ENDPOINT,40,5.0,5.0,-0.35546875,-0.34765625,-0.35126953125,-0.3515625,-0.35546875,-0.34765625,0.34765625,0.3671875,0.3595703125,0.36328125,0.3513671875,0.3671875,3,5,4.52496088296175
RUN_B,j2_installed_load_kp070.csv,0.7,PLUS_5_PROFILE,85,0.0,5.0,-0.3671875,0.00390625,-0.2046875,-0.234375,-0.36328125,-0.0007812500000000111,-0.00390625,0.38671875,0.21484375,0.234375,0.004687500000000001,0.37890625,50,55,2.967187464237213
