pose_class,j1_deg,j2_deg,j3_deg,j4_deg,j5_deg,j6_deg,J1_qfrc_bias_hold_nm,J1_gravity_generalized_force_nm,J2_qfrc_bias_hold_nm,J2_gravity_generalized_force_nm,J3_qfrc_bias_hold_nm,J3_gravity_generalized_force_nm,J4_qfrc_bias_hold_nm,J4_gravity_generalized_force_nm,J5_qfrc_bias_hold_nm,J5_gravity_generalized_force_nm,J6_qfrc_bias_hold_nm,J6_gravity_generalized_force_nm,J2_equal_share_output_side_hypothesis_nm,J2_equal_share_rotor_side_hypothesis_nm
REPRESENTATIVE_MODEL_SWEEP,0.0,-30.0,-30.0,0.0,0.0,0.0,-2.881710739513449e-16,2.881710739513449e-16,10.382416658210175,-10.382416658210175,4.073368158842573,-4.073368158842573,0.9982511022662302,-0.9982511022662302,-0.527806601223992,0.527806601223992,0.005100652127537297,-0.005100652127537297,5.191208329105088,0.820096112428666
REPRESENTATIVE_MODEL_SWEEP,0.0,-30.0,-15.0,0.0,0.0,0.0,-3.1893314757922275e-16,3.1893314757922275e-16,11.49073716483141,-11.49073716483141,5.181688665463808,-5.181688665463808,1.3984430011460942,-1.3984430011460942,-0.4276935100205684,0.4276935100205684,0.003431901362545453,-0.003431901362545453,5.745368582415705,0.9076411771979829
REPRESENTATIVE_MODEL_SWEEP,0.0,-30.0,0.0,0.0,0.0,0.0,-3.398940746625716e-16,3.398940746625716e-16,12.245934152046694,-12.245934152046694,5.93688565267909,-5.93688565267909,1.7033333205341825,-1.7033333205341825,-0.2984338129061866,0.2984338129061866,0.0015292721911817075,-0.0015292721911817075,6.122967076023347,0.9672933885974685
REPRESENTATIVE_MODEL_SWEEP,0.0,-30.0,15.0,0.0,0.0,0.0,-3.4962540266023093e-16,3.4962540266023093e-16,12.596542193199321,-12.596542193199321,6.287493693831717,-6.287493693831717,1.8921442890192703,-1.8921442890192703,-0.148836344627443,0.148836344627443,-0.00047757435276962745,0.00047757435276962745,6.2982710965996604,0.9949875470001873
REPRESENTATIVE_MODEL_SWEEP,0.0,-30.0,30.0,0.0,0.0,0.0,-3.4746395765094006e-16,3.4746395765094006e-16,12.51866792969193,-12.51866792969193,6.209619430324325,-6.209619430324325,1.9520087511239774,-1.9520087511239774,0.010904074573972168,-0.010904074573972168,-0.0024518749938086115,0.0024518749938086115,6.259333964845965,0.9888363412777552
REPRESENTATIVE_MODEL_SWEEP,0.0,-15.0,-30.0,0.0,0.0,0.0,-3.391128083612114e-16,3.391128083612114e-16,12.217786067057228,-12.217786067057228,5.181688665463808,-5.181688665463808,1.3984430011460947,-1.3984430011460947,-0.4276935100205684,0.4276935100205684,0.003431901362545786,-0.003431901362545786,6.108893033528614,0.9650700011307444
REPRESENTATIVE_MODEL_SWEEP,0.0,-15.0,-15.0,0.0,0.0,0.0,-3.6007373544456027e-16,3.6007373544456027e-16,12.972983054272508,-12.972983054272508,5.936885652679088,-5.936885652679088,1.7033333205341825,-1.7033333205341825,-0.2984338129061861,0.2984338129061861,0.0015292721911818186,-0.0015292721911818186,6.486491527136254,1.0247222125302298
REPRESENTATIVE_MODEL_SWEEP,0.0,-15.0,0.0,0.0,0.0,0.0,-3.6980506344221955e-16,3.6980506344221955e-16,13.323591095425137,-13.323591095425137,6.287493693831715,-6.287493693831715,1.89214428901927,-1.89214428901927,-0.14883634462744283,0.14883634462744283,-0.00047757435276962745,0.00047757435276962745,6.661795547712568,1.0524163709329488
REPRESENTATIVE_MODEL_SWEEP,0.0,-15.0,15.0,0.0,0.0,0.0,-3.6764361843292873e-16,3.6764361843292873e-16,13.245716831917745,-13.245716831917745,6.209619430324324,-6.209619430324324,1.952008751123977,-1.952008751123977,0.010904074573972168,-0.010904074573972168,-0.0024518749938088336,0.0024518749938088336,6.622858415958873,1.0462651652105166
REPRESENTATIVE_MODEL_SWEEP,0.0,-15.0,30.0,0.0,0.0,0.0,-3.537366993221143e-16,3.537366993221143e-16,12.744667266115059,-12.744667266115059,5.708569864521639,-5.708569864521639,1.8788470426865724,-1.8788470426865724,0.16990139911300609,-0.16990139911300609,-0.004259084405934699,0.004259084405934699,6.372333633057529,1.006687789867569
REPRESENTATIVE_MODEL_SWEEP,0.0,0.0,-30.0,0.0,0.0,0.0,-3.6694464184417334e-16,3.6694464184417334e-16,13.22053354628047,-13.22053354628047,5.936885652679089,-5.936885652679089,1.7033333205341825,-1.7033333205341825,-0.2984338129061866,0.2984338129061866,0.0015292721911817075,-0.0015292721911817075,6.610266773140235,1.0442759641093473
REPRESENTATIVE_MODEL_SWEEP,0.0,0.0,-15.0,0.0,0.0,0.0,-3.7667596984183267e-16,3.7667596984183267e-16,13.571141587433097,-13.571141587433097,6.287493693831717,-6.287493693831717,1.8921442890192703,-1.8921442890192703,-0.14883634462744283,0.14883634462744283,-0.0004775743527697385,0.0004775743527697385,6.785570793716548,1.0719701225120661
REPRESENTATIVE_MODEL_SWEEP,0.0,0.0,0.0,0.0,0.0,0.0,-3.7451452483254176e-16,3.7451452483254176e-16,13.493267323925703,-13.493267323925703,6.209619430324324,-6.209619430324324,1.9520087511239774,-1.9520087511239774,0.01090407457397217,-0.01090407457397217,-0.0024518749938088336,0.0024518749938088336,6.746633661962852,1.0658189167896337
REPRESENTATIVE_MODEL_SWEEP,0.0,0.0,15.0,0.0,0.0,0.0,-3.606076057217273e-16,3.606076057217273e-16,12.992217758123017,-12.992217758123017,5.708569864521637,-5.708569864521637,1.878847042686571,-1.878847042686571,0.16990139911300625,-0.16990139911300625,-0.00425908440593481,0.00425908440593481,6.4961088790615085,1.0262415414466863
REPRESENTATIVE_MODEL_SWEEP,0.0,0.0,30.0,0.0,0.0,0.0,-3.359029460645206e-16,3.359029460645206e-16,12.10213858991093,-12.10213858991093,4.81849069630955,-4.81849069630955,1.67764501323162,-1.67764501323162,0.31732022407782606,-0.31732022407782606,-0.005776044254265922,0.005776044254265922,6.051069294955465,0.9559351292081403
REPRESENTATIVE_MODEL_SWEEP,0.0,15.0,-30.0,0.0,0.0,0.0,-3.6976988094264615e-16,3.6976988094264615e-16,13.322323512289387,-13.322323512289387,6.287493693831718,-6.287493693831718,1.8921442890192708,-1.8921442890192708,-0.148836344627443,0.148836344627443,-0.0004775743527697385,0.0004775743527697385,6.661161756144693,1.0523162458815247
REPRESENTATIVE_MODEL_SWEEP,0.0,15.0,-15.0,0.0,0.0,0.0,-3.6760843593335523e-16,3.6760843593335523e-16,13.244449248781994,-13.244449248781994,6.2096194303243255,-6.2096194303243255,1.9520087511239779,-1.9520087511239779,0.01090407457397217,-0.01090407457397217,-0.0024518749938086115,0.0024518749938086115,6.622224624390997,1.0461650401590925
REPRESENTATIVE_MODEL_SWEEP,0.0,15.0,0.0,0.0,0.0,0.0,-3.537015168225408e-16,3.537015168225408e-16,12.743399682979305,-12.743399682979305,5.708569864521637,-5.708569864521637,1.878847042686571,-1.878847042686571,0.16990139911300622,-0.16990139911300622,-0.00425908440593481,0.00425908440593481,6.371699841489653,1.006587664816145
REPRESENTATIVE_MODEL_SWEEP,0.0,15.0,15.0,0.0,0.0,0.0,-3.2899685716533404e-16,3.2899685716533404e-16,11.853320514767217,-11.853320514767217,4.818490696309549,-4.818490696309549,1.6776450132316192,-1.6776450132316192,0.3173202240778261,-0.3173202240778261,-0.005776044254265811,0.005776044254265811,5.926660257383609,0.9362812525775986
REPRESENTATIVE_MODEL_SWEEP,0.0,15.0,30.0,0.0,0.0,0.0,-2.9517803869099346e-16,2.9517803869099346e-16,10.63486916853401,-10.63486916853401,3.6000393500763423,-3.6000393500763423,1.3621142485644029,-1.3621142485644029,0.44311420016820713,-0.44311420016820713,-0.006899376232033294,0.006899376232033294,5.317434584267005,0.840037069250671
REPRESENTATIVE_MODEL_SWEEP,0.0,30.0,-30.0,0.0,0.0,0.0,-3.4739599028099725e-16,3.4739599028099725e-16,12.516219147116345,-12.516219147116345,6.209619430324325,-6.209619430324325,1.9520087511239779,-1.9520087511239779,0.01090407457397217,-0.01090407457397217,-0.0024518749938087225,0.0024518749938087225,6.258109573558173,0.9886429145316968
REPRESENTATIVE_MODEL_SWEEP,0.0,30.0,-15.0,0.0,0.0,0.0,-3.334890711701828e-16,3.334890711701828e-16,12.015169581313659,-12.015169581313659,5.708569864521639,-5.708569864521639,1.878847042686572,-1.878847042686572,0.16990139911300609,-0.16990139911300609,-0.004259084405934699,0.004259084405934699,6.007584790656829,0.9490655391887494
REPRESENTATIVE_MODEL_SWEEP,0.0,30.0,0.0,0.0,0.0,0.0,-3.087844115129761e-16,3.087844115129761e-16,11.12509041310157,-11.12509041310157,4.818490696309551,-4.818490696309551,1.6776450132316205,-1.6776450132316205,0.3173202240778261,-0.3173202240778261,-0.005776044254265811,0.005776044254265811,5.562545206550785,0.8787591269502032
REPRESENTATIVE_MODEL_SWEEP,0.0,30.0,15.0,0.0,0.0,0.0,-2.7496559303863537e-16,2.7496559303863537e-16,9.906639066868362,-9.906639066868362,3.6000393500763423,-3.6000393500763423,1.3621142485644029,-1.3621142485644029,0.4431142001682071,-0.4431142001682071,-0.006899376232033183,0.006899376232033183,4.953319533434181,0.7825149436232753
REPRESENTATIVE_MODEL_SWEEP,0.0,30.0,30.0,0.0,0.0,0.0,-2.343373123379472e-16,2.343373123379472e-16,8.442850988273776,-8.442850988273776,2.136251271481755,-2.136251271481755,0.953757648857749,-0.953757648857749,0.5387106757979634,-0.5387106757979634,-0.007552527121345964,0.007552527121345964,4.221425494136888,0.6668918712506635
