tick,timestamp_s,phase,a_mode,b_mode,a_q_cmd,b_q_cmd,a_dq_cmd,b_dq_cmd,a_raw,b_raw,qA_logical_rad,qB_logical_rad,qJ2_logical_rad,e_sync_rad,a_dq_feedback,b_dq_feedback,a_tau,b_tau,a_temp,b_temp,a_merror,b_merror,a_valid,b_valid,cycle_period_ms,cycle_jitter_ms
0,8.3600000000000002e-07,SESSION_BRAKE_CAPTURE,0,0,0,0,0,0,6.2634501457214355,1.5163435935974121,nan,nan,nan,nan,-0.024543749168515205,-0.19634999334812164,0,0,34,34,0,0,1,1,nan,nan
1,0.010191703999999999,SESSION_BRAKE_CAPTURE,0,0,0,0,0,0,6.2634501457214355,1.5163435935974121,nan,nan,nan,nan,0,-0.17180624604225159,0,0,34,34,0,0,1,1,10.190867999999998,0.19086799999999826
2,0.020238444000000001,SESSION_BRAKE_CAPTURE,0,0,0,0,0,0,6.2634501457214355,1.5165352821350098,nan,nan,nan,nan,-0.073631249368190765,0.12271875143051147,0,0,34,34,0,0,1,1,10.046740000000002,0.046740000000001558
3,0.030191599,SESSION_BRAKE_CAPTURE,0,0,0,0,0,0,6.2634501457214355,1.5165352821350098,nan,nan,nan,nan,0.26998123526573181,0.14726249873638153,0,0,34,34,0,0,1,1,9.9531549999999989,0.046845000000001136
4,0.040178969000000002,SESSION_BRAKE_CAPTURE,0,0,0,0,0,0,6.2634501457214355,1.5165352821350098,nan,nan,nan,nan,-0.073631249368190765,0.22089375555515289,0,0,34,34,0,0,1,1,9.9873700000000021,0.012629999999997921
5,0.050162122000000003,SESSION_BRAKE_CAPTURE,0,0,0,0,0,0,6.2634501457214355,1.5161517858505249,nan,nan,nan,nan,-0.049087498337030411,-0.58904999494552612,0,0,34,34,0,0,1,1,9.9831530000000015,0.016846999999998502
6,0.060189215999999997,SESSION_BRAKE_CAPTURE,0,0,0,0,0,0,6.2634501457214355,1.5163435935974121,nan,nan,nan,nan,-0.14726249873638153,-0.22089375555515289,0,0,34,34,0,0,1,1,10.027093999999993,0.027093999999992846
7,0.070165124999999995,SESSION_BRAKE_CAPTURE,0,0,0,0,0,0,6.2634501457214355,1.5161517858505249,nan,nan,nan,nan,-0.024543749168515205,-0.53996247053146362,0,0,34,34,0,0,1,1,9.9759089999999979,0.024091000000002083
8,0.080097322999999998,SESSION_BRAKE_CAPTURE,0,0,0,0,0,0,6.2634501457214355,1.5163435935974121,nan,nan,nan,nan,-0.12271875143051147,0.098174996674060822,0,0,34,34,0,0,1,1,9.9321980000000032,0.067801999999996809
9,0.090190766000000006,SESSION_BRAKE_CAPTURE,0,0,0,0,0,0,6.2634501457214355,1.5165352821350098,nan,nan,nan,nan,-0.073631249368190765,0.24543750286102295,0,0,34,34,0,0,1,1,10.093443000000008,0.093443000000007714
10,0.100289239,SESSION_BRAKE_CAPTURE,0,0,0,0,0,0,6.2636418342590332,1.5165352821350098,nan,nan,nan,nan,0.26998123526573181,0.17180624604225159,0,0,34,34,0,0,1,1,10.098472999999997,0.098472999999996702
11,0.110183957,SESSION_BRAKE_CAPTURE,0,0,0,0,0,0,6.2634501457214355,1.5165352821350098,nan,nan,nan,nan,-0.024543749168515205,0.22089375555515289,0,0,34,34,0,0,1,1,9.8947179999999975,0.10528200000000254
12,0.120197544,SESSION_BRAKE_CAPTURE,0,0,0,0,0,0,6.2634501457214355,1.5161517858505249,nan,nan,nan,nan,-0.024543749168515205,-0.61359375715255737,0,0,34,34,0,0,1,1,10.013587000000005,0.013587000000004679
13,0.13016675799999999,SESSION_BRAKE_CAPTURE,0,0,0,0,0,0,6.2634501457214355,1.5163435935974121,nan,nan,nan,nan,0.024543749168515205,-0.17180624604225159,0,0,34,34,0,0,1,1,9.9692139999999902,0.03078600000000975
14,0.14019865100000001,SESSION_BRAKE_CAPTURE,0,0,0,0,0,0,6.2632579803466797,1.5163435935974121,nan,nan,nan,nan,-0.34361249208450317,-0.17180624604225159,0,0,34,34,0,0,1,1,10.031893000000014,0.031893000000014382
15,0.150157189,SESSION_BRAKE_CAPTURE,0,0,0,0,0,0,6.2632579803466797,1.5165352821350098,nan,nan,nan,nan,-0.39269998669624329,0.17180624604225159,0,0,34,34,0,0,1,1,9.9585379999999883,0.041462000000011656
16,0.160217419,SESSION_BRAKE_CAPTURE,0,0,0,0,0,0,6.2634501457214355,1.5163435935974121,nan,nan,nan,nan,-0.098174996674060822,-0.098174996674060822,0,0,34,34,0,0,1,1,10.060230000000004,0.060230000000004225
17,0.17005425299999999,SESSION_BRAKE_CAPTURE,0,0,0,0,0,0,6.2634501457214355,1.5163435935974121,nan,nan,nan,nan,-0.098174996674060822,-0.12271875143051147,0,0,34,34,0,0,1,1,9.836833999999989,0.16316600000001102
18,0.18006772500000001,SESSION_BRAKE_CAPTURE,0,0,0,0,0,0,6.2634501457214355,1.5163435935974121,nan,nan,nan,nan,-0.36815625429153442,-0.17180624604225159,0,0,34,34,0,0,1,1,10.013472000000023,0.013472000000023243
19,0.190053895,SESSION_BRAKE_CAPTURE,0,0,0,0,0,0,6.2636418342590332,1.5161517858505249,nan,nan,nan,nan,0.26998123526573181,-0.39269998669624329,0,0,34,34,0,0,1,1,9.9861699999999889,0.013830000000011111
20,0.20005308699999999,SESSION_BRAKE_CAPTURE,0,0,0,0,0,0,6.2634501457214355,1.5165352821350098,nan,nan,nan,nan,-0.024543749168515205,0.19634999334812164,0,0,34,34,0,0,1,1,9.9991919999999901,0.0008080000000099119
21,0.21005274800000001,SESSION_BRAKE_CAPTURE,0,0,0,0,0,0,6.2636418342590332,1.5163435935974121,nan,nan,nan,nan,0.29452499747276306,-0.19634999334812164,0,0,34,34,0,0,1,1,9.999661000000021,0.00033899999997899499
22,0.22005264099999999,SESSION_BRAKE_CAPTURE,0,0,0,0,0,0,6.2634501457214355,1.5163435935974121,nan,nan,nan,nan,-0.049087498337030411,-0.17180624604225159,0,0,34,34,0,0,1,1,9.9998929999999824,0.00010700000001762078
23,0.230054708,SESSION_BRAKE_CAPTURE,0,0,0,0,0,0,6.2632579803466797,1.5163435935974121,nan,nan,nan,nan,-0.53996247053146362,-0.098174996674060822,0,0,34,34,0,0,1,1,10.002067000000004,0.0020670000000038158
24,0.240070491,SESSION_BRAKE_CAPTURE,0,0,0,0,0,0,6.2634501457214355,1.5163435935974121,nan,nan,nan,nan,-0.049087498337030411,-0.073631249368190765,0,0,34,34,0,0,1,1,10.015783000000001,0.015783000000000769
25,0.25005309399999998,SESSION_BRAKE_CAPTURE,0,0,0,0,0,0,6.2634501457214355,1.5163435935974121,nan,nan,nan,nan,-0.024543749168515205,-0.12271875143051147,0,0,34,34,0,0,1,1,9.9826029999999797,0.017397000000020313
26,0.26005308700000002,SESSION_BRAKE_CAPTURE,0,0,0,0,0,0,6.2636418342590332,1.5165352821350098,nan,nan,nan,nan,0.31906875967979431,0.22089375555515289,0,0,34,34,0,0,1,1,9.9999930000000408,6.99999995923406e-06
27,0.27005284299999999,SESSION_BRAKE_CAPTURE,0,0,0,0,0,0,6.2634501457214355,1.5165352821350098,nan,nan,nan,nan,0,0.29452499747276306,0,0,34,34,0,0,1,1,9.9997559999999712,0.00024400000002877675
28,0.28005448500000002,SESSION_BRAKE_CAPTURE,0,0,0,0,0,0,6.2634501457214355,1.5163435935974121,nan,nan,nan,nan,-0.049087498337030411,-0.24543750286102295,0,0,34,34,0,0,1,1,10.001642000000032,0.0016420000000323398
29,0.29005299600000001,SESSION_BRAKE_CAPTURE,0,0,0,0,0,0,6.2634501457214355,1.5163435935974121,nan,nan,nan,nan,0,-0.46633124351501465,0,0,34,34,0,0,1,1,9.9985109999999882,0.001489000000011842
30,0.30005275100000001,SESSION_BRAKE_CAPTURE,0,0,0,0,0,0,6.2636418342590332,1.5163435935974121,nan,nan,nan,nan,0.26998123526573181,-0.14726249873638153,0,0,34,34,0,0,1,1,9.9997549999999986,0.000245000000001383
31,0.31005300499999999,SESSION_BRAKE_CAPTURE,0,0,0,0,0,0,6.2634501457214355,1.5161517858505249,nan,nan,nan,nan,-0.098174996674060822,-0.4908750057220459,0,0,34,34,0,0,1,1,10.000253999999986,0.00025399999998576561
32,0.32005314600000001,SESSION_BRAKE_CAPTURE,0,0,0,0,0,0,6.2634501457214355,1.5161517858505249,nan,nan,nan,nan,-0.073631249368190765,-0.51541876792907715,0,0,34,34,0,0,1,1,10.000141000000017,0.00014100000001704416
33,0.33005403799999999,SESSION_BRAKE_CAPTURE,0,0,0,0,0,0,6.2632579803466797,1.5165352821350098,nan,nan,nan,nan,-0.39269998669624329,0.24543750286102295,0,0,34,34,0,0,1,1,10.000891999999983,0.0008919999999825734
34,0.34007167700000002,SESSION_BRAKE_CAPTURE,0,0,0,0,0,0,6.2634501457214355,1.5163435935974121,nan,nan,nan,nan,-0.024543749168515205,-0.19634999334812164,0,0,34,34,0,0,1,1,10.017639000000022,0.017639000000022165
35,0.35005284199999998,SESSION_BRAKE_CAPTURE,0,0,0,0,0,0,6.2634501457214355,1.5165352821350098,nan,nan,nan,nan,-0.12271875143051147,0.14726249873638153,0,0,34,34,0,0,1,1,9.9811649999999581,0.018835000000041902
36,0.36007172799999998,SESSION_BRAKE_CAPTURE,0,0,0,0,0,0,6.2634501457214355,1.5165352821350098,nan,nan,nan,nan,0,0.17180624604225159,0,0,34,34,0,0,1,1,10.018886000000006,0.018886000000005509
37,0.37005252500000002,SESSION_BRAKE_CAPTURE,0,0,0,0,0,0,6.2632579803466797,1.5163435935974121,nan,nan,nan,nan,-0.36815625429153442,-0.22089375555515289,0,0,34,34,0,0,1,1,9.9807970000000417,0.019202999999958337
38,0.38008701700000003,SESSION_BRAKE_CAPTURE,0,0,0,0,0,0,6.2636418342590332,1.5165352821350098,nan,nan,nan,nan,0.34361249208450317,-0.26998123526573181,0,0,34,34,0,0,1,1,10.034492000000006,0.034492000000005518
39,0.39005319500000002,SESSION_BRAKE_CAPTURE,0,0,0,0,0,0,6.2634501457214355,1.5163435935974121,nan,nan,nan,nan,0,-0.14726249873638153,0,0,34,34,0,0,1,1,9.9661779999999922,0.03382200000000779
40,0.400073344,SESSION_BRAKE_CAPTURE,0,0,0,0,0,0,6.2634501457214355,1.5163435935974121,nan,nan,nan,nan,-0.049087498337030411,-0.098174996674060822,0,0,34,34,0,0,1,1,10.020148999999979,0.020148999999978656
41,0.41005297299999999,SESSION_BRAKE_CAPTURE,0,0,0,0,0,0,6.2632579803466797,1.5165352821350098,nan,nan,nan,nan,-0.39269998669624329,0.22089375555515289,0,0,34,34,0,0,1,1,9.9796289999999903,0.020371000000009687
42,0.420070159,SESSION_BRAKE_CAPTURE,0,0,0,0,0,0,6.2634501457214355,1.5165352821350098,nan,nan,nan,nan,-0.14726249873638153,0.049087498337030411,0,0,34,34,0,0,1,1,10.017186000000011,0.017186000000011248
43,0.43005421300000002,SESSION_BRAKE_CAPTURE,0,0,0,0,0,0,6.2632579803466797,1.5161517858505249,nan,nan,nan,nan,-0.46633124351501465,-0.51541876792907715,0,0,34,34,0,0,1,1,9.98405400000002,0.015945999999980032
44,0.44007157099999999,SESSION_BRAKE_CAPTURE,0,0,0,0,0,0,6.2634501457214355,1.5161517858505249,nan,nan,nan,nan,-0.098174996674060822,-0.4908750057220459,0,0,34,34,0,0,1,1,10.017357999999977,0.01735799999997667
45,0.45005283899999998,SESSION_BRAKE_CAPTURE,0,0,0,0,0,0,6.2634501457214355,1.5165352821350098,nan,nan,nan,nan,-0.024543749168515205,0.098174996674060822,0,0,34,34,0,0,1,1,9.9812679999999876,0.018732000000012405
46,0.46007298400000002,SESSION_BRAKE_CAPTURE,0,0,0,0,0,0,6.2636418342590332,1.5163435935974121,nan,nan,nan,nan,0.29452499747276306,-0.17180624604225159,0,0,34,34,0,0,1,1,10.020145000000035,0.020145000000034941
47,0.47007028099999998,SESSION_BRAKE_CAPTURE,0,0,0,0,0,0,6.2634501457214355,1.5161517858505249,nan,nan,nan,nan,-0.073631249368190765,-0.4908750057220459,0,0,34,34,0,0,1,1,9.9972969999999606,0.0027030000000394239
48,0.48008589600000001,SESSION_BRAKE_CAPTURE,0,0,0,0,0,0,6.2634501457214355,1.5165352821350098,nan,nan,nan,nan,-0.14726249873638153,0.098174996674060822,0,0,34,34,0,0,1,1,10.015615000000032,0.015615000000032353
49,0.49005345300000003,SESSION_BRAKE_CAPTURE,0,0,0,0,0,0,6.2634501457214355,1.5163435935974121,nan,nan,nan,nan,-0.024543749168515205,-0.22089375555515289,0,0,34,34,0,0,1,1,9.9675570000000153,0.032442999999984679
50,0.50025260699999996,SESSION_BRAKE_CAPTURE,0,0,0,0,0,0,6.2634501457214355,1.5165352821350098,nan,nan,nan,nan,-0.17180624604225159,0.26998123526573181,0,0,34,34,0,0,1,1,10.199153999999933,0.19915399999993255
51,0.51018595099999997,SESSION_BRAKE_CAPTURE,0,0,0,0,0,0,6.2632579803466797,1.5165352821350098,nan,nan,nan,nan,-0.51541876792907715,0.14726249873638153,0,0,34,34,0,0,1,1,9.9333440000000106,0.06665599999998939
52,0.52007125899999995,SESSION_BRAKE_CAPTURE,0,0,0,0,0,0,6.2634501457214355,1.5165352821350098,nan,nan,nan,nan,-0.024543749168515205,0.22089375555515289,0,0,34,34,0,0,1,1,9.8853079999999807,0.11469200000001933
53,0.53005431700000005,SESSION_BRAKE_CAPTURE,0,0,0,0,0,0,6.2632579803466797,1.5165352821350098,nan,nan,nan,nan,-0.46633124351501465,0.22089375555515289,0,0,34,34,0,0,1,1,9.9830580000000992,0.016941999999900759
54,0.54007139500000001,SESSION_BRAKE_CAPTURE,0,0,0,0,0,0,6.2632579803466797,1.5165352821350098,nan,nan,nan,nan,-0.44178751111030579,0.12271875143051147,0,0,34,34,0,0,1,1,10.017077999999957,0.017077999999957072
55,0.55005375499999998,SESSION_BRAKE_CAPTURE,0,0,0,0,0,0,6.2634501457214355,1.5165352821350098,nan,nan,nan,nan,-0.024543749168515205,0.17180624604225159,0,0,34,34,0,0,1,1,9.9823599999999679,0.017640000000032074
56,0.56007683399999997,SESSION_BRAKE_CAPTURE,0,0,0,0,0,0,6.2632579803466797,1.5161517858505249,nan,nan,nan,nan,-0.39269998669624329,-0.58904999494552612,0,0,34,34,0,0,1,1,10.02307899999999,0.023078999999990302
57,0.57005334100000005,SESSION_BRAKE_CAPTURE,0,0,0,0,0,0,6.2634501457214355,1.5161517858505249,nan,nan,nan,nan,-0.049087498337030411,-0.46633124351501465,0,0,34,34,0,0,1,1,9.9765070000000797,0.023492999999920272
58,0.58008272500000002,SESSION_BRAKE_CAPTURE,0,0,0,0,0,0,6.2634501457214355,1.5163435935974121,nan,nan,nan,nan,-0.024543749168515205,-0.098174996674060822,0,0,34,34,0,0,1,1,10.029383999999975,0.02938399999997543
59,0.59005379000000002,SESSION_BRAKE_CAPTURE,0,0,0,0,0,0,6.2636418342590332,1.5163435935974121,nan,nan,nan,nan,0.22089375555515289,-0.098174996674060822,0,0,34,34,0,0,1,1,9.9710650000000012,0.028934999999998823
60,0.60007273000000005,SESSION_BRAKE_CAPTURE,0,0,0,0,0,0,6.2634501457214355,1.5165352821350098,nan,nan,nan,nan,-0.098174996674060822,0.26998123526573181,0,0,34,34,0,0,1,1,10.018940000000033,0.018940000000032597
61,0.61005339199999997,SESSION_BRAKE_CAPTURE,0,0,0,0,0,0,6.2634501457214355,1.5165352821350098,nan,nan,nan,nan,-0.049087498337030411,0.17180624604225159,0,0,34,34,0,0,1,1,9.9806619999999171,0.0193380000000829
62,0.62006929300000002,SESSION_BRAKE_CAPTURE,0,0,0,0,0,0,6.2632579803466797,1.5163435935974121,nan,nan,nan,nan,-0.44178751111030579,-0.098174996674060822,0,0,34,34,0,0,1,1,10.015901000000049,0.015901000000049237
63,0.63005372000000004,SESSION_BRAKE_CAPTURE,0,0,0,0,0,0,6.2636418342590332,1.5163435935974121,nan,nan,nan,nan,0.34361249208450317,-0.22089375555515289,0,0,34,34,0,0,1,1,9.9844270000000179,0.015572999999982073
64,0.64022954799999998,SESSION_BRAKE_CAPTURE,0,0,0,0,0,0,6.2634501457214355,1.5161517858505249,nan,nan,nan,nan,-0.024543749168515205,-0.4908750057220459,0,0,34,34,0,0,1,1,10.175827999999942,0.17582799999994236
65,0.65016351400000005,SESSION_BRAKE_CAPTURE,0,0,0,0,0,0,6.2632579803466797,1.5165352821350098,nan,nan,nan,nan,-0.44178751111030579,0.098174996674060822,0,0,34,34,0,0,1,1,9.9339660000000727,0.066033999999927318
66,0.66020379299999998,SESSION_BRAKE_CAPTURE,0,0,0,0,0,0,6.2632579803466797,1.5163435935974121,nan,nan,nan,nan,-0.39269998669624329,-0.24543750286102295,0,0,34,34,0,0,1,1,10.040278999999931,0.040278999999930676
67,0.67019242099999998,SESSION_BRAKE_CAPTURE,0,0,0,0,0,0,6.2634501457214355,1.5163435935974121,nan,nan,nan,nan,-0.073631249368190765,-0.098174996674060822,0,0,34,34,0,0,1,1,9.9886279999999985,0.011372000000001492
68,0.68026136999999998,SESSION_BRAKE_CAPTURE,0,0,0,0,0,0,6.2636418342590332,1.5161517858505249,nan,nan,nan,nan,0.24543750286102295,-0.41724374890327454,0,0,34,34,0,0,1,1,10.068948999999993,0.068948999999992822
69,0.69005544600000002,SESSION_BRAKE_CAPTURE,0,0,0,0,0,0,6.2632579803466797,1.5165352821350098,nan,nan,nan,nan,-0.46633124351501465,0.22089375555515289,0,0,34,34,0,0,1,1,9.7940760000000395,0.20592399999996047
70,0.70025563599999996,SESSION_BRAKE_CAPTURE,0,0,0,0,0,0,6.2636418342590332,1.5165352821350098,nan,nan,nan,nan,0.24543750286102295,0.17180624604225159,0,0,34,34,0,0,1,1,10.200189999999942,0.20018999999994236
71,0.71015885000000001,SESSION_BRAKE_CAPTURE,0,0,0,0,0,0,6.2632579803466797,1.5163435935974121,nan,nan,nan,nan,-0.41724374890327454,-0.14726249873638153,0,0,34,34,0,0,1,1,9.9032140000000481,0.096785999999951855
72,0.72017905000000004,SESSION_BRAKE_CAPTURE,0,0,0,0,0,0,6.2634501457214355,1.5161517858505249,nan,nan,nan,nan,-0.024543749168515205,-0.53996247053146362,0,0,34,34,0,0,1,1,10.020200000000035,0.020200000000034635
73,0.73019494500000004,SESSION_BRAKE_CAPTURE,0,0,0,0,0,0,6.2634501457214355,1.5165352821350098,nan,nan,nan,nan,-0.19634999334812164,0.12271875143051147,0,0,34,34,0,0,1,1,10.015894999999997,0.015894999999996884
74,0.74005703,SESSION_BRAKE_CAPTURE,0,0,0,0,0,0,6.2634501457214355,1.5163435935974121,nan,nan,nan,nan,-0.098174996674060822,-0.53996247053146362,0,0,34,34,0,0,1,1,9.8620849999999649,0.13791500000003509
75,0.75005553700000005,SESSION_BRAKE_CAPTURE,0,0,0,0,0,0,6.2632579803466797,1.5165352821350098,nan,nan,nan,nan,-0.098174996674060822,0.26998123526573181,0,0,34,34,0,0,1,1,9.9985070000000462,0.0014929999999537813
76,0.76017822099999999,SESSION_BRAKE_CAPTURE,0,0,0,0,0,0,6.2636418342590332,1.5165352821350098,nan,nan,nan,nan,0.34361249208450317,0.14726249873638153,0,0,34,34,0,0,1,1,10.122683999999937,0.1226839999999374
77,0.770179163,SESSION_BRAKE_CAPTURE,0,0,0,0,0,0,6.2634501457214355,1.5165352821350098,nan,nan,nan,nan,-0.073631249368190765,0.098174996674060822,0,0,34,34,0,0,1,1,10.000942000000013,0.00094200000001265494
78,0.78029066899999999,SESSION_BRAKE_CAPTURE,0,0,0,0,0,0,6.2634501457214355,1.5163435935974121,nan,nan,nan,nan,0,-0.24543750286102295,0,0,34,34,0,0,1,1,10.111505999999991,0.11150599999999145
79,0.79019134899999999,SESSION_BRAKE_CAPTURE,0,0,0,0,0,0,6.2634501457214355,1.5163435935974121,nan,nan,nan,nan,-0.073631249368190765,-0.098174996674060822,0,0,34,34,0,0,1,1,9.9006799999999942,0.099320000000005848
80,0.80025743199999999,SESSION_BRAKE_CAPTURE,0,0,0,0,0,0,6.2634501457214355,1.5165352821350098,nan,nan,nan,nan,-0.19634999334812164,0.17180624604225159,0,0,34,34,0,0,1,1,10.066083000000003,0.066083000000002556
81,0.81017665699999997,SESSION_BRAKE_CAPTURE,0,0,0,0,0,0,6.2632579803466797,1.5165352821350098,nan,nan,nan,nan,-0.073631249368190765,0.26998123526573181,0,0,34,34,0,0,1,1,9.919224999999976,0.080775000000024022
82,0.82023427999999998,SESSION_BRAKE_CAPTURE,0,0,0,0,0,0,6.2632579803466797,1.5161517858505249,nan,nan,nan,nan,-0.46633124351501465,-0.44178751111030579,0,0,34,34,0,0,1,1,10.057623000000016,0.057623000000015523
83,0.83016682799999997,SESSION_BRAKE_CAPTURE,0,0,0,0,0,0,6.2634501457214355,1.5161517858505249,nan,nan,nan,nan,-0.41724374890327454,-0.58904999494552612,0,0,34,34,0,0,1,1,9.9325479999999864,0.067452000000013612
84,0.84005438399999999,SESSION_BRAKE_CAPTURE,0,0,0,0,0,0,6.2634501457214355,1.5163435935974121,nan,nan,nan,nan,-0.049087498337030411,-0.22089375555515289,0,0,34,34,0,0,1,1,9.8875560000000196,0.11244399999998045
85,0.85016058000000005,SESSION_BRAKE_CAPTURE,0,0,0,0,0,0,6.2634501457214355,1.5163435935974121,nan,nan,nan,nan,0,-0.24543750286102295,0,0,34,34,0,0,1,1,10.106196000000068,0.10619600000006812
86,0.86022716099999996,SESSION_BRAKE_CAPTURE,0,0,0,0,0,0,6.2634501457214355,1.5163435935974121,nan,nan,nan,nan,-0.049087498337030411,-0.24543750286102295,0,0,34,34,0,0,1,1,10.066580999999907,0.066580999999906965
87,0.87005562599999997,SESSION_BRAKE_CAPTURE,0,0,0,0,0,0,6.2634501457214355,1.5165352821350098,nan,nan,nan,nan,-0.098174996674060822,0.14726249873638153,0,0,34,34,0,0,1,1,9.8284650000000084,0.17153499999999156
88,0.88024929399999996,SESSION_BRAKE_CAPTURE,0,0,0,0,0,0,6.2634501457214355,1.5165352821350098,nan,nan,nan,nan,0,0.14726249873638153,0,0,34,34,0,0,1,1,10.193667999999988,0.19366799999998818
89,0.89005437899999995,SESSION_BRAKE_CAPTURE,0,0,0,0,0,0,6.2634501457214355,1.5165352821350098,nan,nan,nan,nan,-0.098174996674060822,0.12271875143051147,0,0,34,34,0,0,1,1,9.8050849999999912,0.19491500000000883
90,0.90017615200000001,SESSION_BRAKE_CAPTURE,0,0,0,0,0,0,6.2634501457214355,1.5165352821350098,nan,nan,nan,nan,-0.024543749168515205,0.22089375555515289,0,0,34,34,0,0,1,1,10.121773000000056,0.12177300000005609
91,0.91016213300000004,SESSION_BRAKE_CAPTURE,0,0,0,0,0,0,6.2634501457214355,1.5165352821350098,nan,nan,nan,nan,-0.073631249368190765,0.12271875143051147,0,0,34,34,0,0,1,1,9.9859810000000326,0.014018999999967363
92,0.92022752200000002,SESSION_BRAKE_CAPTURE,0,0,0,0,0,0,6.2634501457214355,1.5165352821350098,nan,nan,nan,nan,-0.12271875143051147,0.19634999334812164,0,0,34,34,0,0,1,1,10.06538899999998,0.065388999999980157
93,0.93016151700000005,SESSION_BRAKE_CAPTURE,0,0,0,0,0,0,6.2634501457214355,1.5165352821350098,nan,nan,nan,nan,-0.098174996674060822,0.14726249873638153,0,0,34,34,0,0,1,1,9.9339950000000279,0.066004999999972114
94,0.94005377400000001,SESSION_BRAKE_CAPTURE,0,0,0,0,0,0,6.2634501457214355,1.5165352821350098,nan,nan,nan,nan,-0.024543749168515205,0.17180624604225159,0,0,34,34,0,0,1,1,9.8922569999999599,0.10774300000004011
95,0.95005535699999999,SESSION_BRAKE_CAPTURE,0,0,0,0,0,0,6.2636418342590332,1.5165352821350098,nan,nan,nan,nan,-0.41724374890327454,0.17180624604225159,0,0,34,34,0,0,1,1,10.001582999999981,0.0015829999999805722
96,0.96017145800000003,SESSION_BRAKE_CAPTURE,0,0,0,0,0,0,6.2632579803466797,1.5163435935974121,nan,nan,nan,nan,-0.39269998669624329,-0.098174996674060822,0,0,34,34,0,0,1,1,10.116101000000043,0.11610100000004309
97,0.97016615299999998,SESSION_BRAKE_CAPTURE,0,0,0,0,0,0,6.2636418342590332,1.5163435935974121,nan,nan,nan,nan,0.22089375555515289,-0.61359375715255737,0,0,34,34,0,0,1,1,9.9946949999999433,0.0053050000000567366
98,0.980231187,SESSION_BRAKE_CAPTURE,0,0,0,0,0,0,6.2634501457214355,1.5165352821350098,nan,nan,nan,nan,-0.024543749168515205,0.24543750286102295,0,0,34,34,0,0,1,1,10.065034000000029,0.065034000000029124
99,0.99005652099999997,SESSION_BRAKE_CAPTURE,0,0,0,0,0,0,6.2634501457214355,1.5163435935974121,nan,nan,nan,nan,-0.049087498337030411,-0.19634999334812164,0,0,34,34,0,0,1,1,9.8253339999999625,0.17466600000003751
100,0.99187584600000001,DUAL_CURRENT_HOLD,1,1,6.2634501457214355,1.5163435935974121,-0,0,6.2634501457214355,1.5161517858505249,-0,-3.0301382179939815e-05,-1.5150691089969908e-05,3.0301382179939815e-05,-0.098174996674060822,-0.53996247053146362,0,0,34,34,0,0,1,1,1.8193250000000383,8.1806749999999617
101,1.0020197040000001,DUAL_CURRENT_HOLD,1,1,6.2634501457214355,1.5163435935974121,-0,0,6.2636418342590332,1.5165352821350098,-3.0282549748504178e-05,3.0282549748504178e-05,0,-6.0565099497008357e-05,0.049087498337030411,-0.098174996674060822,0.00390625,0,34,34,0,0,1,1,10.143858000000062,0.14385800000006199
102,1.011928787,DUAL_CURRENT_HOLD,1,1,6.2634501457214355,1.5163435935974121,-0,0,6.2634501457214355,1.5165352821350098,-0,3.0282549748504178e-05,1.5141274874252089e-05,-3.0282549748504178e-05,-0.4908750057220459,-0.024543749168515205,0,0,34,34,0,0,1,1,9.9090829999999297,0.090917000000070303
103,1.02193632,DUAL_CURRENT_HOLD,1,1,6.2634501457214355,1.5163435935974121,-0,0,6.2638335227966309,1.5165352821350098,-6.0565099497008357e-05,3.0282549748504178e-05,-1.5141274874252089e-05,-9.0847649245512542e-05,0.29452499747276306,0.073631249368190765,0,0.0078125,34,34,0,0,1,1,10.007533000000013,0.0075330000000128905
104,1.031929297,DUAL_CURRENT_HOLD,1,1,6.2634501457214355,1.5163435935974121,-0,0,6.2636418342590332,1.5163435935974121,-3.0282549748504178e-05,0,-1.5141274874252089e-05,-3.0282549748504178e-05,-0.049087498337030411,-0.36815625429153442,-0.00390625,0,34,34,0,0,1,1,9.992977000000014,0.0070229999999860127
105,1.041938735,DUAL_CURRENT_HOLD,1,1,6.2634501457214355,1.5163435935974121,-0,0,6.2634501457214355,1.5165352821350098,-0,3.0282549748504178e-05,1.5141274874252089e-05,-3.0282549748504178e-05,-0.36815625429153442,0,0,0.00390625,34,34,0,0,1,1,10.009437999999982,0.0094379999999816278
106,1.0519282679999999,DUAL_CURRENT_HOLD,1,1,6.2634501457214355,1.5163435935974121,-0,0,6.2634501457214355,1.5163435935974121,-0,0,0,-0,-0.22089375555515289,-0.34361249208450317,0,0,34,34,0,0,1,1,9.9895329999999394,0.010467000000060622
107,1.061937744,DUAL_CURRENT_HOLD,1,1,6.2634501457214355,1.5163435935974121,-0,0,6.2636418342590332,1.5165352821350098,-3.0282549748504178e-05,3.0282549748504178e-05,0,-6.0565099497008357e-05,-0.098174996674060822,-0.024543749168515205,0,-0.00390625,34,34,0,0,1,1,10.009476000000017,0.0094760000000171374
108,1.071928024,DUAL_CURRENT_HOLD,1,1,6.2634501457214355,1.5163435935974121,-0,0,6.2636418342590332,1.5165352821350098,-3.0282549748504178e-05,3.0282549748504178e-05,0,-6.0565099497008357e-05,-0.24543750286102295,-0.049087498337030411,0,0,34,34,0,0,1,1,9.990280000000018,0.0097199999999819653
109,1.081938727,DUAL_CURRENT_HOLD,1,1,6.2634501457214355,1.5163435935974121,-0,0,6.2636418342590332,1.5165352821350098,-3.0282549748504178e-05,3.0282549748504178e-05,0,-6.0565099497008357e-05,-0.19634999334812164,0.049087498337030411,0,0,34,34,0,0,1,1,10.010703000000065,0.010703000000065188
110,1.0919281270000001,DUAL_CURRENT_HOLD,1,1,6.2634501457214355,1.5163435935974121,-0,0,6.2636418342590332,1.5165352821350098,-3.0282549748504178e-05,3.0282549748504178e-05,0,-6.0565099497008357e-05,-0.24543750286102295,-0.24543750286102295,0,0,34,34,0,0,1,1,9.9894000000000371,0.010599999999962861
111,1.1019387949999999,DUAL_CURRENT_HOLD,1,1,6.2634501457214355,1.5163435935974121,-0,0,6.2638335227966309,1.516727089881897,-6.0565099497008357e-05,6.0583931928443994e-05,9.4162157178184107e-09,-0.00012114903142545236,0,0.098174996674060822,0,0,34,34,0,0,1,1,10.010667999999834,0.01066799999983381
112,1.1119289160000001,DUAL_CURRENT_HOLD,1,1,6.2634501457214355,1.5163435935974121,-0,0,6.2638335227966309,1.516727089881897,-6.0565099497008357e-05,6.0583931928443994e-05,9.4162157178184107e-09,-0.00012114903142545236,0.098174996674060822,0.14726249873638153,0,0,34,34,0,0,1,1,9.990121000000185,0.009878999999815008
113,1.1220893190000001,DUAL_CURRENT_HOLD,1,1,6.2634501457214355,1.5163435935974121,-0,0,6.2636418342590332,1.5165352821350098,-3.0282549748504178e-05,3.0282549748504178e-05,0,-6.0565099497008357e-05,-0.24543750286102295,0,0,0,34,34,0,0,1,1,10.160402999999985,0.16040299999998453
114,1.1320554359999999,DUAL_CURRENT_HOLD,1,1,6.2634501457214355,1.5163435935974121,-0,0,6.2636418342590332,1.5165352821350098,-3.0282549748504178e-05,3.0282549748504178e-05,0,-6.0565099497008357e-05,-0.34361249208450317,0,0,0,34,34,0,0,1,1,9.96611699999983,0.033883000000169972
115,1.1420460349999999,DUAL_CURRENT_HOLD,1,1,6.2634501457214355,1.5163435935974121,-0,0,6.2636418342590332,1.5165352821350098,-3.0282549748504178e-05,3.0282549748504178e-05,0,-6.0565099497008357e-05,-0.19634999334812164,-0.098174996674060822,0,0,34,34,0,0,1,1,9.9905989999999889,0.0094010000000110949
116,1.152065766,DUAL_CURRENT_HOLD,1,1,6.2634501457214355,1.5163435935974121,-0,0,6.2638335227966309,1.5165352821350098,-6.0565099497008357e-05,3.0282549748504178e-05,-1.5141274874252089e-05,-9.0847649245512542e-05,0.024543749168515205,-0.12271875143051147,0,0,34,34,0,0,1,1,10.019731000000087,0.019731000000087207
117,1.161972472,DUAL_CURRENT_HOLD,1,1,6.2634501457214355,1.5163435935974121,-0,0,6.2636418342590332,1.5165352821350098,-3.0282549748504178e-05,3.0282549748504178e-05,0,-6.0565099497008357e-05,-0.36815625429153442,0,0,0,34,34,0,0,1,1,9.9067059999999874,0.093294000000012645
118,1.172075266,DUAL_CURRENT_HOLD,1,1,6.2634501457214355,1.5163435935974121,-0,0,6.2638335227966309,1.5165352821350098,-6.0565099497008357e-05,3.0282549748504178e-05,-1.5141274874252089e-05,-9.0847649245512542e-05,0.073631249368190765,0,0.00390625,0,34,34,0,0,1,1,10.102794000000026,0.10279400000002603
119,1.18204474,DUAL_CURRENT_HOLD,1,1,6.2634501457214355,1.5163435935974121,-0,0,6.2636418342590332,1.5163435935974121,-3.0282549748504178e-05,0,-1.5141274874252089e-05,-3.0282549748504178e-05,-0.34361249208450317,-0.34361249208450317,-0.00390625,-0.0078125,34,34,0,0,1,1,9.9694740000000337,0.030525999999966302
120,1.1919696339999999,DUAL_CURRENT_HOLD,1,1,6.2634501457214355,1.5163435935974121,-0,0,6.2636418342590332,1.5165352821350098,-3.0282549748504178e-05,3.0282549748504178e-05,0,-6.0565099497008357e-05,-0.24543750286102295,0,0.00390625,-0.00390625,34,34,0,0,1,1,9.9248939999998509,0.075106000000149109
121,1.202042616,DUAL_CURRENT_HOLD,1,1,6.2634501457214355,1.5163435935974121,-0,0,6.2638335227966309,1.5165352821350098,-6.0565099497008357e-05,3.0282549748504178e-05,-1.5141274874252089e-05,-9.0847649245512542e-05,0,0,0,-0.00390625,34,34,0,0,1,1,10.072982000000064,0.072982000000063607
122,1.212072252,DUAL_CURRENT_HOLD,1,1,6.2634501457214355,1.5163435935974121,-0,0,6.2636418342590332,1.5165352821350098,-3.0282549748504178e-05,3.0282549748504178e-05,0,-6.0565099497008357e-05,-0.29452499747276306,-0.024543749168515205,0,0,34,34,0,0,1,1,10.029636000000064,0.029636000000063945
123,1.2220494749999999,DUAL_CURRENT_HOLD,1,1,6.2634501457214355,1.5163435935974121,-0,0,6.2638335227966309,1.5165352821350098,-6.0565099497008357e-05,3.0282549748504178e-05,-1.5141274874252089e-05,-9.0847649245512542e-05,0,-0.098174996674060822,0,-0.0078125,34,34,0,0,1,1,9.977222999999924,0.022777000000075986
124,1.2320419899999999,DUAL_CURRENT_HOLD,1,1,6.2634501457214355,1.5163435935974121,-0,0,6.2636418342590332,1.5165352821350098,-3.0282549748504178e-05,3.0282549748504178e-05,0,-6.0565099497008357e-05,-0.36815625429153442,-0.12271875143051147,0,0,34,34,0,0,1,1,9.9925149999999796,0.007485000000020392
125,1.242030975,DUAL_CURRENT_HOLD,1,1,6.2634501457214355,1.5163435935974121,-0,0,6.2636418342590332,1.5163435935974121,-3.0282549748504178e-05,0,-1.5141274874252089e-05,-3.0282549748504178e-05,-0.39269998669624329,-0.36815625429153442,-0.00390625,0,34,34,0,0,1,1,9.9889850000001168,0.011014999999883202
126,1.2520456390000001,DUAL_CURRENT_HOLD,1,1,6.2634501457214355,1.5163435935974121,-0,0,6.2638335227966309,1.5165352821350098,-6.0565099497008357e-05,3.0282549748504178e-05,-1.5141274874252089e-05,-9.0847649245512542e-05,0,-0.12271875143051147,0,0,34,34,0,0,1,1,10.014664000000062,0.014664000000061961
127,1.2620349209999999,DUAL_CURRENT_HOLD,1,1,6.2634501457214355,1.5163435935974121,-0,0,6.2638335227966309,1.5165352821350098,-6.0565099497008357e-05,3.0282549748504178e-05,-1.5141274874252089e-05,-9.0847649245512542e-05,0.049087498337030411,-0.049087498337030411,0,0,34,34,0,0,1,1,9.9892819999998217,0.010718000000178307
128,1.272071645,DUAL_CURRENT_HOLD,1,1,6.2634501457214355,1.5163435935974121,-0,0,6.2636418342590332,1.5165352821350098,-3.0282549748504178e-05,3.0282549748504178e-05,0,-6.0565099497008357e-05,-0.39269998669624329,-0.098174996674060822,-0.00390625,-0.0078125,34,34,0,0,1,1,10.036724000000108,0.036724000000107893
129,1.281939765,DUAL_CURRENT_HOLD,1,1,6.2634501457214355,1.5163435935974121,-0,0,6.2636418342590332,1.5161517858505249,-3.0282549748504178e-05,-3.0301382179939815e-05,-3.0291965964221997e-05,1.8832431435636821e-08,0.024543749168515205,0,0,-0.00390625,34,34,0,0,1,1,9.8681199999999247,0.13188000000007527
130,1.2919283800000001,DUAL_CURRENT_HOLD,1,1,6.2634501457214355,1.5163435935974121,-0,0,6.2638335227966309,1.5163435935974121,-6.0565099497008357e-05,0,-3.0282549748504178e-05,-6.0565099497008357e-05,-0.24543750286102295,-0.36815625429153442,0,0,34,34,0,0,1,1,9.988615000000145,0.011384999999854983
131,1.301938708,DUAL_CURRENT_HOLD,1,1,6.2634501457214355,1.5163435935974121,-0,0,6.2636418342590332,1.5165352821350098,-3.0282549748504178e-05,3.0282549748504178e-05,0,-6.0565099497008357e-05,-0.26998123526573181,0.049087498337030411,0,0.0078125,34,34,0,0,1,1,10.010327999999902,0.010327999999901749
132,1.311928465,DUAL_CURRENT_HOLD,1,1,6.2634501457214355,1.5163435935974121,-0,0,6.2636418342590332,1.5165352821350098,-3.0282549748504178e-05,3.0282549748504178e-05,0,-6.0565099497008357e-05,-0.29452499747276306,-0.024543749168515205,0,0,34,34,0,0,1,1,9.9897570000000435,0.010242999999956481
133,1.321939786,DUAL_CURRENT_HOLD,1,1,6.2634501457214355,1.5163435935974121,-0,0,6.2638335227966309,1.5165352821350098,-6.0565099497008357e-05,3.0282549748504178e-05,-1.5141274874252089e-05,-9.0847649245512542e-05,0.098174996674060822,-0.22089375555515289,0,0,34,34,0,0,1,1,10.011320999999906,0.011320999999906434
134,1.331930619,DUAL_CURRENT_HOLD,1,1,6.2634501457214355,1.5163435935974121,-0,0,6.2636418342590332,1.5165352821350098,-3.0282549748504178e-05,3.0282549748504178e-05,0,-6.0565099497008357e-05,-0.24543750286102295,-0.17180624604225159,0,0,34,34,0,0,1,1,9.9908330000000323,0.0091669999999677287
135,1.341937755,DUAL_CURRENT_HOLD,1,1,6.2634501457214355,1.5163435935974121,-0,0,6.2636418342590332,1.5165352821350098,-3.0282549748504178e-05,3.0282549748504178e-05,0,-6.0565099497008357e-05,-0.24543750286102295,-0.29452499747276306,0,0,34,34,0,0,1,1,10.007136000000028,0.0071360000000275647
136,1.3519280250000001,DUAL_CURRENT_HOLD,1,1,6.2634501457214355,1.5163435935974121,-0,0,6.2638335227966309,1.5165352821350098,-6.0565099497008357e-05,3.0282549748504178e-05,-1.5141274874252089e-05,-9.0847649245512542e-05,0,-0.24543750286102295,0,0,34,34,0,0,1,1,9.9902700000000788,0.0097299999999211906
137,1.3619437599999999,DUAL_CURRENT_HOLD,1,1,6.2634501457214355,1.5163435935974121,-0,0,6.2638335227966309,1.516727089881897,-6.0565099497008357e-05,6.0583931928443994e-05,9.4162157178184107e-09,-0.00012114903142545236,0.049087498337030411,0.12271875143051147,0,0,34,34,0,0,1,1,10.015734999999859,0.015734999999859056
138,1.3719278290000001,DUAL_CURRENT_HOLD,1,1,6.2634501457214355,1.5163435935974121,-0,0,6.2636418342590332,1.516727089881897,-3.0282549748504178e-05,6.0583931928443994e-05,1.5150691089969908e-05,-9.0866481676948172e-05,-0.29452499747276306,0.073631249368190765,0,0.0078125,34,34,0,0,1,1,9.9840690000001509,0.015930999999849149
139,1.3819455039999999,DUAL_CURRENT_HOLD,1,1,6.2634501457214355,1.5163435935974121,-0,0,6.2636418342590332,1.5169187784194946,-3.0282549748504178e-05,9.0866481676948172e-05,3.0291965964221997e-05,-0.00012114903142545236,-0.24543750286102295,0.24543750286102295,0,0,34,34,0,0,1,1,10.017674999999837,0.017674999999837127
140,1.3919285290000001,DUAL_CURRENT_HOLD,1,1,6.2634501457214355,1.5163435935974121,-0,0,6.2636418342590332,1.5165352821350098,-3.0282549748504178e-05,3.0282549748504178e-05,0,-6.0565099497008357e-05,-0.26998123526573181,-0.073631249368190765,0,-0.00390625,34,34,0,0,1,1,9.9830250000001453,0.016974999999854745
141,1.4019390329999999,DUAL_CURRENT_HOLD,1,1,6.2634501457214355,1.5163435935974121,-0,0,6.2636418342590332,1.5165352821350098,-3.0282549748504178e-05,3.0282549748504178e-05,0,-6.0565099497008357e-05,-0.26998123526573181,-0.049087498337030411,0,-0.00390625,34,34,0,0,1,1,10.010503999999809,0.01050399999980911
142,1.4120477300000001,DUAL_CURRENT_HOLD,1,1,6.2634501457214355,1.5163435935974121,-0,0,6.2636418342590332,1.5165352821350098,-3.0282549748504178e-05,3.0282549748504178e-05,0,-6.0565099497008357e-05,-0.31906875967979431,-0.24543750286102295,0,0,34,34,0,0,1,1,10.108697000000166,0.10869700000016635
143,1.422079364,DUAL_CURRENT_HOLD,1,1,6.2634501457214355,1.5163435935974121,-0,0,6.2636418342590332,1.5165352821350098,-3.0282549748504178e-05,3.0282549748504178e-05,0,-6.0565099497008357e-05,-0.31906875967979431,-0.24543750286102295,0,0,34,34,0,0,1,1,10.031633999999956,0.031633999999955975
144,1.4320649480000001,DUAL_CURRENT_HOLD,1,1,6.2634501457214355,1.5163435935974121,-0,0,6.2634501457214355,1.5165352821350098,-0,3.0282549748504178e-05,1.5141274874252089e-05,-3.0282549748504178e-05,-0.7608562707901001,-0.24543750286102295,0,0,34,34,0,0,1,1,9.9855840000000473,0.014415999999952689
145,1.4420435309999999,DUAL_CURRENT_HOLD,1,1,6.2634501457214355,1.5163435935974121,-0,0,6.2638335227966309,1.5165352821350098,-6.0565099497008357e-05,3.0282549748504178e-05,-1.5141274874252089e-05,-9.0847649245512542e-05,0.049087498337030411,-0.22089375555515289,0,0.0078125,34,34,0,0,1,1,9.9785829999998743,0.021417000000125697
146,1.4521823149999999,DUAL_CURRENT_HOLD,1,1,6.2634501457214355,1.5163435935974121,-0,0,6.2638335227966309,1.5165352821350098,-6.0565099497008357e-05,3.0282549748504178e-05,-1.5141274874252089e-05,-9.0847649245512542e-05,0.073631249368190765,-0.22089375555515289,0,0,34,34,0,0,1,1,10.138784000000012,0.13878400000001179
147,1.462074418,DUAL_CURRENT_HOLD,1,1,6.2634501457214355,1.5163435935974121,-0,0,6.2638335227966309,1.5165352821350098,-6.0565099497008357e-05,3.0282549748504178e-05,-1.5141274874252089e-05,-9.0847649245512542e-05,-0.024543749168515205,-0.26998123526573181,0,0,34,34,0,0,1,1,9.8921030000000965,0.10789699999990354
148,1.4720377069999999,DUAL_CURRENT_HOLD,1,1,6.2634501457214355,1.5163435935974121,-0,0,6.2636418342590332,1.5165352821350098,-3.0282549748504178e-05,3.0282549748504178e-05,0,-6.0565099497008357e-05,-0.29452499747276306,-0.24543750286102295,-0.00390625,0.00390625,34,34,0,0,1,1,9.9632889999998753,0.036711000000124727
149,1.4820707879999999,DUAL_CURRENT_HOLD,1,1,6.2634501457214355,1.5163435935974121,-0,0,6.2638335227966309,1.5165352821350098,-6.0565099497008357e-05,3.0282549748504178e-05,-1.5141274874252089e-05,-9.0847649245512542e-05,0.024543749168515205,-0.24543750286102295,0,-0.00390625,34,34,0,0,1,1,10.033080999999999,0.03308099999999925
150,1.4920669339999999,DUAL_CURRENT_HOLD,1,1,6.2634501457214355,1.5163435935974121,-0,0,6.2636418342590332,1.5165352821350098,-3.0282549748504178e-05,3.0282549748504178e-05,0,-6.0565099497008357e-05,-0.34361249208450317,-0.41724374890327454,0,0,34,34,0,0,1,1,9.9961459999999835,0.0038540000000164554
151,1.50203547,DUAL_CURRENT_HOLD,1,1,6.2634501457214355,1.5163435935974121,-0,0,6.2636418342590332,1.516727089881897,-3.0282549748504178e-05,6.0583931928443994e-05,1.5150691089969908e-05,-9.0866481676948172e-05,-0.24543750286102295,0.073631249368190765,0,0,34,34,0,0,1,1,9.9685360000001388,0.031463999999861159
152,1.5121905120000001,DUAL_CURRENT_HOLD,1,1,6.2634501457214355,1.5163435935974121,-0,0,6.2636418342590332,1.5169187784194946,-3.0282549748504178e-05,9.0866481676948172e-05,3.0291965964221997e-05,-0.00012114903142545236,-0.29452499747276306,0.39269998669624329,0,0,34,34,0,0,1,1,10.155042000000059,0.15504200000005852
153,1.522068481,DUAL_CURRENT_HOLD,1,1,6.2634501457214355,1.5163435935974121,-0,0,6.2636418342590332,1.5165352821350098,-3.0282549748504178e-05,3.0282549748504178e-05,0,-6.0565099497008357e-05,-0.19634999334812164,-0.19634999334812164,0,0,34,34,0,0,1,1,9.8779689999999309,0.12203100000006906
154,1.5319300309999999,DUAL_CURRENT_HOLD,1,1,6.2634501457214355,1.5163435935974121,-0,0,6.2636418342590332,1.5165352821350098,-3.0282549748504178e-05,3.0282549748504178e-05,0,-6.0565099497008357e-05,-0.34361249208450317,-0.17180624604225159,0,0,34,34,0,0,1,1,9.8615499999998857,0.13845000000011431
155,1.541974317,DUAL_CURRENT_HOLD,1,1,6.2634501457214355,1.5163435935974121,-0,0,6.2634501457214355,1.5165352821350098,-0,3.0282549748504178e-05,1.5141274874252089e-05,-3.0282549748504178e-05,-0.58904999494552612,-0.19634999334812164,-0.00390625,0.0078125,34,34,0,0,1,1,10.044286000000069,0.044286000000068881
156,1.552122529,DUAL_CURRENT_HOLD,1,1,6.2634501457214355,1.5163435935974121,-0,0,6.2636418342590332,1.5165352821350098,-3.0282549748504178e-05,3.0282549748504178e-05,0,-6.0565099497008357e-05,-0.31906875967979431,-0.098174996674060822,0,0,34,34,0,0,1,1,10.148212000000045,0.14821200000004531
157,1.5620627460000001,DUAL_CURRENT_HOLD,1,1,6.2634501457214355,1.5163435935974121,-0,0,6.2638335227966309,1.5165352821350098,-6.0565099497008357e-05,3.0282549748504178e-05,-1.5141274874252089e-05,-9.0847649245512542e-05,0.14726249873638153,0,0,0,34,34,0,0,1,1,9.9402170000000289,0.059782999999971054
158,1.5720787860000001,DUAL_CURRENT_HOLD,1,1,6.2634501457214355,1.5163435935974121,-0,0,6.2636418342590332,1.5165352821350098,-3.0282549748504178e-05,3.0282549748504178e-05,0,-6.0565099497008357e-05,-0.22089375555515289,0,0.0078125,0,34,34,0,0,1,1,10.016040000000004,0.016040000000003829
159,1.5819819939999999,DUAL_CURRENT_HOLD,1,1,6.2634501457214355,1.5163435935974121,-0,0,6.2638335227966309,1.5165352821350098,-6.0565099497008357e-05,3.0282549748504178e-05,-1.5141274874252089e-05,-9.0847649245512542e-05,0.049087498337030411,-0.024543749168515205,0,0,34,34,0,0,1,1,9.9032079999998857,0.096792000000114342
160,1.5919619949999999,DUAL_CURRENT_HOLD,1,1,6.2634501457214355,1.5163435935974121,-0,0,6.2636418342590332,1.5165352821350098,-3.0282549748504178e-05,3.0282549748504178e-05,0,-6.0565099497008357e-05,-0.26998123526573181,-0.049087498337030411,0,0,34,34,0,0,1,1,9.9800009999999606,0.019999000000039402
161,1.6020452009999999,DUAL_CURRENT_HOLD,1,1,6.2634501457214355,1.5163435935974121,-0,0,6.2638335227966309,1.5165352821350098,-6.0565099497008357e-05,3.0282549748504178e-05,-1.5141274874252089e-05,-9.0847649245512542e-05,0.073631249368190765,-0.17180624604225159,0,0,34,34,0,0,1,1,10.083206000000011,0.083206000000011215
162,1.6120416310000001,DUAL_CURRENT_HOLD,1,1,6.2634501457214355,1.5163435935974121,-0,0,6.2638335227966309,1.5165352821350098,-6.0565099497008357e-05,3.0282549748504178e-05,-1.5141274874252089e-05,-9.0847649245512542e-05,0.12271875143051147,-0.24543750286102295,0,0.0078125,34,34,0,0,1,1,9.9964300000001671,0.0035699999998328735
163,1.6220723939999999,DUAL_CURRENT_HOLD,1,1,6.2634501457214355,1.5163435935974121,-0,0,6.2638335227966309,1.5165352821350098,-6.0565099497008357e-05,3.0282549748504178e-05,-1.5141274874252089e-05,-9.0847649245512542e-05,0.12271875143051147,-0.24543750286102295,0,0,34,34,0,0,1,1,10.030762999999832,0.030762999999831564
164,1.6320608409999999,DUAL_CURRENT_HOLD,1,1,6.2634501457214355,1.5163435935974121,-0,0,6.2638335227966309,1.5165352821350098,-6.0565099497008357e-05,3.0282549748504178e-05,-1.5141274874252089e-05,-9.0847649245512542e-05,0.12271875143051147,-0.24543750286102295,0,0,34,34,0,0,1,1,9.9884470000000114,0.0115529999999886
165,1.6420333620000001,DUAL_CURRENT_HOLD,1,1,6.2634501457214355,1.5163435935974121,-0,0,6.2636418342590332,1.5165352821350098,-3.0282549748504178e-05,3.0282549748504178e-05,0,-6.0565099497008357e-05,-0.19634999334812164,-0.24543750286102295,0,-0.00390625,34,34,0,0,1,1,9.972521000000123,0.027478999999877018
166,1.6520538789999999,DUAL_CURRENT_HOLD,1,1,6.2634501457214355,1.5163435935974121,-0,0,6.2638335227966309,1.5165352821350098,-6.0565099497008357e-05,3.0282549748504178e-05,-1.5141274874252089e-05,-9.0847649245512542e-05,0.098174996674060822,-0.24543750286102295,0,0,34,34,0,0,1,1,10.02051699999984,0.020516999999840024
167,1.6620043600000001,DUAL_CURRENT_HOLD,1,1,6.2634501457214355,1.5163435935974121,-0,0,6.2636418342590332,1.5165352821350098,-3.0282549748504178e-05,3.0282549748504178e-05,0,-6.0565099497008357e-05,-0.22089375555515289,-0.24543750286102295,0,0,34,34,0,0,1,1,9.9504810000001775,0.049518999999822455
168,1.671929668,DUAL_CURRENT_HOLD,1,1,6.2634501457214355,1.5163435935974121,-0,0,6.2636418342590332,1.5165352821350098,-3.0282549748504178e-05,3.0282549748504178e-05,0,-6.0565099497008357e-05,-0.22089375555515289,-0.049087498337030411,0.0078125,0,34,34,0,0,1,1,9.9253079999999105,0.074692000000089465
169,1.681938256,DUAL_CURRENT_HOLD,1,1,6.2634501457214355,1.5163435935974121,-0,0,6.2636418342590332,1.5165352821350098,-3.0282549748504178e-05,3.0282549748504178e-05,0,-6.0565099497008357e-05,-0.24543750286102295,0,0,0,34,34,0,0,1,1,10.00858800000004,0.0085880000000404522
170,1.6919282950000001,DUAL_CURRENT_HOLD,1,1,6.2634501457214355,1.5163435935974121,-0,0,6.2636418342590332,1.5165352821350098,-3.0282549748504178e-05,3.0282549748504178e-05,0,-6.0565099497008357e-05,-0.36815625429153442,0,0,0.00390625,34,34,0,0,1,1,9.9900390000000616,0.0099609999999383803
171,1.701989091,DUAL_CURRENT_HOLD,1,1,6.2634501457214355,1.5163435935974121,-0,0,6.2638335227966309,1.5165352821350098,-6.0565099497008357e-05,3.0282549748504178e-05,-1.5141274874252089e-05,-9.0847649245512542e-05,0.12271875143051147,-0.17180624604225159,0,0,34,34,0,0,1,1,10.060795999999872,0.060795999999871952
172,1.711928581,DUAL_CURRENT_HOLD,1,1,6.2634501457214355,1.5163435935974121,-0,0,6.2638335227966309,1.5165352821350098,-6.0565099497008357e-05,3.0282549748504178e-05,-1.5141274874252089e-05,-9.0847649245512542e-05,0.12271875143051147,-0.4908750057220459,0,0,34,34,0,0,1,1,9.9394900000000508,0.060509999999949216
173,1.721939755,DUAL_CURRENT_HOLD,1,1,6.2634501457214355,1.5163435935974121,-0,0,6.2636418342590332,1.516727089881897,-3.0282549748504178e-05,6.0583931928443994e-05,1.5150691089969908e-05,-9.0866481676948172e-05,-0.24543750286102295,-0.39269998669624329,0,0,34,34,0,0,1,1,10.011173999999956,0.011173999999956052
174,1.7319469670000001,DUAL_CURRENT_HOLD,1,1,6.2634501457214355,1.5163435935974121,-0,0,6.2636418342590332,1.5165352821350098,-3.0282549748504178e-05,3.0282549748504178e-05,0,-6.0565099497008357e-05,-0.19634999334812164,-0.24543750286102295,0,0,34,34,0,0,1,1,10.007212000000099,0.007212000000098584
175,1.742002939,DUAL_CURRENT_HOLD,1,1,6.2634501457214355,1.5163435935974121,-0,0,6.2636418342590332,1.5165352821350098,-3.0282549748504178e-05,3.0282549748504178e-05,0,-6.0565099497008357e-05,0.12271875143051147,-0.31906875967979431,0,0,34,34,0,0,1,1,10.055971999999969,0.055971999999968602
176,1.751928106,DUAL_CURRENT_HOLD,1,1,6.2634501457214355,1.5163435935974121,-0,0,6.2636418342590332,1.5165352821350098,-3.0282549748504178e-05,3.0282549748504178e-05,0,-6.0565099497008357e-05,-0.24543750286102295,-0.24543750286102295,0.00390625,0,34,34,0,0,1,1,9.9251670000000125,0.074832999999987493
177,1.761983756,DUAL_CURRENT_HOLD,1,1,6.2634501457214355,1.5163435935974121,-0,0,6.2636418342590332,1.5165352821350098,-3.0282549748504178e-05,3.0282549748504178e-05,0,-6.0565099497008357e-05,-0.22089375555515289,-0.24543750286102295,0,0,34,34,0,0,1,1,10.055649999999972,0.055649999999971556
178,1.771945793,DUAL_CURRENT_HOLD,1,1,6.2634501457214355,1.5163435935974121,-0,0,6.2638335227966309,1.5165352821350098,-6.0565099497008357e-05,3.0282549748504178e-05,-1.5141274874252089e-05,-9.0847649245512542e-05,0.12271875143051147,-0.36815625429153442,0,0,34,34,0,0,1,1,9.9620369999999792,0.037963000000020841
179,1.7819563309999999,DUAL_CURRENT_HOLD,1,1,6.2634501457214355,1.5163435935974121,-0,0,6.2636418342590332,1.516727089881897,-3.0282549748504178e-05,6.0583931928443994e-05,1.5150691089969908e-05,-9.0866481676948172e-05,-0.31906875967979431,-0.17180624604225159,0,0,34,34,0,0,1,1,10.010537999999958,0.010537999999957748
180,1.791928674,DUAL_CURRENT_HOLD,1,1,6.2634501457214355,1.5163435935974121,-0,0,6.2638335227966309,1.5165352821350098,-6.0565099497008357e-05,3.0282549748504178e-05,-1.5141274874252089e-05,-9.0847649245512542e-05,0.098174996674060822,-0.24543750286102295,-0.00390625,0.0078125,34,34,0,0,1,1,9.9723430000000501,0.027656999999949861
181,1.80193611,DUAL_CURRENT_HOLD,1,1,6.2634501457214355,1.5163435935974121,-0,0,6.2636418342590332,1.5165352821350098,-3.0282549748504178e-05,3.0282549748504178e-05,0,-6.0565099497008357e-05,-0.24543750286102295,-0.24543750286102295,0.00390625,0,34,34,0,0,1,1,10.007435999999981,0.0074359999999806803
182,1.8119283310000001,DUAL_CURRENT_HOLD,1,1,6.2634501457214355,1.5163435935974121,-0,0,6.2636418342590332,1.5165352821350098,-3.0282549748504178e-05,3.0282549748504178e-05,0,-6.0565099497008357e-05,-0.19634999334812164,-0.4908750057220459,0,0,34,34,0,0,1,1,9.9922210000000788,0.0077789999999211545
183,1.821936394,DUAL_CURRENT_HOLD,1,1,6.2634501457214355,1.5163435935974121,-0,0,6.2636418342590332,1.5165352821350098,-3.0282549748504178e-05,3.0282549748504178e-05,0,-6.0565099497008357e-05,-0.24543750286102295,-0.24543750286102295,0,-0.00390625,34,34,0,0,1,1,10.0080629999999,0.0080629999999004554
184,1.8319298070000001,DUAL_CURRENT_HOLD,1,1,6.2634501457214355,1.5163435935974121,-0,0,6.2638335227966309,1.5165352821350098,-6.0565099497008357e-05,3.0282549748504178e-05,-1.5141274874252089e-05,-9.0847649245512542e-05,0.073631249368190765,-0.24543750286102295,0.00390625,0,34,34,0,0,1,1,9.9934130000001176,0.0065869999998824369
185,1.8419793019999999,DUAL_CURRENT_HOLD,1,1,6.2634501457214355,1.5163435935974121,-0,0,6.2636418342590332,1.5165352821350098,-3.0282549748504178e-05,3.0282549748504178e-05,0,-6.0565099497008357e-05,-0.24543750286102295,0.41724374890327454,0,0,34,34,0,0,1,1,10.049494999999853,0.049494999999852851
186,1.8519285409999999,DUAL_CURRENT_HOLD,1,1,6.2634501457214355,1.5163435935974121,-0,0,6.2638335227966309,1.5169187784194946,-6.0565099497008357e-05,9.0866481676948172e-05,1.5150691089969908e-05,-0.00015143158117395653,0.098174996674060822,0.36815625429153442,0,0,34,34,0,0,1,1,9.9492389999999986,0.050761000000001388
187,1.8620032289999999,DUAL_CURRENT_HOLD,1,1,6.2634501457214355,1.5163435935974121,-0,0,6.2636418342590332,1.5165352821350098,-3.0282549748504178e-05,3.0282549748504178e-05,0,-6.0565099497008357e-05,-0.24543750286102295,-0.24543750286102295,0,0,34,34,0,0,1,1,10.074687999999998,0.074687999999998311
188,1.871945644,DUAL_CURRENT_HOLD,1,1,6.2634501457214355,1.5163435935974121,-0,0,6.2638335227966309,1.5165352821350098,-6.0565099497008357e-05,3.0282549748504178e-05,-1.5141274874252089e-05,-9.0847649245512542e-05,0.073631249368190765,-0.24543750286102295,0,0,34,34,0,0,1,1,9.9424150000000378,0.05758499999996225
189,1.881965828,DUAL_CURRENT_HOLD,1,1,6.2634501457214355,1.5163435935974121,-0,0,6.2638335227966309,1.5165352821350098,-6.0565099497008357e-05,3.0282549748504178e-05,-1.5141274874252089e-05,-9.0847649245512542e-05,0,-0.36815625429153442,-0.00390625,0,34,34,0,0,1,1,10.020184000000043,0.020184000000043056
190,1.891948199,DUAL_CURRENT_HOLD,1,1,6.2634501457214355,1.5163435935974121,-0,0,6.2638335227966309,1.5165352821350098,-6.0565099497008357e-05,3.0282549748504178e-05,-1.5141274874252089e-05,-9.0847649245512542e-05,0.098174996674060822,-0.22089375555515289,0,0,34,34,0,0,1,1,9.9823709999999899,0.017629000000010109
191,1.9019939349999999,DUAL_CURRENT_HOLD,1,1,6.2634501457214355,1.5163435935974121,-0,0,6.2636418342590332,1.516727089881897,-3.0282549748504178e-05,6.0583931928443994e-05,1.5150691089969908e-05,-9.0866481676948172e-05,-0.29452499747276306,0.12271875143051147,0,0.0078125,34,34,0,0,1,1,10.045735999999916,0.045735999999916288
192,1.911947506,DUAL_CURRENT_HOLD,1,1,6.2634501457214355,1.5163435935974121,-0,0,6.2636418342590332,1.5165352821350098,-3.0282549748504178e-05,3.0282549748504178e-05,0,-6.0565099497008357e-05,-0.24543750286102295,-0.24543750286102295,0,0,34,34,0,0,1,1,9.9535710000000499,0.046428999999950094
193,1.9220067919999999,DUAL_CURRENT_HOLD,1,1,6.2634501457214355,1.5163435935974121,-0,0,6.2636418342590332,1.5165352821350098,-3.0282549748504178e-05,3.0282549748504178e-05,0,-6.0565099497008357e-05,-0.24543750286102295,-0.24543750286102295,0,0,34,34,0,0,1,1,10.059285999999945,0.059285999999945105
194,1.931936705,DUAL_CURRENT_HOLD,1,1,6.2634501457214355,1.5163435935974121,-0,0,6.2636418342590332,1.5165352821350098,-3.0282549748504178e-05,3.0282549748504178e-05,0,-6.0565099497008357e-05,-0.26998123526573181,-0.36815625429153442,-0.00390625,0.00390625,34,34,0,0,1,1,9.9299130000001234,0.070086999999876554
195,1.942004176,DUAL_CURRENT_HOLD,1,1,6.2634501457214355,1.5163435935974121,-0,0,6.2636418342590332,1.516727089881897,-3.0282549748504178e-05,6.0583931928443994e-05,1.5150691089969908e-05,-9.0866481676948172e-05,-0.26998123526573181,0,0.00390625,0,34,34,0,0,1,1,10.067470999999939,0.067470999999938996
196,1.95194625,DUAL_CURRENT_HOLD,1,1,6.2634501457214355,1.5163435935974121,-0,0,6.2638335227966309,1.5165352821350098,-6.0565099497008357e-05,3.0282549748504178e-05,-1.5141274874252089e-05,-9.0847649245512542e-05,-0.31906875967979431,-0.24543750286102295,0.00390625,0,34,34,0,0,1,1,9.9420740000000229,0.057925999999977051
197,1.9620090640000001,DUAL_CURRENT_HOLD,1,1,6.2634501457214355,1.5163435935974121,-0,0,6.2636418342590332,1.5165352821350098,-3.0282549748504178e-05,3.0282549748504178e-05,0,-6.0565099497008357e-05,-0.24543750286102295,-0.24543750286102295,0,0,34,34,0,0,1,1,10.062814000000087,0.062814000000086523
198,1.9719460820000001,DUAL_CURRENT_HOLD,1,1,6.2634501457214355,1.5163435935974121,-0,0,6.2638335227966309,1.5165352821350098,-6.0565099497008357e-05,3.0282549748504178e-05,-1.5141274874252089e-05,-9.0847649245512542e-05,0.049087498337030411,-0.26998123526573181,0,0,34,34,0,0,1,1,9.9370180000000197,0.062981999999980331
199,1.981982495,DUAL_CURRENT_HOLD,1,1,6.2634501457214355,1.5163435935974121,-0,0,6.2636418342590332,1.516727089881897,-3.0282549748504178e-05,6.0583931928443994e-05,1.5150691089969908e-05,-9.0866481676948172e-05,-0.24543750286102295,0.26998123526573181,0,0,34,34,0,0,1,1,10.036412999999911,0.036412999999910767
200,1.9919485370000001,DUAL_CURRENT_HOLD,1,1,6.2634501457214355,1.5163435935974121,-0,0,6.2636418342590332,1.5165352821350098,-3.0282549748504178e-05,3.0282549748504178e-05,0,-6.0565099497008357e-05,-0.22089375555515289,-0.22089375555515289,0.00390625,0,34,34,0,0,1,1,9.9660420000000638,0.033957999999936206
201,2.0020037020000001,DUAL_CURRENT_HOLD,1,1,6.2634501457214355,1.5163435935974121,-0,0,6.2638335227966309,1.5165352821350098,-6.0565099497008357e-05,3.0282549748504178e-05,-1.5141274874252089e-05,-9.0847649245512542e-05,0.17180624604225159,-0.22089375555515289,0,0.00390625,34,34,0,0,1,1,10.055165000000033,0.055165000000032549
202,2.0119507790000002,DUAL_CURRENT_HOLD,1,1,6.2634501457214355,1.5163435935974121,-0,0,6.2636418342590332,1.516727089881897,-3.0282549748504178e-05,6.0583931928443994e-05,1.5150691089969908e-05,-9.0866481676948172e-05,-0.14726249873638153,0.12271875143051147,0.00390625,0,34,34,0,0,1,1,9.9470770000000819,0.052922999999918119
203,2.0220079339999999,DUAL_CURRENT_HOLD,1,1,6.2634501457214355,1.5163435935974121,-0,0,6.2636418342590332,1.5165352821350098,-3.0282549748504178e-05,3.0282549748504178e-05,0,-6.0565099497008357e-05,-0.24543750286102295,0.19634999334812164,0,0,34,34,0,0,1,1,10.057154999999707,0.057154999999706746
204,2.0319559040000001,DUAL_CURRENT_HOLD,1,1,6.2634501457214355,1.5163435935974121,-0,0,6.2636418342590332,1.5169187784194946,-3.0282549748504178e-05,9.0866481676948172e-05,3.0291965964221997e-05,-0.00012114903142545236,-0.24543750286102295,0.12271875143051147,0,-0.0078125,34,34,0,0,1,1,9.9479700000002502,0.052029999999749776
205,2.0420084169999999,DUAL_CURRENT_HOLD,1,1,6.2634501457214355,1.5163435935974121,-0,0,6.2638335227966309,1.5165352821350098,-6.0565099497008357e-05,3.0282549748504178e-05,-1.5141274874252089e-05,-9.0847649245512542e-05,0.12271875143051147,-0.24543750286102295,0,0,34,34,0,0,1,1,10.052512999999763,0.05251299999976311
206,2.0519464840000001,DUAL_CURRENT_HOLD,1,1,6.2634501457214355,1.5163435935974121,-0,0,6.2640252113342285,1.5165352821350098,-9.0847649245512528e-05,3.0282549748504178e-05,-3.0282549748504175e-05,-0.00012113019899401671,0.34361249208450317,-0.24543750286102295,0,0,34,34,0,0,1,1,9.9380670000002169,0.061932999999783078
207,2.0620037080000002,DUAL_CURRENT_HOLD,1,1,6.2634501457214355,1.5163435935974121,-0,0,6.2638335227966309,1.516727089881897,-6.0565099497008357e-05,6.0583931928443994e-05,9.4162157178184107e-09,-0.00012114903142545236,0.049087498337030411,0.049087498337030411,0,0.00390625,34,34,0,0,1,1,10.057224000000087,0.057224000000086761
208,2.0719457430000001,DUAL_CURRENT_HOLD,1,1,6.2634501457214355,1.5163435935974121,-0,0,6.2636418342590332,1.516727089881897,-3.0282549748504178e-05,6.0583931928443994e-05,1.5150691089969908e-05,-9.0866481676948172e-05,-0.34361249208450317,-0.19634999334812164,0,-0.00390625,34,34,0,0,1,1,9.9420349999999047,0.057965000000095301
209,2.0819939249999999,DUAL_CURRENT_HOLD,1,1,6.2634501457214355,1.5163435935974121,-0,0,6.2638335227966309,1.516727089881897,-6.0565099497008357e-05,6.0583931928443994e-05,9.4162157178184107e-09,-0.00012114903142545236,0.12271875143051147,-0.073631249368190765,-0.00390625,0,34,34,0,0,1,1,10.048181999999795,0.048181999999794556
210,2.0919499199999998,DUAL_CURRENT_HOLD,1,1,6.2634501457214355,1.5163435935974121,-0,0,6.2636418342590332,1.5165352821350098,-3.0282549748504178e-05,3.0282549748504178e-05,0,-6.0565099497008357e-05,-0.24543750286102295,-0.22089375555515289,0,0,34,34,0,0,1,1,9.9559949999998842,0.044005000000115757
211,2.102010929,DUAL_CURRENT_HOLD,1,1,6.2634501457214355,1.5163435935974121,-0,0,6.2638335227966309,1.5165352821350098,-6.0565099497008357e-05,3.0282549748504178e-05,-1.5141274874252089e-05,-9.0847649245512542e-05,0,-0.24543750286102295,0,0.0078125,34,34,0,0,1,1,10.061009000000176,0.061009000000176172
212,2.111949949,DUAL_CURRENT_HOLD,1,1,6.2634501457214355,1.5163435935974121,-0,0,6.2634501457214355,1.5165352821350098,-0,3.0282549748504178e-05,1.5141274874252089e-05,-3.0282549748504178e-05,-0.58904999494552612,-0.39269998669624329,0,0,34,34,0,0,1,1,9.9390200000000206,0.060979999999979384
213,2.1219788849999999,DUAL_CURRENT_HOLD,1,1,6.2634501457214355,1.5163435935974121,-0,0,6.2636418342590332,1.5165352821350098,-3.0282549748504178e-05,3.0282549748504178e-05,0,-6.0565099497008357e-05,-0.29452499747276306,-0.36815625429153442,0,0,34,34,0,0,1,1,10.028935999999877,0.028935999999877282
214,2.131962299,DUAL_CURRENT_HOLD,1,1,6.2634501457214355,1.5163435935974121,-0,0,6.2636418342590332,1.516727089881897,-3.0282549748504178e-05,6.0583931928443994e-05,1.5150691089969908e-05,-9.0866481676948172e-05,-0.29452499747276306,-0.049087498337030411,0,0,34,34,0,0,1,1,9.9834140000001348,0.016585999999865209
215,2.1420079699999999,DUAL_CURRENT_HOLD,1,1,6.2634501457214355,1.5163435935974121,-0,0,6.2638335227966309,1.5165352821350098,-6.0565099497008357e-05,3.0282549748504178e-05,-1.5141274874252089e-05,-9.0847649245512542e-05,0,-0.29452499747276306,0.00390625,0.0078125,34,34,0,0,1,1,10.045670999999867,0.045670999999867234
216,2.1519461259999999,DUAL_CURRENT_HOLD,1,1,6.2634501457214355,1.5163435935974121,-0,0,6.2638335227966309,1.5165352821350098,-6.0565099497008357e-05,3.0282549748504178e-05,-1.5141274874252089e-05,-9.0847649245512542e-05,0.073631249368190765,-0.14726249873638153,0.00390625,-0.00390625,34,34,0,0,1,1,9.9381560000000313,0.061843999999968702
217,2.1619406379999999,DUAL_CURRENT_HOLD,1,1,6.2634501457214355,1.5163435935974121,-0,0,6.2636418342590332,1.5165352821350098,-3.0282549748504178e-05,3.0282549748504178e-05,0,-6.0565099497008357e-05,-0.24543750286102295,-0.26998123526573181,-0.00390625,0,34,34,0,0,1,1,9.9945120000000109,0.0054879999999890572
218,2.1719484059999998,DUAL_CURRENT_HOLD,1,1,6.2634501457214355,1.5163435935974121,-0,0,6.2636418342590332,1.5165352821350098,-3.0282549748504178e-05,3.0282549748504178e-05,0,-6.0565099497008357e-05,-0.39269998669624329,-0.24543750286102295,-0.00390625,-0.00390625,34,34,0,0,1,1,10.007767999999917,0.0077679999999169524
219,2.1820503539999998,DUAL_CURRENT_HOLD,1,1,6.2634501457214355,1.5163435935974121,-0,0,6.2638335227966309,1.5165352821350098,-6.0565099497008357e-05,3.0282549748504178e-05,-1.5141274874252089e-05,-9.0847649245512542e-05,0.098174996674060822,-0.34361249208450317,0.00390625,0,34,34,0,0,1,1,10.101947999999972,0.10194799999997173
220,2.1919488469999999,DUAL_CURRENT_HOLD,1,1,6.2634501457214355,1.5163435935974121,-0,0,6.2638335227966309,1.5165352821350098,-6.0565099497008357e-05,3.0282549748504178e-05,-1.5141274874252089e-05,-9.0847649245512542e-05,0.024543749168515205,-0.24543750286102295,0,0,34,34,0,0,1,1,9.8984930000001192,0.10150699999988078
221,2.2019958690000001,DUAL_CURRENT_HOLD,1,1,6.2634501457214355,1.5163435935974121,-0,0,6.2640252113342285,1.5165352821350098,-9.0847649245512528e-05,3.0282549748504178e-05,-3.0282549748504175e-05,-0.00012113019899401671,0.26998123526573181,-0.24543750286102295,-0.0078125,0.0078125,34,34,0,0,1,1,10.047022000000183,0.047022000000183084
222,2.2119470049999999,DUAL_CURRENT_HOLD,1,1,6.2634501457214355,1.5163435935974121,-0,0,6.2638335227966309,1.5165352821350098,-6.0565099497008357e-05,3.0282549748504178e-05,-1.5141274874252089e-05,-9.0847649245512542e-05,-0.073631249368190765,-0.24543750286102295,0,0,34,34,0,0,1,1,9.9511359999997495,0.048864000000250485
223,2.2219927199999998,DUAL_CURRENT_HOLD,1,1,6.2634501457214355,1.5163435935974121,-0,0,6.2638335227966309,1.5165352821350098,-6.0565099497008357e-05,3.0282549748504178e-05,-1.5141274874252089e-05,-9.0847649245512542e-05,0,-0.24543750286102295,0,-0.00390625,34,34,0,0,1,1,10.045714999999955,0.045714999999955097
224,2.2319630419999998,DUAL_CURRENT_HOLD,1,1,6.2634501457214355,1.5163435935974121,-0,0,6.2636418342590332,1.5165352821350098,-3.0282549748504178e-05,3.0282549748504178e-05,0,-6.0565099497008357e-05,-0.22089375555515289,-0.24543750286102295,0.00390625,0,34,34,0,0,1,1,9.9703220000000314,0.029677999999968563
225,2.2419402819999998,DUAL_CURRENT_HOLD,1,1,6.2634501457214355,1.5163435935974121,-0,0,6.2636418342590332,1.516727089881897,-3.0282549748504178e-05,6.0583931928443994e-05,1.5150691089969908e-05,-9.0866481676948172e-05,-0.36815625429153442,0,-0.00390625,0,34,34,0,0,1,1,9.9772399999999983,0.022760000000001668
226,2.2519460919999998,DUAL_CURRENT_HOLD,1,1,6.2634501457214355,1.5163435935974121,-0,0,6.2640252113342285,1.5165352821350098,-9.0847649245512528e-05,3.0282549748504178e-05,-3.0282549748504175e-05,-0.00012113019899401671,0.34361249208450317,-0.19634999334812164,0,0,34,34,0,0,1,1,10.005810000000004,0.0058100000000038676
227,2.2619277160000002,DUAL_CURRENT_HOLD,1,1,6.2634501457214355,1.5163435935974121,-0,0,6.2636418342590332,1.516727089881897,-3.0282549748504178e-05,6.0583931928443994e-05,1.5150691089969908e-05,-9.0866481676948172e-05,-0.46633124351501465,0.024543749168515205,0,-0.00390625,34,34,0,0,1,1,9.9816240000003553,0.018375999999644677
228,2.271945756,DUAL_CURRENT_HOLD,1,1,6.2634501457214355,1.5163435935974121,-0,0,6.2636418342590332,1.5169187784194946,-3.0282549748504178e-05,9.0866481676948172e-05,3.0291965964221997e-05,-0.00012114903142545236,-0.24543750286102295,0.12271875143051147,0,-0.0078125,34,34,0,0,1,1,10.018039999999839,0.018039999999839296
229,2.2819392070000002,DUAL_CURRENT_HOLD,1,1,6.2634501457214355,1.5163435935974121,-0,0,6.2636418342590332,1.5165352821350098,-3.0282549748504178e-05,3.0282549748504178e-05,0,-6.0565099497008357e-05,-0.34361249208450317,-0.24543750286102295,0,-0.00390625,34,34,0,0,1,1,9.9934510000001531,0.0065489999998469273
230,2.2919475679999999,DUAL_CURRENT_HOLD,1,1,6.2634501457214355,1.5163435935974121,-0,0,6.2636418342590332,1.5165352821350098,-3.0282549748504178e-05,3.0282549748504178e-05,0,-6.0565099497008357e-05,-0.34361249208450317,-0.073631249368190765,0,0,34,34,0,0,1,1,10.008360999999688,0.0083609999996880902
231,2.3020068849999999,DUAL_CURRENT_HOLD,1,1,6.2634501457214355,1.5163435935974121,-0,0,6.2638335227966309,1.5165352821350098,-6.0565099497008357e-05,3.0282549748504178e-05,-1.5141274874252089e-05,-9.0847649245512542e-05,0.073631249368190765,-0.22089375555515289,0,0,34,34,0,0,1,1,10.059317000000068,0.059317000000067566
232,2.31195196,DUAL_CURRENT_HOLD,1,1,6.2634501457214355,1.5163435935974121,-0,0,6.2636418342590332,1.5165352821350098,-3.0282549748504178e-05,3.0282549748504178e-05,0,-6.0565099497008357e-05,-0.44178751111030579,-0.26998123526573181,0,0,34,34,0,0,1,1,9.9450750000000809,0.054924999999919066
233,2.3219922670000002,DUAL_CURRENT_HOLD,1,1,6.2634501457214355,1.5163435935974121,-0,0,6.2634501457214355,1.516727089881897,-0,6.0583931928443994e-05,3.0291965964221997e-05,-6.0583931928443994e-05,-0.63813751935958862,-0.17180624604225159,0,0,34,34,0,0,1,1,10.040307000000137,0.040307000000137094
234,2.3319594669999999,DUAL_CURRENT_HOLD,1,1,6.2634501457214355,1.5163435935974121,-0,0,6.2636418342590332,1.5169187784194946,-3.0282549748504178e-05,9.0866481676948172e-05,3.0291965964221997e-05,-0.00012114903142545236,-0.24543750286102295,0.22089375555515289,0,0,34,34,0,0,1,1,9.9671999999997318,0.03280000000026817
235,2.3420059489999998,DUAL_CURRENT_HOLD,1,1,6.2634501457214355,1.5163435935974121,-0,0,6.2636418342590332,1.5165352821350098,-3.0282549748504178e-05,3.0282549748504178e-05,0,-6.0565099497008357e-05,-0.26998123526573181,-0.24543750286102295,0,0.00390625,34,34,0,0,1,1,10.046481999999912,0.046481999999912205
236,2.351945459,DUAL_CURRENT_HOLD,1,1,6.2634501457214355,1.5163435935974121,-0,0,6.2638335227966309,1.5165352821350098,-6.0565099497008357e-05,3.0282549748504178e-05,-1.5141274874252089e-05,-9.0847649245512542e-05,0,-0.26998123526573181,0,0,34,34,0,0,1,1,9.9395100000001513,0.06048999999984872
237,2.3619886239999999,DUAL_CURRENT_HOLD,1,1,6.2634501457214355,1.5163435935974121,-0,0,6.2636418342590332,1.516727089881897,-3.0282549748504178e-05,6.0583931928443994e-05,1.5150691089969908e-05,-9.0866481676948172e-05,-0.29452499747276306,-0.24543750286102295,0,0,34,34,0,0,1,1,10.04316499999991,0.043164999999909526
238,2.3719447140000001,DUAL_CURRENT_HOLD,1,1,6.2634501457214355,1.5163435935974121,-0,0,6.2636418342590332,1.5165352821350098,-3.0282549748504178e-05,3.0282549748504178e-05,0,-6.0565099497008357e-05,-0.24543750286102295,-0.39269998669624329,0,0,34,34,0,0,1,1,9.9560900000001951,0.043909999999804938
239,2.3819887890000002,DUAL_CURRENT_HOLD,1,1,6.2634501457214355,1.5163435935974121,-0,0,6.2636418342590332,1.5165352821350098,-3.0282549748504178e-05,3.0282549748504178e-05,0,-6.0565099497008357e-05,-0.24543750286102295,-0.24543750286102295,0,0,34,34,0,0,1,1,10.044075000000152,0.044075000000152187
240,2.3919493790000002,DUAL_CURRENT_HOLD,1,1,6.2634501457214355,1.5163435935974121,-0,0,6.2636418342590332,1.5165352821350098,-3.0282549748504178e-05,3.0282549748504178e-05,0,-6.0565099497008357e-05,-0.24543750286102295,-0.24543750286102295,0,0,34,34,0,0,1,1,9.9605899999999359,0.039410000000064116
241,2.4020050240000002,DUAL_CURRENT_HOLD,1,1,6.2634501457214355,1.5163435935974121,-0,0,6.2636418342590332,1.5163435935974121,-3.0282549748504178e-05,0,-1.5141274874252089e-05,-3.0282549748504178e-05,-0.19634999334812164,-0.58904999494552612,0.00390625,0,34,34,0,0,1,1,10.055645000000002,0.055645000000001943
242,2.4119500920000001,DUAL_CURRENT_HOLD,1,1,6.2634501457214355,1.5163435935974121,-0,0,6.2636418342590332,1.5165352821350098,-3.0282549748504178e-05,3.0282549748504178e-05,0,-6.0565099497008357e-05,-0.34361249208450317,-0.24543750286102295,0.00390625,0,34,34,0,0,1,1,9.9450679999999458,0.05493200000005416
243,2.4220117229999998,DUAL_CURRENT_HOLD,1,1,6.2634501457214355,1.5163435935974121,-0,0,6.2636418342590332,1.5165352821350098,-3.0282549748504178e-05,3.0282549748504178e-05,0,-6.0565099497008357e-05,-0.29452499747276306,-0.46633124351501465,0,0,34,34,0,0,1,1,10.061630999999682,0.061630999999682246
244,2.4319567910000002,DUAL_CURRENT_HOLD,1,1,6.2634501457214355,1.5163435935974121,-0,0,6.2636418342590332,1.516727089881897,-3.0282549748504178e-05,6.0583931928443994e-05,1.5150691089969908e-05,-9.0866481676948172e-05,-0.22089375555515289,-0.098174996674060822,0,0.00390625,34,34,0,0,1,1,9.9450680000003899,0.054931999999610071
245,2.4420136160000001,DUAL_CURRENT_HOLD,1,1,6.2634501457214355,1.5163435935974121,-0,0,6.2638335227966309,1.5165352821350098,-6.0565099497008357e-05,3.0282549748504178e-05,-1.5141274874252089e-05,-9.0847649245512542e-05,0.12271875143051147,-0.34361249208450317,-0.00390625,0,34,34,0,0,1,1,10.056824999999936,0.056824999999935955
246,2.4519476390000001,DUAL_CURRENT_HOLD,1,1,6.2634501457214355,1.5163435935974121,-0,0,6.2638335227966309,1.516727089881897,-6.0565099497008357e-05,6.0583931928443994e-05,9.4162157178184107e-09,-0.00012114903142545236,0.098174996674060822,-0.22089375555515289,0,0,34,34,0,0,1,1,9.934023000000014,0.065976999999985964
247,2.4619830170000001,DUAL_CURRENT_HOLD,1,1,6.2634501457214355,1.5163435935974121,-0,0,6.2636418342590332,1.5165352821350098,-3.0282549748504178e-05,3.0282549748504178e-05,0,-6.0565099497008357e-05,-0.31906875967979431,0.049087498337030411,0,0,34,34,0,0,1,1,10.035377999999984,0.0353779999999837
248,2.4719461649999999,DUAL_CURRENT_HOLD,1,1,6.2634501457214355,1.5163435935974121,-0,0,6.2636418342590332,1.516727089881897,-3.0282549748504178e-05,6.0583931928443994e-05,1.5150691089969908e-05,-9.0866481676948172e-05,-0.29452499747276306,-0.098174996674060822,-0.0078125,0,34,34,0,0,1,1,9.9631479999997552,0.0368520000002448
249,2.4819966949999999,DUAL_CURRENT_HOLD,1,1,6.2634501457214355,1.5163435935974121,-0,0,6.2636418342590332,1.5165352821350098,-3.0282549748504178e-05,3.0282549748504178e-05,0,-6.0565099497008357e-05,-0.31906875967979431,-0.29452499747276306,0.01171875,0,34,34,0,0,1,1,10.050530000000002,0.050530000000001962
250,2.4836472039999999,FINAL_DUAL_BRAKE,0,0,0,0,0,0,6.2638335227966309,1.516727089881897,-6.0565099497008357e-05,6.0583931928443994e-05,9.4162157178184107e-09,-0.00012114903142545236,0,0.049087498337030411,0,0,34,34,0,0,1,1,1.6505090000000777,8.3494909999999223
251,2.493699597,FINAL_DUAL_BRAKE,0,0,0,0,0,0,6.2636418342590332,1.5165352821350098,-3.0282549748504178e-05,3.0282549748504178e-05,0,-6.0565099497008357e-05,0,-0.024543749168515205,0,0,34,34,0,0,1,1,10.052393000000048,0.052393000000048318
252,2.503699541,FINAL_DUAL_BRAKE,0,0,0,0,0,0,6.2634501457214355,1.5165352821350098,-0,3.0282549748504178e-05,1.5141274874252089e-05,-3.0282549748504178e-05,-0.44178751111030579,0,0,0,34,34,0,0,1,1,9.9999440000000384,5.5999999961642288e-05
253,2.5136996319999998,FINAL_DUAL_BRAKE,0,0,0,0,0,0,6.2636418342590332,1.5165352821350098,-3.0282549748504178e-05,3.0282549748504178e-05,0,-6.0565099497008357e-05,-0.049087498337030411,0,0,0,34,34,0,0,1,1,10.000090999999767,9.0999999766694373e-05
254,2.5237365139999999,FINAL_DUAL_BRAKE,0,0,0,0,0,0,6.2636418342590332,1.5165352821350098,-3.0282549748504178e-05,3.0282549748504178e-05,0,-6.0565099497008357e-05,0,0,0,0,34,34,0,0,1,1,10.03688200000008,0.036882000000080239
