tick,timestamp_s,phase,j3_mode,q_cmd_motor_rad,dq_cmd_motor_rad_s,q_feedback_motor_rad,q_relative_motor_rad,q_relative_output_protocol_rad,q_relative_ros_rad,qdot_fast_deg_s,qdot_slow_deg_s,sdk_dq_rad_s,tau_feedback,temperature_c,merror,data_correct,j4_mode,j4_merror,j4_correct,j5_mode,j5_merror,j5_correct,tx_period_ms,tx_jitter_ms
0,6.4600000000000004e-07,HOLD_START_CAPTURE,0,0,0,2.1945564746856689,nan,nan,nan,0,0,-0.36815625429153442,0,34,0,1,0,0,1,0,0,1,nan,nan
0,0.010186298,HOLD_START_CAPTURE,0,0,0,2.1945564746856689,nan,nan,nan,0,0,-0.29452499747276306,0,34,0,1,0,0,1,0,0,1,nan,nan
0,0.020206871000000001,HOLD_START_CAPTURE,0,0,0,2.1947481632232666,nan,nan,nan,0,0,0,0,34,0,1,0,0,1,0,0,1,nan,nan
0,0.030225881,HOLD_START_CAPTURE,0,0,0,2.1945564746856689,nan,nan,nan,0,0,-0.26998123526573181,0,34,0,1,0,0,1,0,0,1,nan,nan
0,0.040206468000000002,HOLD_START_CAPTURE,0,0,0,2.1945564746856689,nan,nan,nan,0,0,-0.24543750286102295,0,34,0,1,0,0,1,0,0,1,nan,nan
0,0.050230075999999999,HOLD_START_CAPTURE,0,0,0,2.1947481632232666,nan,nan,nan,0,0,0.098174996674060822,0,34,0,1,0,0,1,0,0,1,nan,nan
0,0.060279908,HOLD_START_CAPTURE,0,0,0,2.1945564746856689,nan,nan,nan,0,0,-0.29452499747276306,0,34,0,1,0,0,1,0,0,1,nan,nan
0,0.070205659000000004,HOLD_START_CAPTURE,0,0,0,2.1949398517608643,nan,nan,nan,0,0,0.34361249208450317,0,34,0,1,0,0,1,0,0,1,nan,nan
0,0.080239669999999999,HOLD_START_CAPTURE,0,0,0,2.1943645477294922,nan,nan,nan,0,0,-0.39269998669624329,0,34,0,1,0,0,1,0,0,1,nan,nan
0,0.090177068999999999,HOLD_START_CAPTURE,0,0,0,2.1943645477294922,nan,nan,nan,0,0,-0.39269998669624329,0,34,0,1,0,0,1,0,0,1,nan,nan
0,0.100234589,HOLD_START_CAPTURE,0,0,0,2.1947481632232666,nan,nan,nan,0,0,0,0,34,0,1,0,0,1,0,0,1,nan,nan
0,0.110178844,HOLD_START_CAPTURE,0,0,0,2.1947481632232666,nan,nan,nan,0,0,0.073631249368190765,0,34,0,1,0,0,1,0,0,1,nan,nan
0,0.120239979,HOLD_START_CAPTURE,0,0,0,2.1947481632232666,nan,nan,nan,0,0,0.024543749168515205,0,34,0,1,0,0,1,0,0,1,nan,nan
0,0.13019172400000001,HOLD_START_CAPTURE,0,0,0,2.1945564746856689,nan,nan,nan,0,0,-0.24543750286102295,0,34,0,1,0,0,1,0,0,1,nan,nan
0,0.14019404199999999,HOLD_START_CAPTURE,0,0,0,2.1945564746856689,nan,nan,nan,0,0,-0.19634999334812164,0,34,0,1,0,0,1,0,0,1,nan,nan
0,0.15027223300000001,HOLD_START_CAPTURE,0,0,0,2.1945564746856689,nan,nan,nan,0,0,-0.024543749168515205,0,34,0,1,0,0,1,0,0,1,nan,nan
0,0.16018265300000001,HOLD_START_CAPTURE,0,0,0,2.1947481632232666,nan,nan,nan,0,0,0.24543750286102295,0,34,0,1,0,0,1,0,0,1,nan,nan
0,0.170229202,HOLD_START_CAPTURE,0,0,0,2.1945564746856689,nan,nan,nan,0,0,-0.39269998669624329,0,34,0,1,0,0,1,0,0,1,nan,nan
0,0.180234161,HOLD_START_CAPTURE,0,0,0,2.1947481632232666,nan,nan,nan,0,0,0,0,34,0,1,0,0,1,0,0,1,nan,nan
0,0.190192103,HOLD_START_CAPTURE,0,0,0,2.1947481632232666,nan,nan,nan,0,0,-0.024543749168515205,0,34,0,1,0,0,1,0,0,1,nan,nan
0,0.200211326,HOLD_START_CAPTURE,0,0,0,2.1947481632232666,nan,nan,nan,0,0,-0.024543749168515205,0,34,0,1,0,0,1,0,0,1,nan,nan
0,0.21019791500000001,HOLD_START_CAPTURE,0,0,0,2.1947481632232666,nan,nan,nan,0,0,0.049087498337030411,0,34,0,1,0,0,1,0,0,1,nan,nan
0,0.22031436500000001,HOLD_START_CAPTURE,0,0,0,2.1945564746856689,nan,nan,nan,0,0,-0.36815625429153442,0,34,0,1,0,0,1,0,0,1,nan,nan
0,0.230238585,HOLD_START_CAPTURE,0,0,0,2.1947481632232666,nan,nan,nan,0,0,0.024543749168515205,0,34,0,1,0,0,1,0,0,1,nan,nan
0,0.24018166699999999,HOLD_START_CAPTURE,0,0,0,2.1947481632232666,nan,nan,nan,0,0,0.024543749168515205,0,34,0,1,0,0,1,0,0,1,nan,nan
0,0.25023221000000001,HOLD_START_CAPTURE,0,0,0,2.1945564746856689,nan,nan,nan,0,0,-0.024543749168515205,0,34,0,1,0,0,1,0,0,1,nan,nan
0,0.26016500599999998,HOLD_START_CAPTURE,0,0,0,2.1943645477294922,nan,nan,nan,0,0,-0.58904999494552612,0,34,0,1,0,0,1,0,0,1,nan,nan
0,0.27015170300000002,HOLD_START_CAPTURE,0,0,0,2.1947481632232666,nan,nan,nan,0,0,0.098174996674060822,0,34,0,1,0,0,1,0,0,1,nan,nan
0,0.28030571700000001,HOLD_START_CAPTURE,0,0,0,2.1947481632232666,nan,nan,nan,0,0,0,0,34,0,1,0,0,1,0,0,1,nan,nan
0,0.29021537200000003,HOLD_START_CAPTURE,0,0,0,2.1945564746856689,nan,nan,nan,0,0,-0.34361249208450317,0,34,0,1,0,0,1,0,0,1,nan,nan
0,0.300192497,HOLD_START_CAPTURE,0,0,0,2.1947481632232666,nan,nan,nan,0,0,0,0,34,0,1,0,0,1,0,0,1,nan,nan
0,0.31015591399999998,HOLD_START_CAPTURE,0,0,0,2.1945564746856689,nan,nan,nan,0,0,-0.12271875143051147,0,34,0,1,0,0,1,0,0,1,nan,nan
0,0.32019116199999997,HOLD_START_CAPTURE,0,0,0,2.1945564746856689,nan,nan,nan,0,0,-0.17180624604225159,0,34,0,1,0,0,1,0,0,1,nan,nan
0,0.33016476900000002,HOLD_START_CAPTURE,0,0,0,2.1945564746856689,nan,nan,nan,0,0,-0.14726249873638153,0,34,0,1,0,0,1,0,0,1,nan,nan
0,0.34014568099999998,HOLD_START_CAPTURE,0,0,0,2.1945564746856689,nan,nan,nan,0,0,-0.31906875967979431,0,34,0,1,0,0,1,0,0,1,nan,nan
0,0.350036399,HOLD_START_CAPTURE,0,0,0,2.1947481632232666,nan,nan,nan,0,0,-0.31906875967979431,0,34,0,1,0,0,1,0,0,1,nan,nan
0,0.36019401099999998,HOLD_START_CAPTURE,0,0,0,2.1947481632232666,nan,nan,nan,0,0,-0.024543749168515205,0,34,0,1,0,0,1,0,0,1,nan,nan
0,0.370195897,HOLD_START_CAPTURE,0,0,0,2.1943645477294922,nan,nan,nan,0,0,-0.6626812219619751,0,34,0,1,0,0,1,0,0,1,nan,nan
0,0.380160532,HOLD_START_CAPTURE,0,0,0,2.1945564746856689,nan,nan,nan,0,0,0.049087498337030411,0,34,0,1,0,0,1,0,0,1,nan,nan
0,0.39027013500000002,HOLD_START_CAPTURE,0,0,0,2.1947481632232666,nan,nan,nan,0,0,0.26998123526573181,0,34,0,1,0,0,1,0,0,1,nan,nan
0,0.400188088,HOLD_START_CAPTURE,0,0,0,2.1947481632232666,nan,nan,nan,0,0,-0.31906875967979431,0,34,0,1,0,0,1,0,0,1,nan,nan
0,0.41018342699999999,HOLD_START_CAPTURE,0,0,0,2.1947481632232666,nan,nan,nan,0,0,0.024543749168515205,0,34,0,1,0,0,1,0,0,1,nan,nan
0,0.420202572,HOLD_START_CAPTURE,0,0,0,2.1947481632232666,nan,nan,nan,0,0,0.049087498337030411,0,34,0,1,0,0,1,0,0,1,nan,nan
0,0.430217882,HOLD_START_CAPTURE,0,0,0,2.1947481632232666,nan,nan,nan,0,0,0.024543749168515205,0,34,0,1,0,0,1,0,0,1,nan,nan
0,0.44016337999999999,HOLD_START_CAPTURE,0,0,0,2.1945564746856689,nan,nan,nan,0,0,-0.36815625429153442,0,34,0,1,0,0,1,0,0,1,nan,nan
0,0.45018382099999998,HOLD_START_CAPTURE,0,0,0,2.1945564746856689,nan,nan,nan,0,0,-0.31906875967979431,0,34,0,1,0,0,1,0,0,1,nan,nan
0,0.46018723,HOLD_START_CAPTURE,0,0,0,2.1947481632232666,nan,nan,nan,0,0,0,0,34,0,1,0,0,1,0,0,1,nan,nan
0,0.47020968200000002,HOLD_START_CAPTURE,0,0,0,2.1945564746856689,nan,nan,nan,0,0,-0.024543749168515205,0,34,0,1,0,0,1,0,0,1,nan,nan
0,0.48023123200000001,HOLD_START_CAPTURE,0,0,0,2.1945564746856689,nan,nan,nan,0,0,-0.34361249208450317,0,34,0,1,0,0,1,0,0,1,nan,nan
0,0.490042388,HOLD_START_CAPTURE,0,0,0,2.1947481632232666,nan,nan,nan,0,0,0,0,34,0,1,0,0,1,0,0,1,nan,nan
0,0.49104312999999999,HOLD_CURRENT,1,2.1946523189544678,0,2.1945564746856689,-9.5844268798828125e-05,-1.5141274874252089e-05,nan,0,0,-0.29452499747276306,0,34,0,1,0,0,1,0,0,1,nan,nan
1,0.50120456199999996,HOLD_CURRENT,1,2.1946523189544678,0,2.1951315402984619,0.00047922134399414062,7.5706374371260443e-05,nan,0,0,0.12271875143051147,-0.0078125,34,0,1,0,0,1,0,0,1,10.161431999999969,0.16143199999996938
2,0.51127614300000002,HOLD_CURRENT,1,2.1946523189544678,0,2.1953234672546387,0.00067114830017089844,0.0001060265889826359,nan,0,0,0,-0.0078125,34,0,1,0,0,1,0,0,1,10.071581000000052,0.071581000000051631
3,0.52117144699999995,HOLD_CURRENT,1,2.1946523189544678,0,2.1951315402984619,0.00047922134399414062,7.5706374371260443e-05,nan,0,0,-0.4908750057220459,0,34,0,1,0,0,1,0,0,1,9.895303999999939,0.10469600000006096
4,0.53120281599999997,HOLD_CURRENT,1,2.1946523189544678,0,2.1953234672546387,0.00067114830017089844,0.0001060265889826359,nan,0.13896691860885246,0,-0.39269998669624329,-0.0078125,34,0,1,0,0,1,0,0,1,10.031369000000012,0.031369000000012193
5,0.54109782699999998,HOLD_CURRENT,1,2.1946523189544678,0,2.1955151557922363,0.00086283683776855469,0.00013630913873114009,nan,0.069692223205581411,0,0,0,34,0,1,0,0,1,0,0,1,9.8950110000000091,0.1049889999999909
6,0.55121383000000002,HOLD_CURRENT,1,2.1946523189544678,0,2.1953234672546387,0.00067114830017089844,0.0001060265889826359,nan,0.034732257640072144,0,-0.24543750286102295,0,34,0,1,0,0,1,0,0,1,10.11600300000004,0.11600300000004005
7,0.56114698100000004,HOLD_CURRENT,1,2.1946523189544678,0,2.1955151557922363,0.00086283683776855469,0.00013630913873114009,nan,0.069335880566898447,0,0.049087498337030411,0.00390625,34,0,1,0,0,1,0,0,1,9.9331510000000289,0.06684899999997107
8,0.57121179300000002,HOLD_CURRENT,1,2.1946523189544678,0,2.195706844329834,0.0010545253753662109,0.00016659168847964426,nan,0.069256414862891677,0,0.12271875143051147,0,34,0,1,0,0,1,0,0,1,10.064811999999979,0.064811999999978553
9,0.58123988000000004,HOLD_CURRENT,1,2.1946523189544678,0,2.1955151557922363,0.00086283683776855469,0.00013630913873114009,nan,0.034502601329074407,0,0,0,34,0,1,0,0,1,0,0,1,10.028087000000019,0.028087000000018847
10,0.59110226899999996,HOLD_CURRENT,1,2.1946523189544678,0,2.195706844329834,0.0010545253753662109,0.00016659168847964426,nan,0.069438929849396355,0.075766306765153141,-0.024543749168515205,-0.00390625,34,0,1,0,0,1,0,0,1,9.862388999999915,0.13761100000008497
11,0.60120468199999999,HOLD_CURRENT,1,2.1946523189544678,0,2.1955151557922363,0.00086283683776855469,0.00013630913873114009,nan,-8.3584444375415173e-05,0.044184954577297673,-0.34361249208450317,0.00390625,34,0,1,0,0,1,0,0,1,10.102413000000032,0.10241300000003228
12,0.61120432400000002,HOLD_CURRENT,1,2.1946523189544678,0,2.195706844329834,0.0010545253753662109,0.00016659168847964426,nan,-0.00010313513350059209,0.041014454148626318,0.098174996674060822,0,34,0,1,0,0,1,0,0,1,9.9996420000000299,0.00035799999997010445
13,0.62116291199999996,HOLD_CURRENT,1,2.1946523189544678,0,2.195706844329834,0.0010545253753662109,0.00016659168847964426,nan,0.034599806431074187,0.042573380757611141,0,0,34,0,1,0,0,1,0,0,1,9.9585879999999349,0.041412000000065063
14,0.63120377800000005,HOLD_CURRENT,1,2.1946523189544678,0,2.1958985328674316,0.0012462139129638672,0.00019687423822814843,nan,0.05188256587934572,0.039407603966756931,0,0,34,0,1,0,0,1,0,0,1,10.040866000000094,0.04086600000009355
15,0.64109795599999997,HOLD_CURRENT,1,2.1946523189544678,0,2.1958985328674316,0.0012462139129638672,0.00019687423822814843,nan,0.086989898580635799,0.039415728570966729,0.073631249368190765,0,34,0,1,0,0,1,0,0,1,9.8941779999999202,0.1058220000000798
16,0.65120121099999995,HOLD_CURRENT,1,2.1946523189544678,0,2.195706844329834,0.0010545253753662109,0.00016659168847964426,nan,0.017294698167694071,0.036273024842867443,-0.39269998669624329,0,34,0,1,0,0,1,0,0,1,10.103254999999978,0.10325499999997767
17,0.661221061,HOLD_CURRENT,1,2.1946523189544678,0,2.1958985328674316,0.0012462139129638672,0.00019687423822814843,nan,0.01729488315937739,0.029954891309180977,0,0,34,0,1,0,0,1,0,0,1,10.019850000000051,0.019850000000051438
18,0.67127311499999998,HOLD_CURRENT,1,2.1946523189544678,0,2.195706844329834,0.0010545253753662109,0.00016659168847964426,nan,-0.034650228262396436,0.020475430927487912,-0.12271875143051147,0,34,0,1,0,0,1,0,0,1,10.052053999999977,0.052053999999976952
19,0.68126816800000001,HOLD_CURRENT,1,2.1946523189544678,0,2.1955151557922363,0.00086283683776855469,0.00013630913873114009,nan,-0.069111303864457824,0.010995264461070542,-0.51541876792907715,0,34,0,1,0,0,1,0,0,1,9.9950530000000306,0.0049469999999693925
20,0.69124276699999998,HOLD_CURRENT,1,2.1946523189544678,0,2.195706844329834,0.0010545253753662109,0.00016659168847964426,nan,-0.034692496804262993,0.0015503123846698722,-0.24543750286102295,-0.00390625,34,0,1,0,0,1,0,0,1,9.9745989999999729,0.025401000000027096
21,0.70115269599999996,HOLD_CURRENT,1,2.1946523189544678,0,2.1958985328674316,0.0012462139129638672,0.00019687423822814843,nan,-0.00021930067938672512,0.0078478349610838563,-0.14726249873638153,0,34,0,1,0,0,1,0,0,1,9.909928999999984,0.090071000000015999
22,0.71121026499999995,HOLD_CURRENT,1,2.1946523189544678,0,2.1960904598236084,0.001438140869140625,0.00022719445283952389,nan,0.10438255310125358,0.011010820990640824,0.14726249873638153,0.00390625,34,0,1,0,0,1,0,0,1,10.057568999999988,0.057568999999988435
23,0.72118171799999997,HOLD_CURRENT,1,2.1946523189544678,0,2.1958985328674316,0.0012462139129638672,0.00019687423822814843,nan,0.10429854162569091,0.011009449308307273,-0.24543750286102295,0.0078125,34,0,1,0,0,1,0,0,1,9.9714530000000181,0.028546999999981892
24,0.731220168,HOLD_CURRENT,1,2.1946523189544678,0,2.1958985328674316,0.0012462139129638672,0.00019687423822814843,nan,0.034655913758353363,0.0094309161293663363,-0.19634999334812164,0.00390625,34,0,1,0,0,1,0,0,1,10.038450000000033,0.038450000000032958
25,0.741158867,HOLD_CURRENT,1,2.1946523189544678,0,2.1958985328674316,0.0012462139129638672,0.00019687423822814843,nan,-0.017320097354843796,0.015739824006502007,-0.22089375555515289,0,34,0,1,0,0,1,0,0,1,9.9386989999999962,0.061301000000003825
26,0.75115161600000002,HOLD_CURRENT,1,2.1946523189544678,0,2.1960904598236084,0.001438140869140625,0.00022719445283952389,nan,-1.2495364794668822e-05,0.029985433629536346,0.12271875143051147,0,34,0,1,0,0,1,0,0,1,9.992749000000023,0.0072509999999770258
27,0.76110262299999998,HOLD_CURRENT,1,2.1946523189544678,0,2.1958985328674316,0.0012462139129638672,0.00019687423822814843,nan,0.01743134877580645,0.025264093953786999,-0.26998123526573181,0.00390625,34,0,1,0,0,1,0,0,1,9.9510069999999562,0.048993000000043807
28,0.77110069699999995,HOLD_CURRENT,1,2.1946523189544678,0,2.195706844329834,0.0010545253753662109,0.00016659168847964426,nan,-0.034818108937897808,0.020539399853787117,-0.6626812219619751,0,34,0,1,0,0,1,0,0,1,9.998073999999967,0.0019260000000329569
29,0.78109910800000004,HOLD_CURRENT,1,2.1946523189544678,0,2.1960904598236084,0.001438140869140625,0.00022719445283952389,nan,6.9447290830304109e-05,0.023704124891210519,0.098174996674060822,0.00390625,34,0,1,0,0,1,0,0,1,9.9984110000000967,0.0015889999999032511
30,0.79109836099999997,HOLD_CURRENT,1,2.1946523189544678,0,2.1960904598236084,0.001438140869140625,0.00022719445283952389,nan,0.017458206873713571,0.014233011099302771,0.024543749168515205,0,34,0,1,0,0,1,0,0,1,9.9992529999999302,0.00074700000006977518
31,0.80109797400000005,HOLD_CURRENT,1,2.1946523189544678,0,2.1960904598236084,0.001438140869140625,0.00022719445283952389,nan,0.069475131584819397,0.0094989878187963558,0.024543749168515205,0,34,0,1,0,0,1,0,0,1,9.9996130000000747,0.0003869999999253082
32,0.81111835499999996,HOLD_CURRENT,1,2.1946523189544678,0,2.1958985328674316,0.0012462139129638672,0.00019687423822814843,nan,0.034658337033053994,0.0031676739505180568,-0.34361249208450317,0.00390625,34,0,1,0,0,1,0,0,1,10.020380999999912,0.020380999999911609
33,0.82110049900000004,HOLD_CURRENT,1,2.1946523189544678,0,2.1958985328674316,0.0012462139129638672,0.00019687423822814843,nan,-0.052115673104050186,0.0063229733202680985,-0.24543750286102295,0,34,0,1,0,0,1,0,0,1,9.9821440000000816,0.017855999999918382
34,0.83115563400000003,HOLD_CURRENT,1,2.1946523189544678,0,2.1958985328674316,0.0012462139129638672,0.00019687423822814843,nan,-0.05205019275776579,0.0015734639928599377,-0.24543750286102295,-0.00390625,34,0,1,0,0,1,0,0,1,10.055134999999993,0.055134999999992829
35,0.84111179400000002,HOLD_CURRENT,1,2.1946523189544678,0,2.1958985328674316,0.0012462139129638672,0.00019687423822814843,nan,-0.034732030234144028,-0.0031647092664180919,-0.24543750286102295,0,34,0,1,0,0,1,0,0,1,9.9561599999999917,0.043840000000008317
36,0.85117872800000005,HOLD_CURRENT,1,2.1946523189544678,0,2.1958985328674316,0.0012462139129638672,0.00019687423822814843,nan,5.1589004094224957e-31,-0.0078991267259486009,-0.29452499747276306,-0.0078125,34,0,1,0,0,1,0,0,1,10.066934000000028,0.066934000000028249
37,0.86116185099999998,HOLD_CURRENT,1,2.1946523189544678,0,2.1960904598236084,0.001438140869140625,0.00022719445283952389,nan,0.034678132974182777,0.0047226837847402633,0.098174996674060822,0,34,0,1,0,0,1,0,0,1,9.983122999999928,0.016877000000071973
38,0.87116212199999998,HOLD_CURRENT,1,2.1946523189544678,0,2.1960904598236084,0.001438140869140625,0.00022719445283952389,nan,0.052078484253888349,0.0078766343997543533,-0.29452499747276306,0,34,0,1,0,0,1,0,0,1,10.000271000000005,0.00027100000000501723
39,0.88116723600000002,HOLD_CURRENT,1,2.1946523189544678,0,2.1958985328674316,0.0012462139129638672,0.00019687423822814843,nan,0.017359022405505468,-0.0078896454921881763,-0.34361249208450317,0,34,0,1,0,0,1,0,0,1,10.005114000000038,0.0051140000000380326
40,0.89115845699999996,HOLD_CURRENT,1,2.1946523189544678,0,2.1958985328674316,0.0012462139129638672,0.00019687423822814843,nan,-0.017397260311541436,-0.0063119548585208185,-0.19634999334812164,0,34,0,1,0,0,1,0,0,1,9.9912209999999391,0.0087790000000609325
41,0.90120642299999998,HOLD_CURRENT,1,2.1946523189544678,0,2.1958985328674316,0.0012462139129638672,0.00019687423822814843,nan,-0.052059600786367483,-0.0031561344940082268,-0.26998123526573181,0,34,0,1,0,0,1,0,0,1,10.04796600000002,0.047966000000020159
42,0.91121090299999996,HOLD_CURRENT,1,2.1946523189544678,0,2.1958985328674316,0.0012462139129638672,0.00019687423822814843,nan,-0.034682305462280592,0.0015778829399109204,-0.24543750286102295,0.00390625,34,0,1,0,0,1,0,0,1,10.004479999999983,0.0044799999999831641
43,0.92110456900000004,HOLD_CURRENT,1,2.1946523189544678,0,2.1958985328674316,0.0012462139129638672,0.00019687423822814843,nan,1.7266864289953813e-31,-0.0015760573852873717,-0.26998123526573181,0,34,0,1,0,0,1,0,0,1,9.8936660000000778,0.10633399999992221
44,0.93116341700000005,HOLD_CURRENT,1,2.1946523189544678,0,2.1960904598236084,0.001438140869140625,0.00022719445283952389,nan,0.034798860152288821,0.0031577337690704373,-0.19634999334812164,0,34,0,1,0,0,1,0,0,1,10.058848000000008,0.058848000000008227
45,0.94110353099999999,HOLD_CURRENT,1,2.1946523189544678,0,2.1958985328674316,0.0012462139129638672,0.00019687423822814843,nan,0.017470317900726052,-0.001577183013426895,-0.53996247053146362,0.00390625,34,0,1,0,0,1,0,0,1,9.9401139999999444,0.059886000000055617
46,0.95112395199999999,HOLD_CURRENT,1,2.1946523189544678,0,2.1960904598236084,0.001438140869140625,0.00022719445283952389,nan,0.034874505987342194,0.001577496285082915,-0.22089375555515289,0,34,0,1,0,0,1,0,0,1,10.020421000000002,0.020421000000002465
47,0.96109958200000001,HOLD_CURRENT,1,2.1946523189544678,0,2.1958985328674316,0.0012462139129638672,0.00019687423822814843,nan,8.5814000234980752e-05,-0.0047432102564196593,-0.58904999494552612,0,34,0,1,0,0,1,0,0,1,9.9756300000000131,0.024369999999986902
48,0.97110786199999999,HOLD_CURRENT,1,2.1946523189544678,0,2.1958985328674316,0.0012462139129638672,0.00019687423822814843,nan,-0.03474081533250091,-0.0015801444831557245,-0.34361249208450317,0,34,0,1,0,0,1,0,0,1,10.008279999999981,0.0082799999999814133
49,0.98111619500000002,HOLD_CURRENT,1,2.1946523189544678,0,2.1958985328674316,0.0012462139129638672,0.00019687423822814843,nan,-0.017345144031621362,0.0031645895636500713,-0.39269998669624329,0,34,0,1,0,0,1,0,0,1,10.008333000000036,0.008333000000035895
50,0.99109535599999998,HOLD_CURRENT,1,2.1946523189544678,0,2.1962821483612061,0.0016298294067382812,0.00025747700258802803,nan,0.034710134924376954,0.015802741745179084,0.12271875143051147,0,34,0,1,0,0,1,0,0,1,9.9791609999999586,0.020839000000041352
51,1.0011143810000001,HOLD_CURRENT,1,2.1946523189544678,0,2.1962821483612061,0.0016298294067382812,0.00025747700258802803,nan,0.10412030516394184,0.025284114990772932,0.073631249368190765,0.00390625,34,0,1,0,0,1,0,0,1,10.01902500000007,0.019025000000070236
52,1.011096459,HOLD_CURRENT,1,2.1946523189544678,0,2.1960904598236084,0.001438140869140625,0.00022719445283952389,nan,0.069476544690038541,0.02369955646498003,-0.34361249208450317,0,34,0,1,0,0,1,0,0,1,9.9820779999999498,0.017922000000050176
53,1.0210984670000001,HOLD_CURRENT,1,2.1946523189544678,0,2.1962821483612061,0.0016298294067382812,0.00025747700258802803,nan,0.052102438451276316,0.028423288446129038,0.049087498337030411,0.00390625,34,0,1,0,0,1,0,0,1,10.002008000000062,0.0020080000000621823
54,1.031095614,HOLD_CURRENT,1,2.1946523189544678,0,2.1962821483612061,0.0016298294067382812,0.00025747700258802803,nan,6.2418986490046976e-06,0.030002464411441512,0.098174996674060822,0,34,0,1,0,0,1,0,0,1,9.997146999999984,0.0028530000000159816
55,1.0410997660000001,HOLD_CURRENT,1,2.1946523189544678,0,2.1962821483612061,0.0016298294067382812,0.00025747700258802803,nan,0.017368836483494146,0.037884056696704568,0.049087498337030411,0,34,0,1,0,0,1,0,0,1,10.004152000000044,0.0041520000000438984
56,1.0511133070000001,HOLD_CURRENT,1,2.1946523189544678,0,2.1958985328674316,0.0012462139129638672,0.00019687423822814843,nan,-0.034756372368321783,0.018933913424105921,-0.73631250858306885,-0.00390625,34,0,1,0,0,1,0,0,1,10.013540999999959,0.013540999999959169
57,1.061104531,HOLD_CURRENT,1,2.1946523189544678,0,2.1960904598236084,0.001438140869140625,0.00022719445283952389,nan,-0.069424550267585525,0.017361028050643174,-0.36815625429153442,0,34,0,1,0,0,1,0,0,1,9.9912239999999652,0.008776000000034756
58,1.0711265000000001,HOLD_CURRENT,1,2.1946523189544678,0,2.1960904598236084,0.001438140869140625,0.00022719445283952389,nan,-0.052027500998745389,0.0063129862835517589,-0.24543750286102295,0,34,0,1,0,0,1,0,0,1,10.021969000000075,0.021969000000074956
59,1.081130677,HOLD_CURRENT,1,2.1946523189544678,0,2.1962821483612061,0.0016298294067382812,0.00025747700258802803,nan,0.017349946298819488,0.0015781479173426068,0.073631249368190765,0,34,0,1,0,0,1,0,0,1,10.004176999999892,0.0041769999998919616
60,1.0911122550000001,HOLD_CURRENT,1,2.1946523189544678,0,2.1960904598236084,0.001438140869140625,0.00022719445283952389,nan,0.05210010034915951,-0.014193921841312653,-0.24543750286102295,0,34,0,1,0,0,1,0,0,1,9.981578000000102,0.01842199999989802
61,1.1011145360000001,HOLD_CURRENT,1,2.1946523189544678,0,2.1962821483612061,0.0016298294067382812,0.00025747700258802803,nan,0.034714254245276251,-0.0047313390928722379,-0.24543750286102295,0,34,0,1,0,0,1,0,0,1,10.002281000000002,0.0022810000000017538
62,1.1111134410000001,HOLD_CURRENT,1,2.1946523189544678,0,2.1962821483612061,0.0016298294067382812,0.00025747700258802803,nan,0.03473095171504606,0.0047302053983041444,0,0,34,0,1,0,0,1,0,0,1,9.9989050000000024,0.0010949999999976257
63,1.121124939,HOLD_CURRENT,1,2.1946523189544678,0,2.1962821483612061,0.0016298294067382812,0.00025747700258802803,nan,0.017366189507624599,0.0047321547241943986,0,0,34,0,1,0,0,1,0,0,1,10.011497999999897,0.011497999999896535
64,1.131112772,HOLD_CURRENT,1,2.1946523189544678,0,2.1960904598236084,0.001438140869140625,0.00022719445283952389,nan,1.0668538598878479e-05,0.0047359366261871686,-0.24543750286102295,-0.00390625,34,0,1,0,0,1,0,0,1,9.987833000000057,0.012166999999942973
65,1.141095655,HOLD_CURRENT,1,2.1946523189544678,0,2.1958985328674316,0.0012462139129638672,0.00019687423822814843,nan,-0.08680614419920113,-0.0015739463017383343,-0.39269998669624329,0.00390625,34,0,1,0,0,1,0,0,1,9.9828829999999424,0.017117000000057558
66,1.151097847,HOLD_CURRENT,1,2.1946523189544678,0,2.1960904598236084,0.001438140869140625,0.00022719445283952389,nan,-0.069449362254164454,0.0031651405458608247,-0.049087498337030411,0.00390625,34,0,1,0,0,1,0,0,1,10.002191999999965,0.0021919999999653328
67,1.1610948889999999,HOLD_CURRENT,1,2.1946523189544678,0,2.1962821483612061,0.0016298294067382812,0.00025747700258802803,nan,3.2954008590087731e-05,-0.0015782270579714805,0.024543749168515205,0,34,0,1,0,0,1,0,0,1,9.997041999999956,0.002958000000043981
68,1.171096202,HOLD_CURRENT,1,2.1946523189544678,0,2.1960904598236084,0.001438140869140625,0.00022719445283952389,nan,0.03474505890215672,-0.0078897661396061265,-0.24543750286102295,0,34,0,1,0,0,1,0,0,1,10.001313000000067,0.0013130000000671771
69,1.1811133949999999,HOLD_CURRENT,1,2.1946523189544678,0,2.1962821483612061,0.0016298294067382812,0.00025747700258802803,nan,0.069421277066784901,-0.0063068382400702071,0.098174996674060822,0,34,0,1,0,0,1,0,0,1,10.017192999999924,0.017192999999924297
70,1.191118133,HOLD_CURRENT,1,2.1946523189544678,0,2.1960904598236084,0.001438140869140625,0.00022719445283952389,nan,1.6914214864379406e-07,-0.0047279178282775376,-0.31906875967979431,0,34,0,1,0,0,1,0,0,1,10.004738000000124,0.0047380000001240319
71,1.2011139049999999,HOLD_CURRENT,1,2.1946523189544678,0,2.1962821483612061,0.0016298294067382812,0.00025747700258802803,nan,4.7587717894490536e-07,-0.0031473273493972443,0.073631249368190765,-0.0078125,34,0,1,0,0,1,0,0,1,9.9957719999999028,0.004228000000097154
72,1.2110999149999999,HOLD_CURRENT,1,2.1946523189544678,0,2.1960904598236084,0.001438140869140625,0.00022719445283952389,nan,1.8527517737930104e-05,-0.0015679917250090479,-0.31906875967979431,-0.00390625,34,0,1,0,0,1,0,0,1,9.9860099999999896,0.013990000000010383
73,1.22110382,HOLD_CURRENT,1,2.1946523189544678,0,2.1962821483612061,0.0016298294067382812,0.00025747700258802803,nan,2.8115134240038249e-06,0.0094752291093195794,0,0,34,0,1,0,0,1,0,0,1,10.003905000000035,0.0039050000000351304
74,1.2310986719999999,HOLD_CURRENT,1,2.1946523189544678,0,2.1960904598236084,0.001438140869140625,0.00022719445283952389,nan,6.8550076746846924e-06,0.012628675829108494,-0.29452499747276306,0,34,0,1,0,0,1,0,0,1,9.994851999999943,0.0051480000000569959
75,1.241167737,HOLD_CURRENT,1,2.1946523189544678,0,2.1962821483612061,0.0016298294067382812,0.00025747700258802803,nan,6.0654439854606587e-05,0.015781393183442714,0.073631249368190765,0,34,0,1,0,0,1,0,0,1,10.069065000000155,0.069065000000154697
76,1.251166921,HOLD_CURRENT,1,2.1946523189544678,0,2.1962821483612061,0.0016298294067382812,0.00025747700258802803,nan,0.034661429399685757,0.007888531181330434,0,0,34,0,1,0,0,1,0,0,1,9.9991839999999943,0.00081600000000570105
77,1.2611416799999999,HOLD_CURRENT,1,2.1946523189544678,0,2.1962821483612061,0.0016298294067382812,0.00025747700258802803,nan,0.017364906344561625,0.0063123819629866016,0,0,34,0,1,0,0,1,0,0,1,9.9747589999998887,0.025241000000111313
78,1.2711479219999999,HOLD_CURRENT,1,2.1946523189544678,0,2.1958985328674316,0.0012462139129638672,0.00019687423822814843,nan,-0.034626046626561831,-0.0031549603562791659,-0.58904999494552612,0,34,0,1,0,0,1,0,0,1,10.006241999999999,0.0062419999999985265
79,1.2811661679999999,HOLD_CURRENT,1,2.1946523189544678,0,2.1960904598236084,0.001438140869140625,0.00022719445283952389,nan,-0.069433503397527976,-0.011034909448347167,-0.24543750286102295,0.00390625,34,0,1,0,0,1,0,0,1,10.018246000000008,0.018246000000008422
80,1.291198933,HOLD_CURRENT,1,2.1946523189544678,0,2.1958985328674316,0.0012462139129638672,0.00019687423822814843,nan,-0.08670901948875602,-0.017348676797050121,-0.58904999494552612,0,34,0,1,0,0,1,0,0,1,10.032765000000055,0.032765000000054556
81,1.3011004209999999,HOLD_CURRENT,1,2.1946523189544678,0,2.1960904598236084,0.001438140869140625,0.00022719445283952389,nan,-0.034817055721851356,-0.022080782568512935,0.12271875143051147,0,34,0,1,0,0,1,0,0,1,9.9014879999999028,0.098512000000097188
82,1.311141511,HOLD_CURRENT,1,2.1946523189544678,0,2.1960904598236084,0.001438140869140625,0.00022719445283952389,nan,0.034720831915107733,-0.017350727311785035,-0.29452499747276306,0,34,0,1,0,0,1,0,0,1,10.041090000000086,0.04109000000008578
83,1.3211765,HOLD_CURRENT,1,2.1946523189544678,0,2.1962821483612061,0.0016298294067382812,0.00025747700258802803,nan,0.052072422060656938,-0.012617522790823241,0,-0.00390625,34,0,1,0,0,1,0,0,1,10.034988999999994,0.034988999999994164
84,1.3311547500000001,HOLD_CURRENT,1,2.1946523189544678,0,2.1960904598236084,0.001438140869140625,0.00022719445283952389,nan,0.052068517106436521,-0.0078830498993563286,-0.26998123526573181,0,34,0,1,0,0,1,0,0,1,9.9782500000000773,0.021749999999922665
85,1.3411721729999999,HOLD_CURRENT,1,2.1946523189544678,0,2.1960904598236084,0.001438140869140625,0.00022719445283952389,nan,4.7442121696693905e-05,-0.011038879655635209,-0.36815625429153442,0,34,0,1,0,0,1,0,0,1,10.017422999999859,0.017422999999858746
86,1.351103875,HOLD_CURRENT,1,2.1946523189544678,0,2.1962821483612061,0.0016298294067382812,0.00025747700258802803,nan,0.017344952492465919,0.0031539692077006648,0.14726249873638153,0,34,0,1,0,0,1,0,0,1,9.9317020000000422,0.068297999999957781
87,1.361118496,HOLD_CURRENT,1,2.1946523189544678,0,2.1962821483612061,0.0016298294067382812,0.00025747700258802803,nan,0.017344928576663667,0.017355428715346965,0.024543749168515205,-0.00390625,34,0,1,0,0,1,0,0,1,10.014621000000057,0.014621000000056839
88,1.3711806609999999,HOLD_CURRENT,1,2.1946523189544678,0,2.1960904598236084,0.001438140869140625,0.00022719445283952389,nan,0.017230405328840511,0.023666672933275641,-0.34361249208450317,0,34,0,1,0,0,1,0,0,1,10.062164999999901,0.062164999999900772
89,1.3811512699999999,HOLD_CURRENT,1,2.1946523189544678,0,2.1958985328674316,0.0012462139129638672,0.00019687423822814843,nan,-0.05218703176624568,0.004715300171543646,-0.36815625429153442,0,34,0,1,0,0,1,0,0,1,9.9706090000000192,0.029390999999980849
90,1.3911597440000001,HOLD_CURRENT,1,2.1946523189544678,0,2.1960904598236084,0.001438140869140625,0.00022719445283952389,nan,-0.069347806437644682,0.003140744915484803,-0.098174996674060822,-0.00390625,34,0,1,0,0,1,0,0,1,10.008474000000156,0.0084740000001559679
91,1.4011481189999999,HOLD_CURRENT,1,2.1946523189544678,0,2.1962821483612061,0.0016298294067382812,0.00025747700258802803,nan,-6.2956091758566347e-05,-1.2615526696077952e-05,0,0,34,0,1,0,0,1,0,0,1,9.9883749999998273,0.011625000000172747
92,1.411206199,HOLD_CURRENT,1,2.1946523189544678,0,2.1962821483612061,0.0016298294067382812,0.00025747700258802803,nan,0.069416142735568037,0.0031459191478043795,0,-0.00390625,34,0,1,0,0,1,0,0,1,10.05808000000008,0.05808000000008029
93,1.4211657129999999,HOLD_CURRENT,1,2.1946523189544678,0,2.1962821483612061,0.0016298294067382812,0.00025747700258802803,nan,0.086728490731509358,0.0047246057216537279,0.024543749168515205,0,34,0,1,0,0,1,0,0,1,9.9595139999999471,0.040486000000052869
94,1.431200458,HOLD_CURRENT,1,2.1946523189544678,0,2.1964738368988037,0.0018215179443359375,0.00028775955233653226,nan,0.069335633737242872,0.022065537942188893,-0.7117687463760376,0,34,0,1,0,0,1,0,0,1,10.034745000000012,0.034745000000011572
95,1.4412005139999999,HOLD_CURRENT,1,2.1946523189544678,0,2.1958985328674316,0.0012462139129638672,0.00019687423822814843,nan,-0.052020277291218935,0.0047132607745074395,-0.51541876792907715,0,34,0,1,0,0,1,0,0,1,10.000055999999979,5.5999999979405857e-05
96,1.451108295,HOLD_CURRENT,1,2.1946523189544678,0,2.1960904598236084,0.001438140869140625,0.00022719445283952389,nan,-0.069572022862762761,-0.0031559441123865327,-0.098174996674060822,0,34,0,1,0,0,1,0,0,1,9.9077810000001154,0.092218999999884588
97,1.4611180859999999,HOLD_CURRENT,1,2.1946523189544678,0,2.1962821483612061,0.0016298294067382812,0.00025747700258802803,nan,-0.034817065757302604,0.0063108991515784122,0.024543749168515205,0,34,0,1,0,0,1,0,0,1,10.009790999999879,0.0097909999998790909
98,1.4711319140000001,HOLD_CURRENT,1,2.1946523189544678,0,2.1962821483612061,0.0016298294067382812,0.00025747700258802803,nan,1.2580697615869421e-05,0.015791828256884455,-0.12271875143051147,0,34,0,1,0,0,1,0,0,1,10.013828000000169,0.013828000000168927
99,1.4812108719999999,HOLD_CURRENT,1,2.1946523189544678,0,2.1962821483612061,0.0016298294067382812,0.00025747700258802803,nan,0.086636111586027131,0.01579046999941186,0.049087498337030411,0,34,0,1,0,0,1,0,0,1,10.078957999999805,0.078957999999804684
100,1.491166196,HOLD_CURRENT,1,2.1946523189544678,0,2.1962821483612061,0.0016298294067382812,0.00025747700258802803,nan,0.034623842355304163,0.0047372798252540245,0.024543749168515205,0,34,0,1,0,0,1,0,0,1,9.9553240000000986,0.04467599999990135
101,1.5011734510000001,HOLD_CURRENT,1,2.1946523189544678,0,2.1960904598236084,0.001438140869140625,0.00022719445283952389,nan,-0.034623801423855828,-0.0078837268055115314,-0.29452499747276306,0,34,0,1,0,0,1,0,0,1,10.007255000000104,0.0072550000001037063
102,1.511164637,HOLD_CURRENT,1,2.1946523189544678,0,2.1962821483612061,0.0016298294067382812,0.00025747700258802803,nan,-0.017347848841500972,-0.0031487362328729055,0,0,34,0,1,0,0,1,0,0,1,9.9911859999999297,0.0088140000000702656
103,1.5211669299999999,HOLD_CURRENT,1,2.1946523189544678,0,2.1962821483612061,0.0016298294067382812,0.00025747700258802803,nan,5.1557568177746779e-06,0.0015848938108059291,0.098174996674060822,0,34,0,1,0,0,1,0,0,1,10.002292999999884,0.0022929999998844153
104,1.53114697,HOLD_CURRENT,1,2.1946523189544678,0,2.1960904598236084,0.001438140869140625,0.00022719445283952389,nan,-0.017354335966494459,-0.0015664231539193091,-0.36815625429153442,0,34,0,1,0,0,1,0,0,1,9.9800400000000788,0.019959999999921152
105,1.541149053,HOLD_CURRENT,1,2.1946523189544678,0,2.1962821483612061,0.0016298294067382812,0.00025747700258802803,nan,0.017373699738355841,0.014197548379888583,0,0,34,0,1,0,0,1,0,0,1,10.00208300000005,0.0020830000000504612
106,1.551144716,HOLD_CURRENT,1,2.1946523189544678,0,2.1962821483612061,0.0016298294067382812,0.00025747700258802803,nan,1.3012714553209095e-05,0.0031578497628779669,0,0,34,0,1,0,0,1,0,0,1,9.995662999999988,0.0043370000000120257
107,1.5612079379999999,HOLD_CURRENT,1,2.1946523189544678,0,2.1960904598236084,0.001438140869140625,0.00022719445283952389,nan,-0.017372596381058751,-0.0094660560816760431,-0.34361249208450317,0,34,0,1,0,0,1,0,0,1,10.063221999999872,0.06322199999987177
108,1.5712380930000001,HOLD_CURRENT,1,2.1946523189544678,0,2.1960904598236084,0.001438140869140625,0.00022719445283952389,nan,-0.017372446389562785,-0.012621584098982992,-0.36815625429153442,0,34,0,1,0,0,1,0,0,1,10.030155000000152,0.030155000000151588
109,1.581161496,HOLD_CURRENT,1,2.1946523189544678,0,2.1960904598236084,0.001438140869140625,0.00022719445283952389,nan,-0.052044236321253649,-0.014201688067538286,-0.36815625429153442,0,34,0,1,0,0,1,0,0,1,9.9234029999999418,0.076597000000058202
110,1.591162988,HOLD_CURRENT,1,2.1946523189544678,0,2.1964738368988037,0.0018215179443359375,0.00028775955233653226,nan,0.03457177302394606,0.0015639705296351541,0,-0.0078125,34,0,1,0,0,1,0,0,1,10.001492000000001,0.001492000000000715
111,1.601166112,HOLD_CURRENT,1,2.1946523189544678,0,2.1960904598236084,0.001438140869140625,0.00022719445283952389,nan,0.034726891177992603,-1.1895896569189081e-05,-0.39269998669624329,0,34,0,1,0,0,1,0,0,1,10.00312400000003,0.0031240000000298807
112,1.6111691850000001,HOLD_CURRENT,1,2.1946523189544678,0,2.1962821483612061,0.0016298294067382812,0.00025747700258802803,nan,0.034717999580950287,-0.0015885693797822969,0,0,34,0,1,0,0,1,0,0,1,10.003073000000029,0.0030730000000289692
113,1.621158264,HOLD_CURRENT,1,2.1946523189544678,0,2.1962821483612061,0.0016298294067382812,0.00025747700258802803,nan,0.017348960202417271,0.0047190965186231183,0,0,34,0,1,0,0,1,0,0,1,9.9890789999999008,0.010921000000099212
114,1.631180557,HOLD_CURRENT,1,2.1946523189544678,0,2.1958985328674316,0.0012462139129638672,0.00019687423822814843,nan,-0.08679990720262093,-0.0047550143454128078,-0.6626812219619751,-0.00390625,34,0,1,0,0,1,0,0,1,10.022293000000015,0.022293000000015439
115,1.641149161,HOLD_CURRENT,1,2.1946523189544678,0,2.1962821483612061,0.0016298294067382812,0.00025747700258802803,nan,-7.9356148692186578e-05,-0.0047589777653219536,-0.073631249368190765,-0.0078125,34,0,1,0,0,1,0,0,1,9.968603999999992,0.031396000000007973
116,1.651182084,HOLD_CURRENT,1,2.1946523189544678,0,2.1962821483612061,0.0016298294067382812,0.00025747700258802803,nan,-4.4106837986197246e-05,0.0031344512375427861,-0.049087498337030411,0,34,0,1,0,0,1,0,0,1,10.032923000000027,0.032923000000026903
117,1.661168451,HOLD_CURRENT,1,2.1946523189544678,0,2.1962821483612061,0.0016298294067382812,0.00025747700258802803,nan,0.03466298391333119,0.011032146213217908,0,0,34,0,1,0,0,1,0,0,1,9.986366999999996,0.013633000000004003
118,1.671175198,HOLD_CURRENT,1,2.1946523189544678,0,2.1958985328674316,0.0012462139129638672,0.00019687423822814843,nan,-4.7126734603563989e-05,-0.0063352724326276528,-0.46633124351501465,-0.00390625,34,0,1,0,0,1,0,0,1,10.006747000000038,0.0067470000000380281
119,1.6811416800000001,HOLD_CURRENT,1,2.1946523189544678,0,2.1960904598236084,0.001438140869140625,0.00022719445283952389,nan,-0.06945806408018397,-0.01420887144904919,-0.049087498337030411,-0.00390625,34,0,1,0,0,1,0,0,1,9.9664820000000542,0.033517999999945758
120,1.691147733,HOLD_CURRENT,1,2.1946523189544678,0,2.1962821483612061,0.0016298294067382812,0.00025747700258802803,nan,-0.017389016493053657,-0.014209268059677845,0,0.00390625,34,0,1,0,0,1,0,0,1,10.006052999999904,0.0060529999999037187
121,1.701098869,HOLD_CURRENT,1,2.1946523189544678,0,2.1962821483612061,0.0016298294067382812,0.00025747700258802803,nan,0.034746619927859421,0.0031459913789898177,0,0,34,0,1,0,0,1,0,0,1,9.9511359999999716,0.04886400000002844
122,1.7111508200000001,HOLD_CURRENT,1,2.1946523189544678,0,2.1962821483612061,0.0016298294067382812,0.00025747700258802803,nan,0.086844811937470484,0.0031500340245685975,0,-0.0078125,34,0,1,0,0,1,0,0,1,10.051951000000114,0.051951000000114433
123,1.7211509780000001,HOLD_CURRENT,1,2.1946523189544678,0,2.1960904598236084,0.001438140869140625,0.00022719445283952389,nan,-2.8834584415606825e-05,0.0031529961264873136,-0.34361249208450317,0,34,0,1,0,0,1,0,0,1,10.000157999999981,0.00015799999998122871
124,1.731140584,HOLD_CURRENT,1,2.1946523189544678,0,2.1962821483612061,0.0016298294067382812,0.00025747700258802803,nan,-0.017360330791760414,0.01262746722353277,0,0,34,0,1,0,0,1,0,0,1,9.9896059999999842,0.01039400000001578
125,1.7411002879999999,HOLD_CURRENT,1,2.1946523189544678,0,2.1962821483612061,0.0016298294067382812,0.00025747700258802803,nan,-3.9339918875977434e-05,0.003152428433907051,0.17180624604225159,-0.0078125,34,0,1,0,0,1,0,0,1,9.9597039999999026,0.040296000000097365
126,1.7510996210000001,HOLD_CURRENT,1,2.1946523189544678,0,2.1962821483612061,0.0016298294067382812,0.00025747700258802803,nan,0.017364667861627013,0.0094708920225485323,0.24543750286102295,0,34,0,1,0,0,1,0,0,1,9.9993330000001102,0.00066699999988983905
127,1.7611055900000001,HOLD_CURRENT,1,2.1946523189544678,0,2.1962821483612061,0.0016298294067382812,0.00025747700258802803,nan,0.034737920887360794,0.015784743941622978,0,0,34,0,1,0,0,1,0,0,1,10.005969000000059,0.0059690000000589549
128,1.771095861,HOLD_CURRENT,1,2.1946523189544678,0,2.1960904598236084,0.001438140869140625,0.00022719445283952389,nan,-0.034737922430112075,0.014207992343918346,-0.34361249208450317,0,34,0,1,0,0,1,0,0,1,9.9902709999999395,0.0097290000000604948
129,1.781170513,HOLD_CURRENT,1,2.1946523189544678,0,2.1962821483612061,0.0016298294067382812,0.00025747700258802803,nan,-0.017271215766179196,0.0031548344393449853,-0.024543749168515205,-0.00390625,34,0,1,0,0,1,0,0,1,10.074651999999906,0.074651999999906238
130,1.791169689,HOLD_CURRENT,1,2.1946523189544678,0,2.1962821483612061,0.0016298294067382812,0.00025747700258802803,nan,5.5975366426640853e-05,-0.0015749508696482988,-0.049087498337030411,-0.0078125,34,0,1,0,0,1,0,0,1,9.9991759999999985,0.00082400000000149021
131,1.80115684,HOLD_CURRENT,1,2.1946523189544678,0,2.1960904598236084,0.001438140869140625,0.00022719445283952389,nan,-0.017243403321453167,-0.0063071578026843989,-0.024543749168515205,0,34,0,1,0,0,1,0,0,1,9.9871510000000274,0.012848999999972577
132,1.8111874459999999,HOLD_CURRENT,1,2.1946523189544678,0,2.1960904598236084,0.001438140869140625,0.00022719445283952389,nan,-0.01724339256633969,-0.0094621435883694132,-0.024543749168515205,0,34,0,1,0,0,1,0,0,1,10.030605999999942,0.030605999999941957
133,1.821101342,HOLD_CURRENT,1,2.1946523189544678,0,2.1962821483612061,0.0016298294067382812,0.00025747700258802803,nan,-0.017444589905550163,-0.0031612730416617865,0.049087498337030411,0,34,0,1,0,0,1,0,0,1,9.9138960000000331,0.086103999999966874
134,1.831097024,HOLD_CURRENT,1,2.1946523189544678,0,2.1962821483612061,0.0016298294067382812,0.00025747700258802803,nan,0.017317086304791701,-0.0063148463412366291,0,-0.00390625,34,0,1,0,0,1,0,0,1,9.9956820000000057,0.0043179999999942709
135,1.84109656,HOLD_CURRENT,1,2.1946523189544678,0,2.1962821483612061,0.0016298294067382812,0.00025747700258802803,nan,0.052117692022195371,-0.0015869862938043447,0,0,34,0,1,0,0,1,0,0,1,9.9995360000000311,0.00046399999996893371
136,1.85109591,HOLD_CURRENT,1,2.1946523189544678,0,2.1962821483612061,0.0016298294067382812,0.00025747700258802803,nan,0.034706858665754195,0.0031454213304012279,0.024543749168515205,0,34,0,1,0,0,1,0,0,1,9.9993499999999624,0.00065000000003756497
137,1.8610971890000001,HOLD_CURRENT,1,2.1946523189544678,0,2.1962821483612061,0.0016298294067382812,0.00025747700258802803,nan,0,0.0078829738492570967,0,-0.0078125,34,0,1,0,0,1,0,0,1,10.001279000000141,0.0012790000001405843
138,1.8711127380000001,HOLD_CURRENT,1,2.1946523189544678,0,2.1960904598236084,0.001438140869140625,0.00022719445283952389,nan,-0.034701292425915652,0.0047295050250320747,-0.36815625429153442,0,34,0,1,0,0,1,0,0,1,10.015549000000012,0.01554900000001247
139,1.8811169000000001,HOLD_CURRENT,1,2.1946523189544678,0,2.1964738368988037,0.0018215179443359375,0.00028775955233653226,nan,0.017337895803842925,0.0094653746345827183,0.31906875967979431,0,34,0,1,0,0,1,0,0,1,10.004161999999983,0.0041619999999831236
140,1.8912803439999999,HOLD_CURRENT,1,2.1946523189544678,0,2.1962821483612061,0.0016298294067382812,0.00025747700258802803,nan,0.017223563710775876,0.01260464348141206,0,-0.00390625,34,0,1,0,0,1,0,0,1,10.163443999999799,0.16344399999979942
141,1.901241867,HOLD_CURRENT,1,2.1946523189544678,0,2.1962821483612061,0.0016298294067382812,0.00025747700258802803,nan,0.017200153591942498,0.015739961421530786,0.12271875143051147,0,34,0,1,0,0,1,0,0,1,9.9615230000000832,0.038476999999916828
142,1.9113161009999999,HOLD_CURRENT,1,2.1946523189544678,0,2.1962821483612061,0.0016298294067382812,0.00025747700258802803,nan,0.017174605915771499,0.0094289273995658389,-0.073631249368190765,0,34,0,1,0,0,1,0,0,1,10.07423399999996,0.074233999999959721
143,1.921234251,HOLD_CURRENT,1,2.1946523189544678,0,2.1962821483612061,0.0016298294067382812,0.00025747700258802803,nan,-0.034722570656318681,0.0015712179468701272,0,0,34,0,1,0,0,1,0,0,1,9.91815000000007,0.081849999999930034
144,1.931285688,HOLD_CURRENT,1,2.1946523189544678,0,2.1964738368988037,0.0018215179443359375,0.00028775955233653226,nan,0.034723311482550021,0.0094365016345159865,0.36815625429153442,0,34,0,1,0,0,1,0,0,1,10.051436999999996,0.051436999999996402
145,1.9413041179999999,HOLD_CURRENT,1,2.1946523189544678,0,2.1962821483612061,0.0016298294067382812,0.00025747700258802803,nan,0.017334017111340316,0.0078618561471010522,0,-0.0078125,34,0,1,0,0,1,0,0,1,10.018429999999912,0.018429999999911573
146,1.95117187,HOLD_CURRENT,1,2.1946523189544678,0,2.1960904598236084,0.001438140869140625,0.00022719445283952389,nan,-0.03465478126435783,-0.0015530705250964753,-0.39269998669624329,0,34,0,1,0,0,1,0,0,1,9.8677520000001184,0.13224799999988157
147,1.9611737810000001,HOLD_CURRENT,1,2.1946523189544678,0,2.1962821483612061,0.0016298294067382812,0.00025747700258802803,nan,-0.034666004407407178,-0.00155536182449575,0.098174996674060822,0,34,0,1,0,0,1,0,0,1,10.00191100000003,0.0019110000000299721
148,1.971289914,HOLD_CURRENT,1,2.1946523189544678,0,2.1960904598236084,0.001438140869140625,0.00022719445283952389,nan,-0.069450889207387706,-0.0094396655143701245,-0.12271875143051147,0,34,0,1,0,0,1,0,0,1,10.116132999999916,0.11613299999991611
149,1.9812898189999999,HOLD_CURRENT,1,2.1946523189544678,0,2.1960904598236084,0.001438140869140625,0.00022719445283952389,nan,-0.034662735750651812,-0.025231419420708771,-0.14726249873638153,0,34,0,1,0,0,1,0,0,1,9.9999049999999201,9.5000000079892288e-05
150,1.9912694790000001,HOLD_CURRENT,1,2.1946523189544678,0,2.1962821483612061,0.0016298294067382812,0.00025747700258802803,nan,0.017183218945587792,-0.014192018565293552,0,0,34,0,1,0,0,1,0,0,1,9.9796600000001678,0.020339999999832159
151,2.0012466400000002,HOLD_CURRENT,1,2.1946523189544678,0,2.1962821483612061,0.0016298294067382812,0.00025747700258802803,nan,0.017182693189848192,-0.011036160357479846,0,0,34,0,1,0,0,1,0,0,1,9.9771610000001232,0.022838999999876819
152,2.0112539570000001,HOLD_CURRENT,1,2.1946523189544678,0,2.1960904598236084,0.001438140869140625,0.00022719445283952389,nan,0.017349228333730461,-0.015771142716827554,-0.34361249208450317,0,34,0,1,0,0,1,0,0,1,10.007316999999905,0.0073169999999045388
153,2.0212557449999999,HOLD_CURRENT,1,2.1946523189544678,0,2.1962821483612061,0.0016298294067382812,0.00025747700258802803,nan,0.01734923667522488,-0.011033052086176732,0,0,34,0,1,0,0,1,0,0,1,10.001787999999845,0.0017879999998449136
154,2.031251551,HOLD_CURRENT,1,2.1946523189544678,0,2.1960904598236084,0.001438140869140625,0.00022719445283952389,nan,-0.034710366349471444,-0.014188800140296446,-0.12271875143051147,0.00390625,34,0,1,0,0,1,0,0,1,9.9958060000000515,0.0041939999999485167
155,2.0412143650000001,HOLD_CURRENT,1,2.1946523189544678,0,2.1962821483612061,0.0016298294067382812,0.00025747700258802803,nan,-2.8848960598528116e-05,0.0015741406649436532,0.19634999334812164,0,34,0,1,0,0,1,0,0,1,9.9628140000000975,0.037185999999902464
156,2.0511530809999998,HOLD_CURRENT,1,2.1946523189544678,0,2.1962821483612061,0.0016298294067382812,0.00025747700258802803,nan,0.03477633777941113,0.0094521840593726186,0.26998123526573181,-0.00390625,34,0,1,0,0,1,0,0,1,9.9387159999997365,0.061284000000263461
157,2.0612346650000002,HOLD_CURRENT,1,2.1946523189544678,0,2.1962821483612061,0.0016298294067382812,0.00025747700258802803,nan,0.017347815701670107,0.0078735777176449518,-0.024543749168515205,-0.0078125,34,0,1,0,0,1,0,0,1,10.081584000000365,0.081584000000365364
158,2.0712899189999998,HOLD_CURRENT,1,2.1946523189544678,0,2.1962821483612061,0.0016298294067382812,0.00025747700258802803,nan,0.034594134668504382,0.014198886700288835,-0.073631249368190765,0,34,0,1,0,0,1,0,0,1,10.055253999999625,0.055253999999624881
159,2.081244823,HOLD_CURRENT,1,2.1946523189544678,0,2.1960904598236084,0.001438140869140625,0.00022719445283952389,nan,-0.034594358916690104,0.0031481027508464838,-0.31906875967979431,-0.0078125,34,0,1,0,0,1,0,0,1,9.9549040000002087,0.045095999999791303
160,2.0911831300000001,HOLD_CURRENT,1,2.1946523189544678,0,2.1962821483612061,0.0016298294067382812,0.00025747700258802803,nan,-0.017367139344941277,-6.6243761849070059e-06,0,0,34,0,1,0,0,1,0,0,1,9.9383070000000906,0.061692999999909404
161,2.1012411530000001,HOLD_CURRENT,1,2.1946523189544678,0,2.1962821483612061,0.0016298294067382812,0.00025747700258802803,nan,-1.0577639411917994e-05,0.0047262627515795878,0,-0.00390625,34,0,1,0,0,1,0,0,1,10.058023000000027,0.058023000000027025
162,2.1112582459999998,HOLD_CURRENT,1,2.1946523189544678,0,2.1962821483612061,0.0016298294067382812,0.00025747700258802803,nan,0.017371426607424072,0.0094573896649574295,0.098174996674060822,0,34,0,1,0,0,1,0,0,1,10.017092999999644,0.017092999999643865
163,2.1212882999999998,HOLD_CURRENT,1,2.1946523189544678,0,2.1962821483612061,0.0016298294067382812,0.00025747700258802803,nan,0.034585998833233669,0.004725757578694108,0.024543749168515205,0,34,0,1,0,0,1,0,0,1,10.03005400000001,0.030054000000010461
164,2.1312527280000002,HOLD_CURRENT,1,2.1946523189544678,0,2.1962821483612061,0.0016298294067382812,0.00025747700258802803,nan,0,0.0078757543380589545,0,-0.0078125,34,0,1,0,0,1,0,0,1,9.9644280000004137,0.035571999999586268
165,2.1412467020000001,HOLD_CURRENT,1,2.1946523189544678,0,2.1962821483612061,0.0016298294067382812,0.00025747700258802803,nan,0,0.001574222262556834,-0.049087498337030411,0,34,0,1,0,0,1,0,0,1,9.9939739999999055,0.0060260000000944558
166,2.151151762,HOLD_CURRENT,1,2.1946523189544678,0,2.1962821483612061,0.0016298294067382812,0.00025747700258802803,nan,0,0.0031519945231312531,0,0,34,0,1,0,0,1,0,0,1,9.90505999999991,0.094940000000089952
167,2.1611870940000002,HOLD_CURRENT,1,2.1946523189544678,0,2.1962821483612061,0.0016298294067382812,0.00025747700258802803,nan,0,0.0047354907393641092,0,0,34,0,1,0,0,1,0,0,1,10.035332000000174,0.035332000000174446
168,2.1712834339999998,HOLD_CURRENT,1,2.1946523189544678,0,2.1960904598236084,0.001438140869140625,0.00022719445283952389,nan,-0.034802116456166342,-0.0015863173675421259,-0.34361249208450317,0,34,0,1,0,0,1,0,0,1,10.096339999999593,0.096339999999592862
169,2.1812652410000002,HOLD_CURRENT,1,2.1946523189544678,0,2.1960904598236084,0.001438140869140625,0.00022719445283952389,nan,-0.052040392323535335,-0.0063215128932557684,-0.34361249208450317,0,34,0,1,0,0,1,0,0,1,9.9818070000003978,0.018192999999602222
170,2.1912738759999999,HOLD_CURRENT,1,2.1946523189544678,0,2.1962821483612061,0.0016298294067382812,0.00025747700258802803,nan,-0.017384235329661629,-0.011045884133287661,-0.024543749168515205,0,34,0,1,0,0,1,0,0,1,10.00863499999971,0.0086349999997104021
171,2.201165305,HOLD_CURRENT,1,2.1946523189544678,0,2.1960904598236084,0.001438140869140625,0.00022719445283952389,nan,-0.017384523432206131,-0.015784459928696641,-0.36815625429153442,0,34,0,1,0,0,1,0,0,1,9.8914290000000626,0.10857099999993736
172,2.211252741,HOLD_CURRENT,1,2.1946523189544678,0,2.1960904598236084,0.001438140869140625,0.00022719445283952389,nan,4.4833550995853391e-05,-0.018939702616316133,-0.36815625429153442,0,34,0,1,0,0,1,0,0,1,10.087436000000061,0.087436000000060687
173,2.22125935,HOLD_CURRENT,1,2.1946523189544678,0,2.1962821483612061,0.0016298294067382812,0.00025747700258802803,nan,0.017442859397961055,-0.012621967577594262,-0.024543749168515205,0,34,0,1,0,0,1,0,0,1,10.006608999999944,0.0066089999999441318
174,2.2312597319999998,HOLD_CURRENT,1,2.1946523189544678,0,2.1964738368988037,0.0018215179443359375,0.00028775955233653226,nan,0.052128463721880243,0.0015766088918311963,0.31906875967979431,0,34,0,1,0,0,1,0,0,1,10.000381999999863,0.000381999999863325
175,2.2412237739999998,HOLD_CURRENT,1,2.1946523189544678,0,2.1962821483612061,0.0016298294067382812,0.00025747700258802803,nan,0.069358296196118011,0.0063040323905020589,-0.049087498337030411,-0.0078125,34,0,1,0,0,1,0,0,1,9.9640420000000063,0.035957999999993717
176,2.2512153810000002,HOLD_CURRENT,1,2.1946523189544678,0,2.1962821483612061,0.0016298294067382812,0.00025747700258802803,nan,0.034790058148754792,0.01103169921486644,0.098174996674060822,0,34,0,1,0,0,1,0,0,1,9.9916070000003465,0.0083929999996534832
177,2.2611837430000001,HOLD_CURRENT,1,2.1946523189544678,0,2.1962821483612061,0.0016298294067382812,0.00025747700258802803,nan,-0.017364097595376264,0.015782271373538919,-0.049087498337030411,0,34,0,1,0,0,1,0,0,1,9.9683619999999529,0.031638000000047128
178,2.2712301620000002,HOLD_CURRENT,1,2.1946523189544678,0,2.1960904598236084,0.001438140869140625,0.00022719445283952389,nan,-0.069488803009908437,0.012635451775114609,-0.24543750286102295,0,34,0,1,0,0,1,0,0,1,10.046419000000029,0.046419000000028632
179,2.2812439260000001,HOLD_CURRENT,1,2.1946523189544678,0,2.1960904598236084,0.001438140869140625,0.00022719445283952389,nan,-0.052055650325824369,0.001584302733839226,-0.098174996674060822,0,34,0,1,0,0,1,0,0,1,10.013763999999981,0.01376399999998057
180,2.2912375520000001,HOLD_CURRENT,1,2.1946523189544678,0,2.1962821483612061,0.0016298294067382812,0.00025747700258802803,nan,-0.017365953846231047,-0.0015679459561062617,-0.098174996674060822,0.0078125,34,0,1,0,0,1,0,0,1,9.9936259999999777,0.0063740000000223063
181,2.301237258,HOLD_CURRENT,1,2.1946523189544678,0,2.1962821483612061,0.0016298294067382812,0.00025747700258802803,nan,0.01727455952943785,0.0031619516999378543,0,0,34,0,1,0,0,1,0,0,1,9.9997059999998861,0.00029400000011392535
182,2.3112432030000001,HOLD_CURRENT,1,2.1946523189544678,0,2.1958985328674316,0.0012462139129638672,0.00019687423822814843,nan,-0.017398857559270838,-0.01736710944960243,-0.63813751935958862,-0.00390625,34,0,1,0,0,1,0,0,1,10.005945000000072,0.0059450000000715875
183,2.3212484870000001,HOLD_CURRENT,1,2.1946523189544678,0,2.1964738368988037,0.0018215179443359375,0.00028775955233653226,nan,0.034673450074612394,-0.01262318909242662,0.34361249208450317,0,34,0,1,0,0,1,0,0,1,10.005284000000003,0.005284000000003175
184,2.3312789789999999,HOLD_CURRENT,1,2.1946523189544678,0,2.1962821483612061,0.0016298294067382812,0.00025747700258802803,nan,0.017337384202843087,-0.0094598098243236037,-0.049087498337030411,0,34,0,1,0,0,1,0,0,1,10.030491999999835,0.030491999999835429
185,2.3412677550000001,HOLD_CURRENT,1,2.1946523189544678,0,2.1962821483612061,0.0016298294067382812,0.00025747700258802803,nan,0.034685552042846013,0.0031467756824609143,-0.098174996674060822,0,34,0,1,0,0,1,0,0,1,9.9887760000001435,0.01122399999985646
186,2.3512377029999998,HOLD_CURRENT,1,2.1946523189544678,0,2.1962821483612061,0.0016298294067382812,0.00025747700258802803,nan,0.052116401728416896,0.0078765386422906519,0,0,34,0,1,0,0,1,0,0,1,9.9699479999997287,0.030052000000271306
187,2.3612108009999999,HOLD_CURRENT,1,2.1946523189544678,0,2.1960904598236084,0.001438140869140625,0.00022719445283952389,nan,-0.069499045491259986,0.0047338297129672132,-0.34361249208450317,0,34,0,1,0,0,1,0,0,1,9.9730980000001246,0.026901999999875414
188,2.3711865510000001,HOLD_CURRENT,1,2.1946523189544678,0,2.1962821483612061,0.0016298294067382812,0.00025747700258802803,nan,-0.017390279902519675,0.011053206940351079,0,0,34,0,1,0,0,1,0,0,1,9.975750000000172,0.02424999999982802
189,2.3812488040000002,HOLD_CURRENT,1,2.1946523189544678,0,2.1962821483612061,0.0016298294067382812,0.00025747700258802803,nan,3.3931835468755977e-05,0.0078985244336932207,0,-0.00390625,34,0,1,0,0,1,0,0,1,10.062253000000076,0.062253000000076497
190,2.3911859450000001,HOLD_CURRENT,1,2.1946523189544678,0,2.1960904598236084,0.001438140869140625,0.00022719445283952389,nan,-0.017319166370432622,-0.0047193677152254877,-0.39269998669624329,0.00390625,34,0,1,0,0,1,0,0,1,9.9371409999999827,0.062859000000017318
191,2.4012436510000001,HOLD_CURRENT,1,2.1946523189544678,0,2.1960904598236084,0.001438140869140625,0.00022719445283952389,nan,-0.017319243057505901,-0.0078750980589614456,-0.36815625429153442,-0.00390625,34,0,1,0,0,1,0,0,1,10.057706,0.057705999999999591
192,2.4112445299999998,HOLD_CURRENT,1,2.1946523189544678,0,2.1960904598236084,0.001438140869140625,0.00022719445283952389,nan,-0.051951158393832103,-0.0094516613135301707,-0.31906875967979431,0.00390625,34,0,1,0,0,1,0,0,1,10.000878999999685,0.00087899999968499287
193,2.4212519549999998,HOLD_CURRENT,1,2.1946523189544678,0,2.1960904598236084,0.001438140869140625,0.00022719445283952389,nan,-0.034632205933650614,-0.028395943433871047,-0.36815625429153442,0,34,0,1,0,0,1,0,0,1,10.007424999999959,0.0074249999999587146
194,2.431184537,HOLD_CURRENT,1,2.1946523189544678,0,2.1962821483612061,0.0016298294067382812,0.00025747700258802803,nan,0.034632071049078415,-0.012626075515729819,0.049087498337030411,0,34,0,1,0,0,1,0,0,1,9.9325820000002452,0.067417999999754841
195,2.4411838270000001,HOLD_CURRENT,1,2.1946523189544678,0,2.1960904598236084,0.001438140869140625,0.00022719445283952389,nan,0.017348390333510696,-0.012625629871453206,-0.41724374890327454,0,34,0,1,0,0,1,0,0,1,9.999290000000105,0.00070999999989496132
196,2.451240474,HOLD_CURRENT,1,2.1946523189544678,0,2.1962821483612061,0.0016298294067382812,0.00025747700258802803,nan,0.03472433257090151,-0.0031550750982924734,-0.049087498337030411,0,34,0,1,0,0,1,0,0,1,10.056646999999863,0.056646999999863112
197,2.4612466450000001,HOLD_CURRENT,1,2.1946523189544678,0,2.1962821483612061,0.0016298294067382812,0.00025747700258802803,nan,0.03468212952838691,0.0063075082404128544,0,0,34,0,1,0,0,1,0,0,1,10.006171000000119,0.0061710000001191645
198,2.4712537719999998,HOLD_CURRENT,1,2.1946523189544678,0,2.1962821483612061,0.0016298294067382812,0.00025747700258802803,nan,0.017346679785984156,0.0063078117816570333,-0.024543749168515205,0,34,0,1,0,0,1,0,0,1,10.007126999999727,0.0071269999997269906
199,2.481285003,HOLD_CURRENT,1,2.1946523189544678,0,2.1962821483612061,0.0016298294067382812,0.00025747700258802803,nan,0.034652439880300735,0.01419514224769409,-0.073631249368190765,-0.0078125,34,0,1,0,0,1,0,0,1,10.03123100000014,0.031231000000140341
200,2.4858683359999998,FINAL_BRAKE,0,0,0,2.1962821483612061,0.0016298294067382812,0.00025747700258802803,nan,0.034652439880300735,0.01419514224769409,0,0,34,0,1,0,0,1,0,0,1,nan,nan
200,2.4988629480000002,FINAL_BRAKE,0,0,0,2.1960904598236084,0.001438140869140625,0.00022719445283952389,nan,0.034652439880300735,0.01419514224769409,-0.34361249208450317,0,34,0,1,0,0,1,0,0,1,nan,nan
200,2.5118029260000001,FINAL_BRAKE,0,0,0,2.1960904598236084,0.001438140869140625,0.00022719445283952389,nan,0.034652439880300735,0.01419514224769409,-0.073631249368190765,0,34,0,1,0,0,1,0,0,1,nan,nan
200,2.5246890890000002,FINAL_BRAKE,0,0,0,2.1962821483612061,0.0016298294067382812,0.00025747700258802803,nan,0.034652439880300735,0.01419514224769409,0.049087498337030411,0,34,0,1,0,0,1,0,0,1,nan,nan
200,2.5378217460000001,FINAL_BRAKE,0,0,0,2.1960904598236084,0.001438140869140625,0.00022719445283952389,nan,0.034652439880300735,0.01419514224769409,-0.34361249208450317,0,34,0,1,0,0,1,0,0,1,nan,nan
